/*******************************************************************************
 * Copyright 2009 The Cairo Project Authors (https://github.com/Gue3bara/Cairo)
 * SPDX-License-Identifier: OFL-1.1
 * Derived LVGL bitmap subset; see ../OFL-1.1.txt and ../README.md.
 *
 * Size: 24 px
 * Bpp: 4
 * Opts: --size 24 --bpp 4 --format lvgl --font /tmp/Cairo-3.130.ttf -r 0x20-0x7E,0x600-0x6FF,0xFB50-0xFDFF,0xFE70-0xFEFF --lv-font-name translator_cairo_24 --no-kerning -o firmware/fonts/cairo/translator_cairo_24.c
 ******************************************************************************/

#ifdef LV_LVGL_H_INCLUDE_SIMPLE
#include "lvgl.h"
#else
#include "lvgl/lvgl.h"
#endif

#ifndef TRANSLATOR_CAIRO_24
#define TRANSLATOR_CAIRO_24 1
#endif

#if TRANSLATOR_CAIRO_24

/*-----------------
 *    BITMAPS
 *----------------*/

/*Store the image of the glyphs*/
static LV_ATTRIBUTE_LARGE_CONST const uint8_t glyph_bitmap[] = {
    /* U+0020 " " */

    /* U+0021 "!" */
    0xf, 0xf0, 0x7, 0xff, 0xc, 0x40, 0x3c, 0x20,
    0x1f, 0x8c, 0x3, 0xca, 0xc0, 0xb, 0xb0, 0x7,
    0xae, 0xc0, 0x4, 0x40, 0x7, 0x0,

    /* U+0022 "\"" */
    0x6f, 0x70, 0x6f, 0x60, 0x0, 0x80, 0x63, 0x0,
    0xff, 0xe0, 0x18, 0x0, 0xc0, 0xc0, 0x9, 0x68,
    0x9, 0x68,

    /* U+0023 "#" */
    0x0, 0xa2, 0x40, 0x24, 0xa2, 0x0, 0xe4, 0x70,
    0x8, 0xd4, 0x40, 0x3f, 0xfa, 0xd, 0xfe, 0x31,
    0xff, 0xa0, 0x33, 0xf5, 0x5d, 0xc2, 0xe, 0xf1,
    0x82, 0xbd, 0x1c, 0x40, 0x86, 0x22, 0xb0, 0x98,
    0x70, 0xf, 0xfe, 0xd9, 0xcc, 0x88, 0x66, 0x6b,
    0x9, 0x93, 0xab, 0x30, 0x41, 0x9a, 0x30, 0x56,
    0xa6, 0xff, 0x18, 0xff, 0xd0, 0x19, 0xfa, 0x1,
    0xff, 0xdb,

    /* U+0024 "$" */
    0x0, 0xf2, 0xe8, 0x7, 0xf1, 0x30, 0x7, 0xf6,
    0x90, 0x7, 0x25, 0xf7, 0xab, 0x65, 0x20, 0x3d,
    0xa1, 0x28, 0x4, 0x84, 0x30, 0x3b, 0x94, 0x19,
    0x8e, 0x65, 0x7, 0x20, 0x20, 0x20, 0x8, 0x40,
    0x40, 0xc, 0x2, 0x1, 0x30, 0x28, 0x0, 0x88,
    0x1, 0x8c, 0xc5, 0xaf, 0xac, 0x1, 0xda, 0xc5,
    0x8, 0x8a, 0x50, 0x8, 0x67, 0xa8, 0x0, 0xb5,
    0x82, 0x1, 0xa, 0x85, 0xea, 0x1c, 0x80, 0x61,
    0x6, 0x2a, 0x4, 0x0, 0xc4, 0x4, 0x2, 0x2,
    0x1, 0x98, 0x40, 0x4, 0xc, 0x1, 0x88, 0x80,
    0x32, 0x1a, 0x3d, 0x97, 0x7, 0x7c, 0x86, 0xc0,
    0xee, 0x60, 0x2, 0x1c, 0x60, 0xc, 0xde, 0x8d,
    0x7e, 0x38, 0x7, 0x85, 0x80, 0x3f, 0x9c, 0x80,
    0x38,

    /* U+0025 "%" */
    0x0, 0xfc, 0x20, 0x1c, 0xbd, 0xf6, 0x20, 0x8,
    0xb0, 0x8, 0x69, 0x2d, 0x6c, 0x0, 0xfa, 0x1,
    0x28, 0x4a, 0x3a, 0x1, 0x8b, 0x80, 0x7f, 0xac,
    0xc4, 0x2, 0x50, 0xb1, 0x45, 0x5, 0xb0, 0xc,
    0x30, 0xfc, 0x72, 0x44, 0x50, 0xe, 0x7e, 0xde,
    0x25, 0x22, 0x0, 0x78, 0x48, 0x1, 0x6a, 0x1,
    0xfe, 0x13, 0xb0, 0xf, 0xf2, 0x9, 0xb7, 0x7d,
    0x0, 0x7b, 0xd0, 0xa5, 0xe9, 0x5c, 0x3, 0x97,
    0xd0, 0x25, 0x4f, 0x0, 0x32, 0x2, 0x88, 0x4,
    0xee, 0x0, 0xda, 0x80, 0x20, 0x20, 0xee, 0x0,
    0xcf, 0xa0, 0x81, 0xa, 0x7a, 0x1, 0x10, 0xb8,
    0x15, 0x3d, 0x33, 0x0, 0x22, 0xe1, 0x0, 0x2f,
    0x7c, 0x80,

    /* U+0026 "&" */
    0x0, 0x8a, 0xbb, 0xfa, 0xcc, 0x3, 0xf1, 0x62,
    0x92, 0x92, 0x61, 0x0, 0x7d, 0x42, 0xd9, 0x58,
    0xe1, 0x60, 0x1f, 0x10, 0x68, 0x5, 0x60, 0x40,
    0x1f, 0x10, 0x7, 0x38, 0x10, 0x7, 0xd6, 0x1c,
    0x1, 0x78, 0x58, 0x7, 0xc6, 0xcb, 0x9, 0xab,
    0x64, 0x1, 0xe4, 0xd6, 0x17, 0xb4, 0xf4, 0x6,
    0x80, 0x8, 0xec, 0xef, 0xa0, 0x10, 0x2, 0xb7,
    0x0, 0xa0, 0x35, 0x1, 0xe4, 0xb0, 0x80, 0x8c,
    0x2, 0x51, 0x30, 0x9, 0xa8, 0xb1, 0x81, 0x0,
    0x21, 0x10, 0x7, 0x2d, 0x8c, 0x85, 0x80, 0x44,
    0x4, 0x1, 0xc9, 0x0, 0xb, 0x0, 0x94, 0x38,
    0x40, 0x32, 0xc0, 0x9b, 0xc8, 0x2, 0xc, 0xdd,
    0x95, 0x7d, 0x43, 0xb8, 0xad, 0x60, 0xc, 0x94,
    0x25, 0x43, 0x8f, 0x30, 0xa7, 0xd0,

    /* U+0027 "'" */
    0x6f, 0x70, 0xe, 0x13, 0x0, 0xc6, 0x96, 0x80,

    /* U+0028 "(" */
    0x0, 0x1c, 0x18, 0x2, 0x1c, 0x40, 0x50, 0x88,
    0xe, 0xa, 0x0, 0xd0, 0xc0, 0x2, 0x2, 0x1,
    0x81, 0x80, 0x14, 0x14, 0x1, 0xe1, 0xc0, 0x3,
    0x2, 0x0, 0x30, 0x8, 0x7, 0xcc, 0x2, 0x0,
    0x30, 0x20, 0x7, 0x87, 0x0, 0x14, 0x10, 0x0,
    0x60, 0x40, 0x12, 0x82, 0x80, 0x3c, 0x3c, 0x0,
    0xa2, 0x80, 0x13, 0xa, 0x80,

    /* U+0029 ")" */
    0x7, 0x60, 0xd, 0x72, 0x20, 0x15, 0x83, 0x0,
    0x4a, 0x16, 0x1, 0x10, 0x98, 0x80, 0x48, 0xe,
    0x1, 0x60, 0x78, 0x4, 0xa0, 0xa0, 0x11, 0x1,
    0x80, 0x42, 0x1, 0xe1, 0x2, 0x0, 0xfe, 0x10,
    0x20, 0x0, 0x80, 0x72, 0x81, 0x80, 0x46, 0xa,
    0x1, 0x68, 0x60, 0x4, 0xa0, 0xa0, 0x4, 0x4,
    0x0, 0xb4, 0x38, 0x2, 0x71, 0x50, 0x0,

    /* U+002A "*" */
    0x0, 0xc4, 0x20, 0x10, 0x80, 0x26, 0xc0, 0xd,
    0xe8, 0x9, 0xe0, 0x6, 0x7b, 0xb0, 0x20, 0x5,
    0x30, 0x81, 0xdf, 0xe0, 0x78, 0x20, 0xcc, 0x9e,
    0x6b, 0x1, 0xcc, 0xcf, 0xea, 0x29, 0xa0, 0x10,
    0x80, 0x22, 0x80, 0x0,

    /* U+002B "+" */
    0x0, 0xc5, 0xf2, 0x1, 0xff, 0xf5, 0xbf, 0xfb,
    0x41, 0xbf, 0xf1, 0x62, 0x26, 0x2, 0x44, 0xc6,
    0xf7, 0x74, 0x82, 0x5d, 0xe1, 0x0, 0xff, 0xec,
    0x0,

    /* U+002C "," */
    0x1, 0x76, 0x5, 0x8d, 0x3, 0xd, 0xc, 0x7,
    0x5, 0x31, 0x19, 0x0,

    /* U+002D "-" */
    0x4b, 0xbf, 0x49, 0x22, 0x79, 0xc0,

    /* U+002E "." */
    0x4c, 0x72, 0x3d, 0x0, 0x80,

    /* U+002F "/" */
    0x0, 0xf9, 0x94, 0x3, 0xf4, 0x50, 0x7, 0xca,
    0x2c, 0x1, 0xf4, 0x85, 0x80, 0x78, 0xcc, 0x84,
    0x1, 0xea, 0xe, 0x0, 0xf9, 0x85, 0x40, 0x3c,
    0xc0, 0xc0, 0x1f, 0x58, 0x48, 0x7, 0x8c, 0x94,
    0x40, 0x3d, 0x21, 0xc0, 0x1e, 0x15, 0x24, 0x0,
    0xf3, 0x5, 0x0, 0x7d, 0x20, 0xc0, 0x1e, 0x41,
    0x51, 0x0, 0xf7, 0x84, 0x80, 0x78, 0x50, 0xcc,
    0x1, 0xe1, 0xfe, 0x0, 0xf8,

    /* U+0030 "0" */
    0x0, 0x8e, 0xbb, 0xfd, 0x8c, 0x1, 0xcb, 0x8a,
    0x68, 0x66, 0x9b, 0x0, 0x86, 0xc2, 0xb6, 0xf3,
    0x8d, 0x18, 0x0, 0xc2, 0xca, 0x1, 0xf, 0x85,
    0x80, 0x30, 0x34, 0x3, 0x8c, 0x8a, 0x5, 0x5,
    0x0, 0xf3, 0x83, 0x0, 0x80, 0x80, 0x78, 0x80,
    0x84, 0x4, 0x3, 0xf8, 0x40, 0x3f, 0xde, 0x0,
    0x10, 0x10, 0xf, 0xbc, 0x3, 0xff, 0x80, 0x40,
    0x40, 0x60, 0x60, 0x1e, 0x70, 0x60, 0x40, 0xa0,
    0xe, 0x22, 0x9, 0x85, 0x3, 0x28, 0x4, 0x3c,
    0x12, 0x0, 0x29, 0xa, 0xdb, 0xb7, 0x1a, 0x38,
    0x4, 0xd8, 0xa6, 0x8a, 0x73, 0x60, 0x0,

    /* U+0031 "1" */
    0x0, 0xe6, 0x83, 0x0, 0x8f, 0x65, 0xd8, 0x1,
    0x18, 0x44, 0x0, 0x16, 0xb9, 0x62, 0x0, 0xc,
    0xd1, 0xa6, 0x1, 0xf, 0x38, 0x7, 0xff, 0xfc,
    0x3, 0xfc,

    /* U+0032 "2" */
    0x3, 0x68, 0xaa, 0x4b, 0x8, 0x0, 0xb2, 0x5d,
    0x54, 0xd3, 0xca, 0x5, 0x39, 0xdf, 0xed, 0x50,
    0xa1, 0x6, 0x31, 0x0, 0x15, 0x10, 0x28, 0x7,
    0xe7, 0x2, 0x0, 0xfc, 0x20, 0x40, 0x1f, 0xa,
    0x2, 0x0, 0x7d, 0x41, 0x0, 0x1f, 0x4a, 0x21,
    0xc0, 0x3d, 0xc, 0x76, 0x1, 0xe8, 0x73, 0xc0,
    0xf, 0x3b, 0x8f, 0x0, 0x3c, 0xf0, 0x98, 0x1,
    0xe7, 0x84, 0xb0, 0xf, 0x24, 0x0, 0xd5, 0x7a,
    0x4, 0x0, 0xab, 0xf2, 0x0,

    /* U+0033 "3" */
    0x18, 0xbd, 0xff, 0x76, 0x38, 0x0, 0xdd, 0x45,
    0x10, 0x47, 0x16, 0x5, 0xdc, 0xcb, 0xb6, 0x60,
    0x10, 0xc0, 0x40, 0x38, 0xd4, 0x14, 0x3, 0xf1,
    0x80, 0x7f, 0x90, 0x10, 0x3, 0xc5, 0x64, 0xe4,
    0x0, 0x8f, 0xfb, 0x51, 0xa0, 0x2, 0xd5, 0x59,
    0x1, 0xa8, 0x2, 0x5a, 0xaa, 0xf8, 0x95, 0xc0,
    0x3e, 0x19, 0xb, 0x0, 0xfc, 0xc0, 0x20, 0x1f,
    0x9c, 0x18, 0x3, 0xe2, 0x80, 0xc6, 0xfe, 0xcb,
    0xb6, 0x69, 0x11, 0xd5, 0x94, 0x51, 0x6, 0x67,
    0xd0,

    /* U+0034 "4" */
    0x0, 0xe5, 0x83, 0x0, 0xff, 0x5b, 0x88, 0x7,
    0xf2, 0x8a, 0x10, 0x7, 0xf4, 0x87, 0x80, 0x7f,
    0x11, 0x92, 0x0, 0x7f, 0x58, 0x50, 0x7, 0xf9,
    0x81, 0xc0, 0x6, 0xe6, 0x1, 0x98, 0x18, 0x2,
    0x58, 0xb0, 0xd, 0x41, 0x60, 0x1f, 0xc6, 0x64,
    0x20, 0xf, 0xea, 0xe, 0x0, 0xff, 0x30, 0x7d,
    0x57, 0x2, 0xd2, 0x80, 0x4a, 0xbc, 0x60, 0x4b,
    0xa1, 0xff, 0xf4, 0x83, 0xfc, 0x0, 0x7f, 0xf3,
    0x80,

    /* U+0035 "5" */
    0x8, 0xbb, 0xfc, 0x80, 0x5, 0x44, 0xfc, 0x60,
    0x3, 0x37, 0xff, 0xce, 0x0, 0x16, 0x0, 0xff,
    0x8c, 0x3, 0xf8, 0x43, 0x80, 0x3f, 0x8c, 0x3e,
    0x33, 0xfd, 0xb2, 0x20, 0x19, 0xdc, 0x28, 0x83,
    0x6f, 0x20, 0x38, 0x9e, 0xdb, 0xb7, 0x28, 0xc8,
    0xb, 0xb0, 0x80, 0x6b, 0x4, 0x0, 0xfe, 0x11,
    0x0, 0x80, 0x7f, 0x8, 0x8, 0x7, 0xe4, 0x2,
    0x0, 0x8, 0x7, 0x1d, 0x5, 0x2, 0xf7, 0x32,
    0xed, 0xb8, 0x28, 0xe0, 0xee, 0x41, 0x54, 0x33,
    0x4d, 0x80, 0x0,

    /* U+0036 "6" */
    0x0, 0x96, 0xfb, 0xfd, 0xb8, 0xe0, 0x15, 0xd2,
    0x1a, 0x20, 0x45, 0xe0, 0x9, 0x43, 0xdd, 0x5d,
    0xb3, 0x60, 0x5, 0x87, 0x48, 0x3, 0xe7, 0x6,
    0x10, 0xf, 0xd8, 0x18, 0x1, 0xfc, 0xc0, 0x51,
    0x9d, 0xfd, 0x46, 0x1, 0xa5, 0xc5, 0x50, 0x17,
    0x14, 0x2, 0x8e, 0xdb, 0xb7, 0x38, 0x58, 0x38,
    0x20, 0x80, 0x68, 0x21, 0x42, 0x6, 0x0, 0xf2,
    0x1, 0x78, 0x68, 0x7, 0x8c, 0xd, 0x1, 0x80,
    0x3c, 0x80, 0xe4, 0xa3, 0x40, 0x1a, 0x84, 0xc8,
    0x2c, 0x97, 0xaf, 0x3d, 0x47, 0x80, 0x3, 0xb0,
    0x68, 0x64, 0xfe, 0x40,

    /* U+0037 "7" */
    0x1b, 0xbf, 0xe7, 0x34, 0x4f, 0xec, 0x2f, 0xff,
    0xac, 0x3, 0xfd, 0xc1, 0xc0, 0x1f, 0xa, 0x8a,
    0x80, 0x7d, 0x1, 0x20, 0x1f, 0xb, 0x3, 0x80,
    0x7c, 0xc0, 0xe0, 0x1f, 0xa4, 0x24, 0x3, 0xe6,
    0x16, 0x10, 0xf, 0xac, 0x2c, 0x3, 0xe5, 0x24,
    0x20, 0xf, 0xa4, 0x20, 0x3, 0xe4, 0x33, 0x80,
    0x3e, 0xf0, 0x90, 0xf, 0xe2, 0x50, 0xf, 0xd7,
    0xa0, 0x1e,

    /* U+0038 "8" */
    0x0, 0x9e, 0xfb, 0xfd, 0xb2, 0x40, 0x10, 0xec,
    0x21, 0xa1, 0x93, 0x6b, 0x0, 0x2c, 0x8f, 0x75,
    0x79, 0xf0, 0x12, 0x20, 0x81, 0xe4, 0x1, 0x9c,
    0xc1, 0x0, 0x40, 0x80, 0x3c, 0xc0, 0x60, 0x80,
    0xe0, 0x1c, 0x28, 0xa, 0x12, 0x12, 0xc0, 0x12,
    0x60, 0xb1, 0x81, 0x69, 0x4f, 0xfd, 0x65, 0x32,
    0x0, 0xa0, 0x85, 0x56, 0x20, 0xb3, 0x0, 0x52,
    0xab, 0xaa, 0xad, 0xa2, 0xc2, 0x15, 0xa, 0x0,
    0xe5, 0x70, 0xa2, 0x2, 0x0, 0xfb, 0x80, 0x84,
    0x8, 0x3, 0xef, 0x3, 0x21, 0xa, 0x10, 0xc,
    0xcc, 0xd, 0xa, 0x5, 0xed, 0xbc, 0xe9, 0x7,
    0x40, 0x4e, 0x73, 0x32, 0x11, 0xad, 0xc0, 0x0,

    /* U+0039 "9" */
    0x0, 0x92, 0xfb, 0xf6, 0x88, 0x3, 0xa6, 0xd0,
    0xd0, 0x17, 0x50, 0x2, 0x56, 0x1c, 0xdb, 0xda,
    0xa, 0x0, 0xa4, 0x2c, 0xc0, 0x25, 0x61, 0x70,
    0x1, 0x82, 0x0, 0x75, 0x85, 0x80, 0x61, 0x0,
    0xe2, 0x3, 0x0, 0x8, 0x18, 0x7, 0x88, 0x4,
    0x1c, 0x3c, 0x40, 0x32, 0x18, 0x18, 0x41, 0x1f,
    0x65, 0xe7, 0xd8, 0x80, 0x80, 0xe3, 0x91, 0xa0,
    0xad, 0x10, 0x8, 0x0, 0x63, 0x7f, 0xdb, 0x4a,
    0x60, 0x40, 0x1f, 0xc2, 0x22, 0x0, 0xff, 0x48,
    0x28, 0x7, 0xf3, 0xb8, 0x24, 0x0, 0x9b, 0x97,
    0x6c, 0xf8, 0xa, 0x10, 0x3, 0xb0, 0xa2, 0xc,
    0x9b, 0x54, 0x0,

    /* U+003A ":" */
    0x6f, 0xa0, 0x8, 0x8f, 0x53, 0x1c, 0x3, 0xf9,
    0x31, 0xc8, 0xf4, 0x2,

    /* U+003B ";" */
    0xe, 0xf1, 0x0, 0xe4, 0x30, 0x5, 0x60, 0x80,
    0x7f, 0xf0, 0x59, 0xc4, 0x26, 0x4, 0x81, 0x1,
    0x3, 0x43, 0xc1, 0xc1, 0x4c, 0x40,

    /* U+003C "<" */
    0x0, 0xfe, 0x12, 0x0, 0xf8, 0x63, 0x94, 0x3,
    0x86, 0x79, 0xc9, 0x0, 0x22, 0xae, 0x63, 0xad,
    0x30, 0x3a, 0xd5, 0x56, 0x61, 0x40, 0xf, 0x8a,
    0xdb, 0x46, 0x1, 0xbc, 0x7, 0xc8, 0x3, 0xd1,
    0x27, 0x3d, 0x2, 0x1, 0xcd, 0xb4, 0x6f, 0xd2,
    0x40, 0x1c, 0xbb, 0x66, 0xdb, 0x44, 0x1, 0xc9,
    0x96, 0x6a, 0xa0, 0xf, 0x93, 0x30, 0x60,

    /* U+003D "=" */
    0x7f, 0xff, 0xee, 0x24, 0x4f, 0xe7, 0x5b, 0xbf,
    0xe9, 0x0, 0xff, 0x96, 0xef, 0xfa, 0x49, 0x13,
    0xf9, 0xc0,

    /* U+003E ">" */
    0x3, 0x0, 0xff, 0x65, 0xa0, 0x7, 0xe5, 0x4b,
    0xc4, 0x0, 0xf5, 0x6b, 0x1d, 0xea, 0x80, 0x71,
    0x4f, 0x41, 0xd6, 0xb0, 0x7, 0xb, 0xf4, 0x84,
    0xe8, 0x7, 0xca, 0xc0, 0x40, 0x1c, 0xb9, 0x84,
    0x6d, 0x0, 0x9b, 0x68, 0xdf, 0xa4, 0x81, 0xfa,
    0x4d, 0xfa, 0x4, 0x2, 0x80, 0x8e, 0x81, 0x0,
    0xe9, 0xe7, 0x0, 0xf8,

    /* U+003F "?" */
    0x6, 0xad, 0xff, 0x6c, 0x90, 0x2, 0x50, 0x51,
    0x6, 0xda, 0x41, 0xdc, 0xcb, 0xb7, 0x28, 0x58,
    0x8, 0x7, 0x48, 0x10, 0x7, 0xce, 0x1, 0xfd,
    0xe1, 0x80, 0x1e, 0xa4, 0x27, 0x0, 0xc3, 0x8a,
    0x78, 0x1, 0xd8, 0x6b, 0x82, 0x1, 0x98, 0x8e,
    0x80, 0x3f, 0x50, 0x7, 0xcf, 0x48, 0x1, 0xf0,
    0xa9, 0x0, 0x7c, 0x96, 0xc0, 0x1f, 0x12, 0x78,
    0x7, 0xff, 0x8,

    /* U+0040 "@" */
    0x0, 0xf2, 0xce, 0x77, 0xfd, 0xb6, 0xe2, 0x1,
    0xfc, 0xfd, 0x4c, 0x2a, 0xb2, 0xa, 0x47, 0x48,
    0x80, 0x7b, 0x20, 0x23, 0xb6, 0xea, 0x97, 0x9f,
    0x46, 0xd8, 0x20, 0x1a, 0xcd, 0x39, 0xc4, 0x3,
    0xe5, 0xc6, 0x2d, 0x0, 0x99, 0xe, 0xc0, 0x3f,
    0xf8, 0x12, 0x86, 0xc0, 0xb, 0xe, 0x0, 0x86,
    0x37, 0xfa, 0xed, 0xec, 0x0, 0x80, 0xa0, 0x32,
    0x32, 0x0, 0xb1, 0xcd, 0x10, 0xc8, 0x1, 0x8c,
    0x4c, 0x14, 0x2c, 0x2, 0x72, 0x4e, 0xba, 0xd8,
    0x0, 0xe4, 0x3, 0xf0, 0x30, 0xa, 0xc2, 0x40,
    0x3f, 0xc6, 0xc, 0x60, 0xc0, 0x11, 0x81, 0x0,
    0x7f, 0x84, 0xd, 0x80, 0xc0, 0x31, 0x0, 0x7f,
    0xf4, 0x44, 0x3, 0x8d, 0xc0, 0xc0, 0x31, 0x80,
    0x70, 0x80, 0x70, 0x80, 0x88, 0x18, 0x2, 0x21,
    0x10, 0x6, 0x20, 0xf0, 0x9, 0x41, 0x48, 0xc,
    0x2, 0x50, 0x90, 0x8, 0xb8, 0xc, 0x0, 0x46,
    0x43, 0x81, 0xa0, 0x14, 0x8b, 0xdc, 0xe6, 0xa9,
    0x25, 0x4e, 0x5, 0x82, 0x2, 0x88, 0x0, 0x71,
    0x54, 0xc1, 0x1d, 0x8a, 0xa6, 0x39, 0x60, 0x3,
    0x85, 0x80, 0x45, 0x5d, 0xf8, 0xe2, 0x2a, 0xff,
    0x6b, 0x0, 0x52, 0x2b, 0x0, 0x1f, 0xfc, 0x61,
    0xd0, 0x7c, 0x50, 0xf, 0xfe, 0x29, 0xf2, 0x1d,
    0x7e, 0xdd, 0x55, 0x6e, 0x1, 0xfe, 0x1b, 0xd8,
    0x50, 0x55, 0xe0, 0xf, 0xc0,

    /* U+0041 "A" */
    0x0, 0xc3, 0xff, 0x94, 0x3, 0xf2, 0x1, 0xa8,
    0x78, 0x7, 0xec, 0x8, 0xa0, 0x40, 0xf, 0xce,
    0x8, 0xa, 0x26, 0x1, 0xe3, 0x14, 0x0, 0x60,
    0x58, 0x7, 0x90, 0x34, 0x0, 0xe0, 0x80, 0x1e,
    0xb0, 0x40, 0x0, 0x91, 0x88, 0x7, 0x19, 0x10,
    0x2, 0x50, 0x40, 0xc, 0xa0, 0x80, 0x1b, 0x3,
    0xc0, 0x36, 0x6, 0x80, 0x64, 0x4, 0x0, 0xce,
    0x1f, 0x55, 0xc2, 0x23, 0x0, 0x10, 0x82, 0x2a,
    0xf0, 0x82, 0x0, 0x14, 0x23, 0xff, 0xd8, 0x16,
    0x0, 0xc0, 0x40, 0xf, 0x18, 0x98, 0x1, 0x4,
    0xc0, 0x3e, 0x70, 0x55, 0x3, 0x80, 0x7e, 0xc0,
    0xc0,

    /* U+0042 "B" */
    0xff, 0xfb, 0xa8, 0xc0, 0x32, 0xae, 0x40, 0x5c,
    0x30, 0xa, 0xab, 0x5f, 0x30, 0x78, 0x7, 0xf4,
    0x81, 0x80, 0x7f, 0xf2, 0x48, 0xc, 0x3, 0xf1,
    0xf0, 0x40, 0x5, 0xff, 0xd8, 0x74, 0x80, 0x12,
    0xaf, 0x10, 0x5a, 0x80, 0x55, 0x5d, 0xb6, 0x34,
    0x20, 0x1f, 0x91, 0x81, 0xc0, 0x3f, 0xb8, 0x4,
    0x3, 0xfb, 0x80, 0x40, 0x3f, 0x1b, 0x2, 0x0,
    0x2a, 0xbb, 0x30, 0xc, 0x40, 0x5, 0x5e, 0x24,
    0xa9, 0x0,

    /* U+0043 "C" */
    0x0, 0x9f, 0x3b, 0xfd, 0xb7, 0x0, 0x1, 0xd8,
    0x33, 0x21, 0x82, 0xb8, 0x2, 0xc8, 0xfb, 0x6f,
    0x37, 0xbc, 0x5, 0x43, 0x44, 0x3, 0xe4, 0x4,
    0x10, 0xf, 0xc4, 0x6, 0x1, 0xfd, 0xe1, 0xc0,
    0x1f, 0xc2, 0x1, 0xff, 0xcb, 0x10, 0xf, 0xfb,
    0xc3, 0x80, 0x3f, 0x88, 0xc, 0x3, 0xf9, 0x1,
    0x4, 0x3, 0xf0, 0xa8, 0x68, 0x80, 0x7e, 0xb2,
    0x3e, 0xcb, 0xb6, 0x6f, 0x80, 0x7, 0x60, 0xc9,
    0x10, 0x42, 0xc0,

    /* U+0044 "D" */
    0xff, 0xfb, 0x64, 0x80, 0x39, 0x57, 0x21, 0xb6,
    0xa0, 0x6, 0xaa, 0xd7, 0xd0, 0x16, 0x20, 0x1f,
    0xce, 0xa1, 0x20, 0x1f, 0xee, 0x4, 0x0, 0xff,
    0x20, 0x18, 0x7, 0xff, 0x4, 0x40, 0x3f, 0xc2,
    0x6, 0x1, 0xff, 0xc0, 0x30, 0xf, 0xf0, 0x80,
    0x80, 0x7f, 0x8, 0x8, 0x7, 0xf9, 0x1, 0x40,
    0x3f, 0xd2, 0x1a, 0x1, 0xfd, 0x26, 0x2c, 0x1,
    0x55, 0x6b, 0xe6, 0x1d, 0x0, 0xca, 0xb9, 0xd,
    0xfc, 0xc0, 0x0,

    /* U+0045 "E" */
    0xff, 0xff, 0x10, 0x1, 0x57, 0xf1, 0x80, 0x2a,
    0xbf, 0x8, 0x7, 0xff, 0x8b, 0xff, 0xd6, 0x1,
    0x95, 0x7d, 0x80, 0x1a, 0xab, 0xce, 0x1, 0xff,
    0xe4, 0xaa, 0xfc, 0x20, 0x5, 0x5f, 0xc6,

    /* U+0046 "F" */
    0xff, 0xff, 0x0, 0x15, 0x7f, 0x0, 0x2a, 0xbf,
    0x0, 0x7f, 0xfa, 0x3f, 0xfd, 0x60, 0x12, 0xaf,
    0xb0, 0x2, 0xaa, 0xf3, 0x80, 0x7f, 0xf9, 0xc0,

    /* U+0047 "G" */
    0x0, 0x96, 0xfb, 0xfd, 0xd9, 0x50, 0x20, 0xb,
    0xa4, 0x34, 0x41, 0xa, 0x39, 0x84, 0x21, 0x66,
    0xdd, 0xb3, 0x7b, 0xc8, 0x1c, 0x3c, 0xc0, 0x3f,
    0x28, 0x21, 0x0, 0x7f, 0x10, 0x18, 0x7, 0xfb,
    0x83, 0x80, 0x3f, 0xc6, 0x6, 0x1, 0x92, 0xab,
    0x10, 0x7, 0xc4, 0xab, 0x84, 0xc0, 0xc0, 0x33,
    0x7f, 0x90, 0x1, 0xc1, 0xc0, 0x1f, 0xe2, 0x3,
    0x0, 0xff, 0x28, 0x20, 0x80, 0x7f, 0x98, 0x30,
    0x80, 0x3f, 0xa5, 0xb, 0x75, 0x76, 0xcd, 0x40,
    0xd, 0x74, 0x86, 0x88, 0x20, 0x57, 0x20,

    /* U+0048 "H" */
    0xff, 0x0, 0x7e, 0xbf, 0x30, 0xf, 0xff, 0xf8,
    0x7, 0x7f, 0xfe, 0x40, 0xc, 0xab, 0xf8, 0x40,
    0x35, 0x57, 0xe5, 0x0, 0xff, 0xff, 0x80, 0x70,

    /* U+0049 "I" */
    0xff, 0x0, 0x7f, 0xf4, 0x80,

    /* U+004A "J" */
    0x0, 0xbb, 0xc0, 0x3f, 0xff, 0xe0, 0x1f, 0x8,
    0x6, 0x20, 0x10, 0x6b, 0xd0, 0x70, 0xe4, 0x27,
    0x90,

    /* U+004B "K" */
    0xff, 0x0, 0x79, 0xfe, 0xc0, 0x3f, 0xc, 0x4,
    0x80, 0x7e, 0x80, 0x62, 0x0, 0xf8, 0x98, 0x60,
    0x3, 0xf4, 0x84, 0x8, 0x7, 0xca, 0x84, 0xc0,
    0x1f, 0xa0, 0x38, 0x3, 0xd5, 0x4c, 0x25, 0x30,
    0xf, 0x2a, 0x8c, 0x3, 0xfb, 0xfd, 0xc2, 0xa8,
    0x1, 0xf8, 0x60, 0x24, 0x3, 0xf9, 0x8c, 0xa0,
    0x3, 0xfb, 0x81, 0xc8, 0x3, 0xf1, 0x38, 0x48,
    0x7, 0xf4, 0xa, 0x28, 0x7, 0xf5, 0x5, 0x88,

    /* U+004C "L" */
    0xff, 0x0, 0x7f, 0xff, 0xc0, 0x3f, 0xfe, 0xb7,
    0x7f, 0x10, 0x1, 0x13, 0xe1,

    /* U+004D "M" */
    0xff, 0xa8, 0x3, 0xf3, 0xff, 0xc4, 0x1, 0x28,
    0x7, 0xea, 0x0, 0xf3, 0x82, 0x80, 0x78, 0x88,
    0x86, 0x1, 0xa8, 0x38, 0x3, 0xd4, 0x1c, 0x1,
    0xc4, 0x44, 0x0, 0xf2, 0x82, 0x80, 0x7a, 0x81,
    0x40, 0x31, 0x92, 0x80, 0x7c, 0xc1, 0xc0, 0x1a,
    0xc3, 0x80, 0x3e, 0x13, 0x41, 0x0, 0x98, 0x50,
    0x3, 0xf5, 0x3, 0x80, 0xc, 0x5c, 0x3, 0xf9,
    0xc3, 0x40, 0x14, 0x14, 0x1, 0xfc, 0x28, 0x81,
    0x7, 0x13, 0x0, 0xff, 0x70, 0x3a, 0xb, 0x0,
    0x7f, 0xca, 0x15, 0xa1, 0x40, 0x1f, 0xfc, 0x5,
    0x36, 0x22, 0x0, 0x7f, 0xf0, 0x38, 0x1, 0x40,
    0x1f, 0xfc, 0x14, 0x99, 0x30, 0x7, 0xc0,

    /* U+004E "N" */
    0xff, 0xb0, 0x3, 0xd7, 0xe6, 0x0, 0x23, 0x30,
    0x7, 0xfb, 0x82, 0x40, 0x3f, 0xc6, 0x65, 0x20,
    0xf, 0xf4, 0x85, 0x0, 0x7f, 0x94, 0x5c, 0x3,
    0xfe, 0x90, 0x60, 0xf, 0xf3, 0x5, 0x80, 0x7f,
    0x85, 0x89, 0x0, 0x3f, 0xd6, 0x1e, 0x1, 0xfe,
    0x24, 0x41, 0x0, 0x7f, 0xbc, 0x2c, 0x3, 0xfc,
    0x84, 0xc2, 0x1, 0xfe, 0xb0, 0x60, 0xf, 0xf3,
    0xc, 0xa8, 0x7, 0xfa, 0x44, 0x40, 0x0,

    /* U+004F "O" */
    0x0, 0x96, 0xfb, 0xfd, 0xb4, 0x80, 0x1d, 0x54,
    0x43, 0x44, 0x1a, 0xdb, 0x80, 0x4e, 0xa3, 0x9b,
    0x76, 0xeb, 0x8, 0x50, 0x4, 0x86, 0x98, 0x6,
    0x4a, 0x9, 0x4, 0x13, 0x30, 0x7, 0x94, 0x4c,
    0x4c, 0x10, 0x3, 0xf2, 0x82, 0xf0, 0x70, 0x7,
    0xe2, 0x2, 0x0, 0x18, 0x7, 0xe1, 0x1, 0x30,
    0xf, 0xfe, 0x9, 0x81, 0x80, 0x7e, 0x10, 0x1e,
    0xe, 0x0, 0xfc, 0x60, 0x66, 0x3, 0x0, 0xfc,
    0xe0, 0xea, 0x8, 0x40, 0x1e, 0x32, 0x12, 0x17,
    0xf, 0x20, 0xc, 0x7a, 0x10, 0x0, 0x84, 0x2d,
    0xd5, 0xdb, 0x70, 0x55, 0x80, 0x2b, 0x94, 0x34,
    0x41, 0xa5, 0x50, 0x0,

    /* U+0050 "P" */
    0xff, 0xfb, 0x64, 0x80, 0x32, 0xae, 0x40, 0x6d,
    0x40, 0xa, 0xab, 0x5e, 0xc0, 0x50, 0x7, 0xf3,
    0x90, 0x98, 0x7, 0xf3, 0x83, 0x0, 0x7f, 0x18,
    0x18, 0x7, 0xf1, 0x1, 0x0, 0x7e, 0x14, 0x5,
    0x0, 0xf0, 0xa6, 0x3, 0x8, 0x3, 0xff, 0x75,
    0x92, 0x48, 0x4, 0xab, 0x99, 0xf2, 0xc0, 0x35,
    0x56, 0x98, 0x30, 0xf, 0xff, 0x38,

    /* U+0051 "Q" */
    0x0, 0x96, 0xfb, 0xfd, 0xb4, 0x80, 0x1d, 0x54,
    0x43, 0x44, 0x1a, 0xdb, 0x80, 0x4e, 0xa3, 0x9b,
    0x76, 0xeb, 0x8, 0x50, 0x4, 0x86, 0x98, 0x6,
    0x4a, 0x8, 0x4, 0x13, 0x30, 0x7, 0x94, 0x48,
    0x4c, 0x10, 0x3, 0xf2, 0x82, 0xf0, 0x70, 0x7,
    0xe2, 0x2, 0x0, 0x18, 0x7, 0xe1, 0x1, 0x30,
    0xf, 0xfe, 0x9, 0x81, 0x80, 0x7e, 0x10, 0x1e,
    0xe, 0x0, 0xfc, 0x60, 0x66, 0x3, 0x0, 0xfc,
    0xe0, 0xea, 0x8, 0x40, 0x1e, 0x32, 0x12, 0x16,
    0xf, 0x20, 0xc, 0x7a, 0x10, 0x0, 0x94, 0x2d,
    0xd5, 0xdb, 0x70, 0x5d, 0x80, 0x2b, 0x94, 0x34,
    0x40, 0x0, 0x64, 0x3, 0x9a, 0xfb, 0xfd, 0xaa,
    0x30, 0x1, 0xff, 0x58, 0x32, 0x0, 0x7f, 0x86,
    0x44, 0x80, 0x3f, 0xe6, 0xe6, 0x0,

    /* U+0052 "R" */
    0xff, 0xfb, 0xa9, 0x0, 0x32, 0xaf, 0x1a, 0xdb,
    0x80, 0x55, 0x5d, 0xb4, 0x10, 0x20, 0x1f, 0x95,
    0x1, 0xc0, 0x3f, 0x8c, 0x4, 0x3, 0xf8, 0x40,
    0x40, 0x3f, 0x90, 0x14, 0x3, 0xe2, 0xa2, 0x33,
    0x0, 0x3f, 0xfb, 0x54, 0xf4, 0x2, 0x55, 0xc6,
    0xb, 0x82, 0x1, 0x55, 0x6d, 0x5, 0x10, 0xf,
    0xc2, 0xe1, 0x20, 0x1f, 0xd2, 0xe, 0x20, 0x1f,
    0x85, 0x41, 0x80, 0x3f, 0xa0, 0x24, 0x3, 0xf8,
    0x90, 0x58,

    /* U+0053 "S" */
    0x0, 0x3e, 0x77, 0xfb, 0xb2, 0x90, 0x76, 0xc,
    0x91, 0x4, 0x2a, 0x52, 0x49, 0xd9, 0x76, 0xcd,
    0xf6, 0x40, 0x81, 0x0, 0xf8, 0x40, 0x40, 0x3f,
    0x38, 0x28, 0x7, 0xe9, 0x8, 0xa5, 0x10, 0xe,
    0x3b, 0x25, 0xae, 0xd9, 0x40, 0x9, 0x37, 0x52,
    0xa0, 0xd7, 0x60, 0xc, 0x4d, 0x5b, 0x86, 0x90,
    0x1, 0xf1, 0xf8, 0x20, 0x7, 0xe2, 0x1, 0x0,
    0xfc, 0xa0, 0xc0, 0x1f, 0xc, 0x86, 0xcf, 0xee,
    0x5d, 0x67, 0x12, 0x36, 0x28, 0x92, 0x29, 0x1c,
    0xd8, 0x0,

    /* U+0054 "T" */
    0xbf, 0xff, 0xf9, 0x71, 0x13, 0x8, 0x1a, 0x26,
    0x67, 0xbb, 0xc8, 0x11, 0x77, 0x8c, 0x3, 0xff,
    0xfe, 0x1, 0xff, 0xff, 0x0, 0xff, 0xe3, 0x80,

    /* U+0055 "U" */
    0x1f, 0xd0, 0xf, 0x97, 0xe4, 0x3, 0xff, 0xfe,
    0x1, 0xff, 0xeb, 0x10, 0xf, 0xe3, 0x1, 0x1,
    0x21, 0x0, 0xf6, 0x7, 0x3, 0x86, 0x90, 0x6,
    0x65, 0x7, 0x9, 0x23, 0xdd, 0x5e, 0x74, 0x85,
    0x8, 0x3, 0x65, 0xd, 0xc, 0xcd, 0xaa, 0x0,

    /* U+0056 "V" */
    0x4f, 0xb0, 0xf, 0xd7, 0xe8, 0x80, 0x40, 0xf,
    0xc8, 0x8, 0x6, 0x6, 0x1, 0xe3, 0x4, 0x0,
    0x58, 0x20, 0x7, 0xac, 0x30, 0x0, 0x81, 0x80,
    0x1e, 0x40, 0x40, 0x1, 0x8a, 0x0, 0x78, 0xc4,
    0xc0, 0x24, 0x4, 0x0, 0xc8, 0x8, 0x1, 0xb0,
    0x30, 0x3, 0x60, 0x60, 0x6, 0x40, 0x40, 0xc,
    0xa0, 0x80, 0x18, 0x88, 0x62, 0x0, 0x12, 0x28,
    0x3, 0x90, 0x10, 0x0, 0x80, 0x80, 0x1e, 0xc0,
    0xc0, 0x6, 0x6, 0x0, 0x79, 0x1, 0x0, 0x8,
    0x8, 0x1, 0xe1, 0x32, 0x12, 0x21, 0x88, 0x7,
    0xc8, 0x1b, 0xc0, 0x80, 0x1f, 0xac, 0xc, 0xc1,
    0x80, 0x18,

    /* U+0057 "W" */
    0x2f, 0xd0, 0xf, 0x4f, 0xf0, 0x7, 0xa3, 0xdc,
    0x80, 0x80, 0x3c, 0x80, 0x24, 0x1, 0xc6, 0x6,
    0x6, 0x6, 0x1, 0xc4, 0x20, 0xe0, 0x1c, 0xa0,
    0xa0, 0x80, 0xa0, 0x19, 0x2, 0x43, 0x0, 0x30,
    0x88, 0x84, 0x34, 0x3c, 0x3, 0x60, 0x29, 0x20,
    0x6, 0x50, 0x70, 0x3, 0x82, 0x80, 0x64, 0x12,
    0x42, 0x10, 0x8, 0xc3, 0x40, 0x4, 0x26, 0x1,
    0x8d, 0x43, 0xc1, 0x40, 0x2d, 0x4, 0x0, 0x94,
    0x8, 0x0, 0x61, 0x80, 0x81, 0x80, 0x13, 0x81,
    0x80, 0x46, 0xe, 0x0, 0x40, 0x40, 0x21, 0x40,
    0x8, 0x8c, 0x3, 0x60, 0x68, 0x3, 0x0, 0xc0,
    0xa, 0x60, 0x3, 0x5, 0x0, 0xca, 0x8, 0x0,
    0x53, 0x0, 0xb0, 0xc, 0x10, 0x3c, 0x3, 0x8,
    0x8c, 0x8, 0x50, 0x2, 0x30, 0x40, 0xd0, 0x40,
    0xe, 0x40, 0x24, 0xd, 0x0, 0x90, 0x30, 0x1c,
    0x8, 0x3, 0xb4, 0x1f, 0x1, 0x0, 0x31, 0xa8,
    0x11, 0x80, 0x78, 0xc2, 0x50, 0x84, 0x3, 0x28,
    0xd8, 0x20, 0x7, 0x90, 0xc, 0x5c, 0x3, 0xb0,
    0x10, 0x34, 0x2,

    /* U+0058 "X" */
    0x4f, 0xd0, 0xf, 0x9b, 0xe9, 0x14, 0xa0, 0x3,
    0x86, 0x2, 0xc2, 0xc5, 0xc8, 0x3, 0x40, 0xc8,
    0x80, 0xc0, 0x48, 0x4, 0x6c, 0x6c, 0x1, 0x32,
    0x21, 0x40, 0x1c, 0x1c, 0x1, 0xd2, 0x16, 0xe,
    0x4e, 0x40, 0x1c, 0x4e, 0x35, 0x5, 0x0, 0x1f,
    0x41, 0x28, 0x48, 0x7, 0xf3, 0x80, 0x18, 0x3,
    0xf2, 0xa8, 0xc3, 0x80, 0x3e, 0x1b, 0x1d, 0x53,
    0x60, 0xf, 0x58, 0xd8, 0xd8, 0xc8, 0x80, 0x64,
    0x54, 0x50, 0x18, 0xa, 0x0, 0xd4, 0x12, 0x1,
    0x31, 0xa2, 0x80, 0x24, 0x60, 0x80, 0x37, 0x5,
    0x89, 0xb1, 0xb8, 0x7, 0x13, 0x8d, 0x80,

    /* U+0059 "Y" */
    0x7f, 0xa0, 0xf, 0xaf, 0xd9, 0xc5, 0x4c, 0x3,
    0x91, 0x4, 0xc1, 0x61, 0xe0, 0x1d, 0x21, 0x20,
    0x5, 0x33, 0x20, 0x4, 0xc4, 0x88, 0x0, 0xbc,
    0x24, 0x2, 0x80, 0x90, 0xc, 0x6a, 0x4c, 0xe,
    0x2c, 0x40, 0x1d, 0x61, 0x5, 0x3, 0x0, 0x1e,
    0x17, 0x1c, 0x9, 0x10, 0xf, 0xa0, 0x44, 0x4e,
    0x1, 0xfc, 0xc1, 0x40, 0x1f, 0xef, 0x0, 0xff,
    0xfe, 0x0,

    /* U+005A "Z" */
    0xff, 0xff, 0x6a, 0xaf, 0xe3, 0x0, 0x55, 0x7e,
    0x60, 0x50, 0xf, 0x99, 0x4e, 0x0, 0x3c, 0x52,
    0x1c, 0x1, 0xf7, 0x85, 0x10, 0x7, 0xa4, 0x99,
    0x40, 0x3c, 0xac, 0x52, 0x1, 0xe1, 0xb0, 0xf0,
    0xf, 0xb4, 0x64, 0x80, 0x3d, 0x6, 0xac, 0x1,
    0xe4, 0x71, 0xb0, 0xf, 0xd, 0x6, 0x88, 0x7,
    0xa8, 0x60, 0xc0, 0x3e, 0x40, 0xbb, 0xfd, 0x20,
    0x3, 0x44, 0xfc,

    /* U+005B "[" */
    0x1a, 0xad, 0x26, 0xab, 0x98, 0x0, 0x7f, 0xf0,
    0x7, 0xff, 0xfc, 0x3, 0xff, 0x96, 0x55, 0x49,
    0x0, 0xa, 0xa9, 0x80,

    /* U+005C "\\" */
    0x4, 0x40, 0x7, 0xc3, 0x74, 0x1, 0xf0, 0xa8,
    0xa8, 0x7, 0xd0, 0x12, 0x1, 0xf1, 0x21, 0xa0,
    0x7, 0xde, 0x1e, 0x1, 0xf2, 0x1a, 0x10, 0x7,
    0xd2, 0x10, 0x1, 0xf2, 0x8a, 0x88, 0x7, 0xd2,
    0x12, 0x1, 0xf3, 0x8b, 0x80, 0x7e, 0x60, 0x70,
    0xf, 0xa4, 0x24, 0x3, 0xe1, 0x51, 0x50, 0xf,
    0xa0, 0x20, 0x3, 0xe2, 0x42, 0x40, 0xf, 0xbc,
    0x34, 0x3, 0xe4, 0xc9,

    /* U+005D "]" */
    0xa, 0xae, 0x0, 0x2a, 0xf0, 0x3, 0xfe, 0x20,
    0xf, 0xff, 0xf8, 0x7, 0xff, 0x72, 0xaa, 0x20,
    0x9, 0x56, 0x0, 0x80,

    /* U+005E "^" */
    0x0, 0xcf, 0xf8, 0x1, 0xf8, 0x60, 0xd, 0x40,
    0x3e, 0x80, 0xa1, 0x80, 0xf, 0x13, 0x22, 0xc1,
    0x38, 0x7, 0x48, 0x40, 0x31, 0x40, 0x80, 0x48,
    0x85, 0x30, 0x4, 0x5, 0x80, 0x50, 0x10, 0x1,
    0x29, 0xa9, 0x83, 0x1b, 0x10, 0x6, 0xf0, 0xf0,

    /* U+005F "_" */
    0x59, 0x9f, 0xe7, 0xd6, 0x6f, 0xec,

    /* U+0060 "`" */
    0x2, 0x10, 0xe, 0xee, 0x49, 0x0, 0x52, 0x8d,
    0xb6, 0x60, 0xb7, 0xd0, 0xd6, 0x1, 0xb, 0xec,
    0x0,

    /* U+0061 "a" */
    0x3, 0xac, 0xef, 0xf7, 0x48, 0x80, 0x4e, 0xce,
    0x8a, 0xa0, 0x6a, 0x0, 0x93, 0x2e, 0xaa, 0xf1,
    0x41, 0x0, 0xfc, 0x28, 0x4, 0x1, 0xf0, 0x98,
    0x80, 0x73, 0x5f, 0x7f, 0x62, 0x0, 0x68, 0x96,
    0x9b, 0xcd, 0x50, 0xc, 0xc1, 0x8e, 0x86, 0x40,
    0x1c, 0x23, 0x0, 0x7f, 0x8, 0xc0, 0x18, 0x41,
    0xc0, 0xc, 0x1f, 0x32, 0xbf, 0x40, 0x94, 0x8,
    0x73, 0x67, 0x8, 0xc5, 0x3c,

    /* U+0062 "b" */
    0x4f, 0x90, 0xf, 0xff, 0x51, 0x46, 0x7f, 0xb1,
    0x80, 0x32, 0x38, 0x2a, 0x1c, 0xc0, 0x4, 0xbf,
    0x95, 0x78, 0xe, 0x1, 0x18, 0x6, 0x34, 0x4,
    0x0, 0xfc, 0x60, 0x40, 0x1f, 0xbc, 0x3, 0xfd,
    0xe0, 0x1f, 0xe1, 0x3, 0x0, 0xfc, 0x80, 0xe0,
    0x1f, 0x39, 0x14, 0x0, 0x7a, 0xa5, 0xf4, 0x4,
    0x83, 0x90, 0xaa, 0x90, 0xdb, 0x50, 0x0,

    /* U+0063 "c" */
    0x0, 0x3e, 0x77, 0xf6, 0x28, 0x5c, 0x19, 0x2a,
    0x80, 0x8, 0x82, 0xec, 0xab, 0xc5, 0xc0, 0xb1,
    0x0, 0xe3, 0x5, 0x0, 0xf3, 0x80, 0x80, 0x79,
    0xc0, 0x3f, 0xc2, 0x1, 0xe3, 0x5, 0x0, 0xf6,
    0x4, 0x10, 0x7, 0x22, 0x7, 0x72, 0xaa, 0x40,
    0xb8, 0x23, 0x54, 0x61,

    /* U+0064 "d" */
    0x0, 0xfd, 0xde, 0x1, 0xff, 0xde, 0x6c, 0xef,
    0xec, 0x10, 0x4, 0xc8, 0xd5, 0x90, 0x2, 0x36,
    0x1d, 0xb9, 0xac, 0x10, 0xb0, 0x92, 0x0, 0xf1,
    0x82, 0x0, 0x7c, 0xe0, 0x20, 0x1f, 0xc6, 0x1,
    0xfc, 0x60, 0x1f, 0x28, 0x20, 0x7, 0xd8, 0x16,
    0x1, 0x8c, 0x0, 0xa6, 0x5d, 0x76, 0xec, 0x10,
    0x6, 0xb0, 0x22, 0xa5, 0x90, 0x0,

    /* U+0065 "e" */
    0x0, 0x2d, 0xf7, 0xf4, 0x88, 0x4, 0xf4, 0xae,
    0xc4, 0xde, 0x40, 0x50, 0x9d, 0x32, 0xc9, 0x18,
    0x5, 0xf, 0x0, 0xcc, 0x8, 0x18, 0xe, 0x45,
    0xe1, 0x7, 0xc, 0xdd, 0xe2, 0x0, 0xd3, 0x55,
    0xf0, 0x38, 0x2a, 0xfe, 0x2, 0x5, 0x0, 0xfd,
    0xa1, 0x62, 0x1, 0xf2, 0x20, 0xba, 0xea, 0xb3,
    0x80, 0x2e, 0x9, 0x15, 0x48, 0xe0, 0x0,

    /* U+0066 "f" */
    0x0, 0xa3, 0xbf, 0xda, 0x0, 0x67, 0x14, 0x54,
    0x0, 0x60, 0x55, 0xd4, 0x80, 0x4, 0x1c, 0x3,
    0x9c, 0xc, 0x2, 0x4f, 0x30, 0xef, 0xf4, 0xb3,
    0x4, 0x19, 0xac, 0x29, 0x20, 0x89, 0x92, 0x80,
    0x7f, 0xff, 0x0,

    /* U+0067 "g" */
    0x2, 0x9d, 0xff, 0xf7, 0xe, 0x33, 0x1d, 0xc6,
    0x3, 0x12, 0xc2, 0xf7, 0x10, 0xc4, 0x14, 0x7d,
    0xc, 0x0, 0xd8, 0xa, 0x6, 0x2, 0x1, 0xb8,
    0xc, 0x34, 0x2d, 0x48, 0xdd, 0x81, 0x1, 0x24,
    0x6b, 0x72, 0x6, 0xc4, 0x0, 0xe0, 0xd7, 0x6d,
    0xe4, 0x0, 0x9c, 0x35, 0x10, 0x40, 0x1d, 0xc0,
    0xe0, 0x1f, 0xb4, 0x3a, 0x66, 0x85, 0x10, 0xc,
    0x4c, 0xd3, 0xd7, 0x12, 0xd3, 0x7f, 0xee, 0x60,
    0xb9, 0x8, 0x0, 0xc3, 0x40, 0x4e, 0xa, 0x1,
    0xc8, 0x5, 0xa1, 0x76, 0x98, 0x9d, 0x81, 0xb6,
    0xa4, 0x56, 0x76, 0x17, 0xf2,

    /* U+0068 "h" */
    0x4f, 0x90, 0xf, 0xff, 0x51, 0xbd, 0xf7, 0xf4,
    0x0, 0x65, 0x87, 0x44, 0xb, 0xc8, 0x4, 0x9f,
    0x95, 0x7a, 0xc, 0x1, 0x10, 0x6, 0x23, 0x2,
    0x0, 0xfc, 0xa0, 0xc0, 0x1f, 0xff, 0xf0, 0x0,

    /* U+0069 "i" */
    0x4f, 0x90, 0x9, 0x36, 0x0, 0x85, 0x3e, 0x40,
    0x3f, 0xfa, 0xa0,

    /* U+006A "j" */
    0x0, 0x93, 0xe4, 0x3, 0xf9, 0x36, 0x0, 0x31,
    0x8, 0x4, 0x9f, 0x20, 0x1f, 0xff, 0x91, 0x1,
    0x0, 0xbc, 0x34, 0x0, 0xea, 0x2a, 0x19, 0x5,
    0x80, 0x6, 0x7d, 0x20, 0x5, 0x40, 0x4,

    /* U+006B "k" */
    0x4f, 0x90, 0xf, 0xff, 0x7c, 0x7c, 0x80, 0x7c,
    0x6e, 0x52, 0x1, 0xf7, 0x7, 0x0, 0x7d, 0x24,
    0xe6, 0x1, 0xe3, 0x62, 0x80, 0xe, 0x6f, 0xc0,
    0xe0, 0xf, 0x13, 0x18, 0x50, 0x7, 0x92, 0x70,
    0x58, 0xc0, 0x3f, 0x50, 0x70, 0x7, 0xe4, 0x52,
    0x80, 0xf, 0xd6, 0x2e, 0x40, 0x1f, 0xd, 0x87,
    0x0,

    /* U+006C "l" */
    0x2f, 0xb0, 0xf, 0xff, 0x20,

    /* U+006D "m" */
    0x4f, 0xb8, 0xcf, 0xf6, 0xc1, 0x46, 0x77, 0xf4,
    0x88, 0x4, 0x8a, 0xa8, 0x73, 0x7d, 0x66, 0x4c,
    0x2b, 0x50, 0x4, 0xbb, 0x2f, 0x1a, 0x3, 0xd4,
    0xee, 0xb2, 0x42, 0x0, 0x18, 0x6, 0x31, 0x10,
    0x7, 0x28, 0x38, 0x7, 0xe2, 0x0, 0xf7, 0x1,
    0x80, 0x7f, 0x84, 0x3, 0xc2, 0x1, 0xff, 0xff,
    0x0, 0xff, 0xea, 0x80,

    /* U+006E "n" */
    0x4f, 0xb8, 0xce, 0xfe, 0x80, 0xc, 0x8c, 0xb3,
    0x6, 0xf2, 0x1, 0x2f, 0x4b, 0xbb, 0x45, 0x80,
    0x23, 0x0, 0xe5, 0x2, 0x0, 0xfc, 0x40, 0xc0,
    0x1f, 0x84, 0x4, 0x3, 0xff, 0xec,

    /* U+006F "o" */
    0x0, 0x36, 0x77, 0xf5, 0x18, 0x5, 0x52, 0x48,
    0xca, 0xac, 0x50, 0x35, 0x2f, 0xa9, 0xbc, 0xb,
    0xb, 0x8, 0x10, 0x8, 0xd0, 0x4c, 0xc0, 0xe0,
    0x1c, 0x60, 0xae, 0x6, 0x1, 0xde, 0x2, 0x1,
    0xff, 0x38, 0x18, 0x7, 0x78, 0x9, 0x83, 0x80,
    0x71, 0x82, 0xd8, 0x48, 0x6, 0x34, 0x13, 0x32,
    0x9f, 0x54, 0xde, 0x5, 0x80, 0x2a, 0x9, 0x19,
    0x52, 0xd4, 0x0,

    /* U+0070 "p" */
    0x4f, 0xa7, 0xce, 0xfc, 0x60, 0xc, 0xb2, 0xb2,
    0xe5, 0x2e, 0x1, 0x2f, 0x4b, 0xc6, 0x4, 0x0,
    0x46, 0x1, 0x89, 0x41, 0x0, 0x3f, 0x68, 0x10,
    0x7, 0xe1, 0x1, 0x0, 0xfc, 0x20, 0x1f, 0xef,
    0x1, 0x0, 0xfc, 0x80, 0xa0, 0x1f, 0x31, 0x89,
    0x80, 0x1e, 0xea, 0x99, 0x21, 0x40, 0x19, 0x95,
    0x44, 0xb8, 0x80, 0x13, 0xef, 0xfb, 0xa8, 0xc0,
    0x3f, 0xfc, 0x40,

    /* U+0071 "q" */
    0x0, 0x2d, 0xf7, 0xfd, 0xd8, 0x13, 0x48, 0x4a,
    0xca, 0x24, 0x6c, 0x3b, 0x95, 0x34, 0x0, 0xb0,
    0x92, 0x0, 0xf1, 0x82, 0x0, 0x7c, 0xe0, 0x40,
    0x1f, 0xfc, 0x73, 0x0, 0xf9, 0x41, 0x0, 0x3e,
    0xc0, 0xb1, 0x0, 0x84, 0x0, 0xa6, 0x5f, 0x57,
    0xbc, 0x1, 0x63, 0x1a, 0xa9, 0xa4, 0x3, 0x4e,
    0xff, 0x5b, 0x0, 0x7f, 0xf7, 0x80,

    /* U+0072 "r" */
    0x0, 0xf0, 0xa7, 0xc8, 0x36, 0xf8, 0x1, 0x7a,
    0x49, 0x40, 0x6, 0x53, 0xf6, 0x0, 0x5c, 0x60,
    0xc, 0x60, 0x1f, 0xfe, 0x90,

    /* U+0073 "s" */
    0x4, 0xbe, 0xff, 0x6d, 0xb8, 0x2d, 0xa1, 0x2a,
    0xb, 0x60, 0x48, 0x66, 0x2a, 0xf3, 0x6c, 0x8,
    0xc, 0x3, 0xe5, 0xa, 0x30, 0xf, 0x40, 0xae,
    0x7e, 0xca, 0x0, 0xf, 0xae, 0x14, 0x1a, 0xe4,
    0x2, 0x47, 0xad, 0xc0, 0x60, 0xf, 0x8c, 0xc0,
    0x40, 0x1e, 0x23, 0x2, 0xbd, 0xca, 0xa5, 0xe8,
    0x38, 0x63, 0xa, 0xac, 0x73, 0x0,

    /* U+0074 "t" */
    0x0, 0x2c, 0x8, 0x7, 0xbd, 0xcc, 0x3, 0xff,
    0x94, 0xde, 0xa1, 0xbf, 0xf0, 0x2b, 0x10, 0x2b,
    0x31, 0xc0, 0xe5, 0xc2, 0x26, 0x50, 0x1, 0xff,
    0xe6, 0x10, 0xf, 0x10, 0x28, 0x7, 0xac, 0x26,
    0xea, 0xc0, 0x23, 0x82, 0x45, 0x60,

    /* U+0075 "u" */
    0x6f, 0x70, 0xe, 0xdf, 0x0, 0xff, 0xfb, 0x98,
    0x7, 0xf9, 0x83, 0x80, 0x3f, 0x10, 0x38, 0x80,
    0x44, 0x60, 0x1, 0x51, 0xfa, 0xa6, 0xe8, 0x40,
    0x2a, 0x60, 0x54, 0x7c, 0x20, 0x0,

    /* U+0076 "v" */
    0x4f, 0xb0, 0xe, 0x1f, 0xd4, 0x4, 0x0, 0xe4,
    0x4, 0x4, 0x3, 0x0, 0xd8, 0x1a, 0x18, 0x16,
    0x1, 0x9c, 0x10, 0x14, 0x10, 0x2, 0x21, 0x40,
    0x1, 0x9, 0x80, 0x48, 0x18, 0x1, 0x38, 0x20,
    0x3, 0x41, 0x40, 0x2c, 0xc, 0x0, 0x20, 0x90,
    0x4, 0xa0, 0xa0, 0x60, 0xe0, 0x1c, 0x64, 0x36,
    0x18, 0x1, 0xd6, 0x14, 0xc0, 0xa0, 0x1c, 0x80,
    0x82, 0x60, 0x10,

    /* U+0077 "w" */
    0x2f, 0xb0, 0xe, 0xef, 0x40, 0xc, 0xde, 0xe4,
    0x28, 0x1, 0x8c, 0x43, 0x0, 0x36, 0x2, 0x2,
    0x1, 0x0, 0x48, 0x0, 0x40, 0xc, 0xe0, 0x61,
    0x80, 0x80, 0x15, 0x8a, 0x98, 0x80, 0x4, 0x90,
    0x0, 0xa1, 0x80, 0x11, 0xa6, 0x2, 0x0, 0x10,
    0xc, 0x0, 0x60, 0xe0, 0x4, 0xc, 0x70, 0xc0,
    0x6, 0x86, 0x0, 0x48, 0x42, 0x1a, 0x8, 0x24,
    0xe0, 0x4, 0x4, 0x0, 0xb0, 0x14, 0x10, 0x88,
    0x8, 0x24, 0x6, 0x60, 0xc, 0x61, 0x82, 0x48,
    0x0, 0xd0, 0x43, 0x4, 0x0, 0xc8, 0x8, 0xe1,
    0x80, 0x4, 0xc, 0x40, 0xd0, 0xe, 0x33, 0x58,
    0x20, 0x4, 0x6b, 0x40, 0x80, 0x1c, 0x80, 0x46,
    0x20, 0x15, 0x81, 0x10, 0x40, 0x0,

    /* U+0078 "x" */
    0x2f, 0xd0, 0xc, 0x3d, 0xc1, 0x27, 0x27, 0x0,
    0xac, 0x60, 0x42, 0x6, 0x8, 0x11, 0x4d, 0x80,
    0x2a, 0x9, 0x9, 0xe, 0x0, 0xc8, 0xa9, 0x65,
    0x4, 0x1, 0xd6, 0x8, 0x4e, 0x1, 0xfc, 0x60,
    0x1f, 0x58, 0x18, 0xc0, 0x7, 0x22, 0xa6, 0x13,
    0x90, 0x6, 0xa0, 0x90, 0x90, 0xe0, 0xa, 0x6,
    0x8, 0x11, 0x4d, 0x80, 0x9c, 0x9c, 0x2, 0xb1,
    0x81,

    /* U+0079 "y" */
    0x4f, 0x90, 0xf, 0x7f, 0x2, 0x3, 0x80, 0x72,
    0x3, 0x80, 0x10, 0x48, 0x3, 0x60, 0x60, 0x3,
    0x41, 0x40, 0x32, 0x82, 0x80, 0x10, 0x30, 0x2,
    0x12, 0x40, 0x8, 0x88, 0x80, 0x13, 0x86, 0x0,
    0x64, 0x4, 0x0, 0x60, 0x28, 0x6, 0xd0, 0xd0,
    0x2, 0x11, 0x0, 0x32, 0x2, 0x1, 0x8a, 0x0,
    0x79, 0x8, 0x96, 0x1a, 0x1, 0xec, 0x9, 0x60,
    0x40, 0xf, 0x28, 0x20, 0xa0, 0x7, 0xc5, 0xf2,
    0x1a, 0x1, 0xfd, 0xa0, 0xe0, 0x1f, 0xc8, 0x42,
    0x1, 0xf9, 0x41, 0x40, 0x3f, 0xbc, 0x2c, 0x3,
    0x80,

    /* U+007A "z" */
    0xff, 0xfd, 0xca, 0xbe, 0x20, 0x3a, 0xae, 0xb3,
    0x9, 0x0, 0xed, 0x18, 0x40, 0xd, 0x6, 0x8e,
    0x1, 0x91, 0xc6, 0x80, 0x31, 0x50, 0x68, 0x80,
    0x6e, 0x18, 0x30, 0xd, 0x26, 0x8e, 0x1, 0x95,
    0x8a, 0x80, 0x3a, 0xc0, 0x6e, 0xab, 0x48, 0x81,
    0xaa, 0xf3, 0x80,

    /* U+007B "{" */
    0x0, 0xe5, 0x84, 0x0, 0x8b, 0xa9, 0xf0, 0x2,
    0x91, 0x5d, 0x80, 0x9, 0x2, 0x88, 0x3, 0x88,
    0x3, 0xff, 0x84, 0x26, 0x1, 0xf0, 0x80, 0x71,
    0x9, 0x0, 0x65, 0xf0, 0xa0, 0x9, 0xe8, 0xe9,
    0xc0, 0x23, 0x21, 0x82, 0x0, 0x93, 0x5c, 0xa4,
    0x3, 0xa0, 0x14, 0x3, 0xc2, 0x20, 0xf, 0x9,
    0x0, 0x7c, 0x20, 0x1f, 0x10, 0x7, 0x88, 0x50,
    0x3, 0xac, 0x2e, 0xc8, 0x1, 0x35, 0x1a, 0x18,

    /* U+007C "|" */
    0x2f, 0xb0, 0xf, 0xff, 0x98,

    /* U+007D "}" */
    0x8, 0x62, 0x0, 0xe7, 0x9d, 0x70, 0xd, 0xf4,
    0x10, 0x40, 0x19, 0x5c, 0x10, 0x3, 0xb8, 0x4,
    0x3, 0xe1, 0x0, 0xe1, 0x3, 0x0, 0xef, 0x0,
    0xfb, 0x83, 0x40, 0x39, 0xc5, 0xe0, 0x40, 0x21,
    0xc5, 0x7f, 0x0, 0xd4, 0xa0, 0xe0, 0x12, 0x39,
    0x6c, 0x80, 0x46, 0x16, 0x40, 0x1e, 0x30, 0xe,
    0x10, 0x30, 0xf, 0x84, 0x3, 0x84, 0x4, 0x3,
    0xac, 0x8, 0x2, 0x9d, 0x33, 0x20, 0x4, 0xc0,
    0xda, 0x1, 0x0,

    /* U+007E "~" */
    0x6, 0xcf, 0xc7, 0x10, 0x0, 0xaa, 0xa4, 0x90,
    0xa3, 0xb2, 0xfa, 0x5e, 0xba, 0xfa, 0xd4, 0x95,
    0x5c,

    /* U+060C "،" */
    0x2, 0x92, 0xa, 0x60, 0x2, 0x1, 0x9, 0xa0,
    0x38, 0x18, 0x60, 0x68, 0x0,

    /* U+060D "؍" */
    0x1, 0x98, 0x4, 0x62, 0xd, 0xc, 0x3, 0x7,
    0x5, 0x31, 0x19, 0x0,

    /* U+0615 "ؕ" */
    0x3, 0x30, 0x7, 0x4c, 0x80, 0x38, 0x57, 0xf9,
    0x80, 0x8, 0x17, 0x12, 0x6a, 0x0, 0xb9, 0x6,
    0x4c, 0xce, 0x40,

    /* U+061B "؛" */
    0x0, 0x33, 0x80, 0x27, 0x41, 0x3, 0x43, 0x40,
    0xc1, 0x1, 0x48, 0x82, 0x22, 0xfe, 0x0, 0xff,
    0xe2, 0x8e, 0xd8, 0x0, 0x94, 0x3, 0x80,

    /* U+061F "؟" */
    0x0, 0x25, 0xf7, 0xf6, 0x4a, 0x2, 0xda, 0x2,
    0x28, 0xb7, 0x84, 0x4, 0x75, 0xdb, 0x7e, 0x40,
    0x81, 0xc0, 0x38, 0x80, 0x2, 0x1, 0xf8, 0x44,
    0x60, 0x1f, 0x30, 0x70, 0x80, 0x7a, 0x14, 0xbc,
    0x80, 0x3d, 0x4c, 0x38, 0x40, 0x1e, 0x96, 0x1e,
    0x0, 0xfa, 0x44, 0xc8, 0x3, 0xe5, 0x2, 0x0,
    0xfa, 0xb4, 0x3, 0xf0, 0x90, 0x7, 0xea, 0xc1,
    0x0, 0xf9, 0xc, 0x3, 0xff, 0x82,

    /* U+0621 "ء" */
    0x0, 0xc3, 0x3b, 0xfd, 0x68, 0x1, 0xc9, 0xcc,
    0x68, 0x48, 0x60, 0x18, 0x6c, 0x27, 0xaf, 0x39,
    0xc0, 0x34, 0x84, 0x30, 0x4, 0x20, 0x1c, 0x80,
    0xc0, 0x1f, 0xe1, 0x1, 0x0, 0xff, 0x30, 0x10,
    0x7, 0xfb, 0x42, 0xc0, 0x3f, 0xaf, 0x41, 0xb6,
    0xef, 0xc0, 0x4, 0x40, 0x0, 0x91, 0x3c, 0x20,

    /* U+0622 "آ" */
    0x1e, 0xe1, 0x9a, 0x42, 0x4c, 0x33, 0x2, 0x13,
    0x9d, 0x9b, 0x0, 0x22, 0x3, 0x20, 0xd, 0x7e,
    0x40, 0x1f, 0xff, 0xf0, 0xf, 0xfe, 0xd8,

    /* U+0623 "أ" */
    0x0, 0xfd, 0x3f, 0xc2, 0xe, 0xd5, 0x41, 0xd,
    0x35, 0x40, 0x25, 0x3f, 0xf4, 0x96, 0x5e, 0x62,
    0xc0, 0xd0, 0xcc, 0x40, 0xb, 0xf2, 0x0, 0xff,
    0xff, 0x80, 0x7f, 0xf2, 0x80,

    /* U+0624 "ؤ" */
    0x0, 0xff, 0xe2, 0xbf, 0x7a, 0x0, 0x7c, 0x71,
    0x36, 0x80, 0x1f, 0x28, 0x32, 0x0, 0x7e, 0x90,
    0xef, 0xe0, 0xf, 0xb2, 0xf3, 0x1a, 0x1, 0xf1,
    0xa1, 0x9c, 0x1, 0xc3, 0x1b, 0xdf, 0xfc, 0x80,
    0xc, 0x73, 0x24, 0x48, 0x3, 0x39, 0x37, 0x65,
    0xdc, 0xc0, 0x15, 0x84, 0x0, 0x7f, 0x18, 0x88,
    0x3, 0xfc, 0x60, 0x1f, 0xfc, 0xb3, 0x0, 0xff,
    0x18, 0x88, 0x3, 0xf9, 0x2, 0x0, 0x3f, 0xa0,
    0x9b, 0xb2, 0xee, 0x70, 0xd, 0x8e, 0x64, 0x89,
    0x8, 0x6, 0x18, 0xde, 0xff, 0x94, 0x3, 0xfe,
    0x70, 0x60, 0xf, 0xd0, 0x46, 0x40, 0x3d, 0xb7,
    0x6c, 0xf7, 0x1e, 0x0, 0x90, 0x15, 0x8, 0xe3,
    0x88, 0x0,

    /* U+0625 "إ" */
    0x0, 0x5f, 0x90, 0x7, 0xff, 0xfc, 0x3, 0xff,
    0x99, 0x7e, 0x40, 0x1f, 0xd3, 0xfc, 0x20, 0xed,
    0x54, 0x10, 0xd3, 0x54, 0x2, 0x53, 0xff, 0x49,
    0x65, 0xe6, 0x2c,

    /* U+0626 "ئ" */
    0x0, 0xff, 0x9b, 0x3b, 0xfb, 0x29, 0x80, 0x3f,
    0xeb, 0x93, 0x24, 0x22, 0x2c, 0x88, 0x2f, 0x7b,
    0x0, 0x66, 0x44, 0x7e, 0x5e, 0x77, 0xe0, 0x8a,
    0x9e, 0xd8, 0x3, 0x60, 0x40, 0x7, 0x8c, 0x14,
    0x2d, 0x0, 0x38, 0x40, 0x80, 0x3f, 0x48, 0x6f,
    0xf8, 0x3, 0x8, 0x20, 0x7, 0xef, 0xbc, 0xc8,
    0x3, 0x48, 0x54, 0x10, 0x7, 0x89, 0xc, 0xe0,
    0xc, 0x76, 0x4f, 0xba, 0x83, 0x0, 0xd1, 0xe8,
    0x1, 0xe4, 0xdb, 0x63, 0x7c, 0xb2, 0x0, 0x18,
    0x30, 0x7, 0xe4, 0x9e, 0xb4, 0x46, 0x90, 0x30,
    0x10, 0x7, 0xfc, 0x97, 0x21, 0x60, 0x42, 0x1,
    0xff, 0xc2, 0x60, 0x40, 0x1, 0x80, 0x7f, 0xf1,
    0xc, 0x0, 0x40, 0x1f, 0xfc, 0x42, 0x4, 0x6,
    0x0, 0xff, 0xe0, 0xa8, 0x20, 0x48, 0x4b, 0x80,
    0x7f, 0xc9, 0x61, 0x40, 0x58, 0x31, 0xf9, 0x77,
    0xfb, 0xac, 0x68, 0x80, 0x7, 0xd2, 0x84, 0x89,
    0xf8, 0x17, 0x14, 0x0,

    /* U+0627 "ا" */
    0xbf, 0x20, 0xf, 0xff, 0x20,

    /* U+0628 "ب" */
    0x0, 0xff, 0xe1, 0xef, 0x80, 0x7f, 0xf2, 0x8,
    0xc0, 0x3f, 0xf8, 0x97, 0x88, 0x1, 0xff, 0xc3,
    0x50, 0x50, 0xf, 0xfe, 0x19, 0x80, 0x80, 0x7f,
    0xf1, 0x8, 0x3, 0xff, 0x8a, 0x60, 0x1f, 0xfc,
    0x43, 0x12, 0x0, 0xff, 0xe1, 0xc8, 0x7a, 0x0,
    0x7f, 0xf0, 0x96, 0xa, 0xfb, 0x2e, 0xff, 0x10,
    0x6, 0x7d, 0x72, 0x22, 0x27, 0xe0, 0xf, 0x14,
    0x67, 0x7f, 0xff, 0x80, 0x3f, 0xf9, 0xff, 0xe0,
    0xf, 0xfe, 0xb6, 0xe8, 0x3, 0xf0,

    /* U+0629 "ة" */
    0x0, 0xc2, 0x40, 0x2, 0x10, 0xf, 0xd1, 0xaa,
    0x9b, 0x0, 0x1f, 0xfc, 0xa9, 0xf5, 0x4f, 0x90,
    0xf, 0xfe, 0x4a, 0x56, 0xff, 0xba, 0x90, 0x3,
    0xa2, 0xd4, 0x11, 0x6, 0xb7, 0x0, 0x12, 0x39,
    0x6e, 0xae, 0xdb, 0xa2, 0x74, 0x0, 0x70, 0x49,
    0x0, 0x62, 0xe0, 0xe0, 0x2, 0x2, 0x0, 0x78,
    0xc1, 0x0, 0x2, 0x40, 0x1f, 0x88, 0x40, 0x3f,
    0xf8, 0x2, 0x1, 0xff, 0xc3, 0x10, 0xf, 0xfe,
    0x91, 0x5d, 0xfe, 0x30, 0xe, 0x44, 0xfc, 0x1,
    0x0,

    /* U+062A "ت" */
    0x0, 0xf4, 0xfa, 0x23, 0xe4, 0x3, 0xff, 0xa5,
    0x1a, 0x88, 0xd8, 0x0, 0xb7, 0xc0, 0x3e, 0x12,
    0x0, 0x10, 0x80, 0x7c, 0x46, 0x1, 0xff, 0xc4,
    0xbc, 0x40, 0xf, 0xfe, 0x1a, 0x82, 0x80, 0x7f,
    0xf0, 0xcc, 0x4, 0x3, 0xff, 0x88, 0x40, 0x1f,
    0xfc, 0x53, 0x0, 0xff, 0xe2, 0x18, 0x90, 0x7,
    0xff, 0xe, 0x43, 0xd0, 0x3, 0xff, 0x84, 0xb0,
    0x57, 0xd9, 0x77, 0xf8, 0x80, 0x33, 0xeb, 0x91,
    0x11, 0x3f, 0x0, 0x40,

    /* U+062B "ث" */
    0x0, 0xfd, 0xba, 0x0, 0xff, 0xeb, 0x6e, 0x80,
    0x3f, 0xf8, 0x53, 0xe8, 0x8f, 0x90, 0xf, 0xfe,
    0x94, 0x6a, 0x23, 0x60, 0x2, 0xdf, 0x0, 0xf8,
    0x48, 0x0, 0x42, 0x1, 0xf1, 0x18, 0x7, 0xff,
    0x12, 0xf1, 0x0, 0x3f, 0xf8, 0x6a, 0xa, 0x1,
    0xff, 0xc3, 0x30, 0x10, 0xf, 0xfe, 0x21, 0x0,
    0x7f, 0xf1, 0x4c, 0x3, 0xff, 0x88, 0x62, 0x40,
    0x1f, 0xfc, 0x39, 0xf, 0x40, 0xf, 0xfe, 0x12,
    0xc1, 0x5f, 0x65, 0xdf, 0xe2, 0x0, 0xcf, 0xae,
    0x44, 0x44, 0xfc, 0x1, 0x0,

    /* U+062C "ج" */
    0x0, 0x2d, 0x6f, 0x7f, 0x64, 0x8, 0x6, 0xe5,
    0x32, 0x43, 0x33, 0xf9, 0x80, 0x55, 0xfd, 0x97,
    0xbe, 0xe3, 0xc0, 0x10, 0x80, 0x7a, 0x14, 0x90,
    0x3, 0xfd, 0xa0, 0x60, 0x1f, 0xe1, 0x0, 0xff,
    0xf6, 0x8b, 0x4d, 0x5d, 0xe0, 0xc, 0xdd, 0x2c,
    0xa8, 0x91, 0x0, 0x4b, 0x23, 0x5d, 0xff, 0xe7,
    0x9, 0xd, 0x51, 0x0, 0xfc, 0x62, 0x60, 0x1b,
    0x28, 0x3, 0xfe, 0x21, 0x0, 0xc6, 0x26, 0x1,
    0xba, 0xc0, 0x34, 0x86, 0xa8, 0x80, 0x8, 0x3,
    0x96, 0x46, 0xbb, 0xfd, 0xa4, 0x1, 0xcd, 0xd2,
    0xca, 0xa7, 0x0, 0xc0,

    /* U+062D "ح" */
    0x0, 0x2d, 0x6f, 0x7f, 0x64, 0x8, 0x6, 0xe5,
    0x32, 0x43, 0x33, 0xf9, 0x80, 0x55, 0xfd, 0x97,
    0xbe, 0xe3, 0xc0, 0x10, 0x80, 0x7a, 0x14, 0x90,
    0x3, 0xfd, 0xa0, 0x60, 0x1f, 0xe1, 0x0, 0xff,
    0xf6, 0x8b, 0x4d, 0x5d, 0xe0, 0xc, 0xdd, 0x2c,
    0xa8, 0x91, 0x0, 0x4b, 0x23, 0x5d, 0xff, 0xe7,
    0x9, 0xd, 0x51, 0x0, 0xfc, 0x62, 0x60, 0x1f,
    0xfc, 0xb3, 0x13, 0x0, 0xff, 0x48, 0x6a, 0x88,
    0x0, 0x4c, 0x40, 0x25, 0x91, 0xae, 0xff, 0x76,
    0x38, 0x6, 0x6e, 0x96, 0x55, 0x3c, 0xb8, 0x0,

    /* U+062E "خ" */
    0x0, 0xe5, 0xf9, 0x0, 0xff, 0xe5, 0xae, 0xc0,
    0x7, 0xfc, 0x42, 0x1, 0xf2, 0xd6, 0xf7, 0xf6,
    0x40, 0x80, 0x6e, 0x53, 0x24, 0x33, 0x3f, 0x98,
    0x5, 0x5f, 0xd9, 0x7b, 0xee, 0x3c, 0x1, 0x8,
    0x7, 0xa1, 0x49, 0x0, 0x3f, 0xda, 0x6, 0x1,
    0xfe, 0x10, 0xf, 0xff, 0x68, 0xb4, 0xd5, 0xde,
    0x0, 0xcd, 0xd2, 0xca, 0x89, 0x10, 0x4, 0xb2,
    0x35, 0xdf, 0xfe, 0x70, 0x90, 0xd5, 0x10, 0xf,
    0xc6, 0x26, 0x1, 0xff, 0xcb, 0x31, 0x30, 0xf,
    0xf4, 0x86, 0xa8, 0x80, 0x4, 0xc4, 0x2, 0x59,
    0x1a, 0xef, 0xf7, 0x63, 0x80, 0x66, 0xe9, 0x65,
    0x53, 0xcb, 0x80, 0x0,

    /* U+062F "د" */
    0x0, 0x67, 0xfb, 0xa9, 0x40, 0x39, 0x12, 0x35,
    0xaa, 0x0, 0x68, 0xbb, 0x6e, 0x8d, 0x58, 0x3,
    0xe2, 0xe0, 0xb0, 0xf, 0xc4, 0x50, 0x80, 0x7e,
    0x60, 0x20, 0xf, 0xc2, 0x1, 0xff, 0xc0, 0x70,
    0xf, 0xfe, 0x5d, 0xdf, 0xca, 0x1, 0x22, 0x7c,
    0x1, 0x0,

    /* U+0630 "ذ" */
    0x0, 0x88, 0x40, 0x3f, 0x1e, 0xd8, 0x7, 0xff,
    0x1c, 0xfe, 0x80, 0x3f, 0xf8, 0xf9, 0xfe, 0xea,
    0x50, 0xe, 0x44, 0x8d, 0x6a, 0x80, 0x1a, 0x2e,
    0xdb, 0xa3, 0x56, 0x0, 0xf8, 0xb8, 0x2c, 0x3,
    0xf1, 0x14, 0x20, 0x1f, 0x98, 0x8, 0x3, 0xf0,
    0x80, 0x7f, 0xf0, 0x1c, 0x3, 0xff, 0x97, 0x77,
    0xf2, 0x80, 0x48, 0x9f, 0x0, 0x40,

    /* U+0631 "ر" */
    0x0, 0xc5, 0x8, 0x1, 0x99, 0xf4, 0x3, 0xff,
    0xfe, 0x1, 0xe1, 0x1, 0x0, 0xda, 0x1c, 0x1,
    0x13, 0x3, 0x85, 0xe6, 0x8c, 0x8, 0x90, 0xcd,
    0x4e, 0x0,

    /* U+0632 "ز" */
    0x0, 0xc9, 0xf2, 0x1, 0xff, 0x26, 0xc0, 0x7,
    0x10, 0x80, 0x62, 0xa6, 0x0, 0xcc, 0xbe, 0x1,
    0xff, 0xff, 0x0, 0xf0, 0x80, 0x80, 0x6d, 0xe,
    0x0, 0x89, 0xc1, 0xc2, 0xf3, 0x42, 0x44, 0x48,
    0x66, 0xa6, 0x0,

    /* U+0633 "س" */
    0x0, 0xff, 0xe7, 0x8, 0x7, 0xff, 0x34, 0x7e,
    0x80, 0x3f, 0xf8, 0xe3, 0xf8, 0x1, 0x8, 0x28,
    0x7, 0xff, 0x5, 0x60, 0x40, 0x3f, 0xc4, 0x20,
    0x1f, 0xfc, 0x1e, 0x72, 0x0, 0xff, 0x38, 0x18,
    0x7, 0xff, 0x34, 0x81, 0xc0, 0xa5, 0x40, 0x3f,
    0xf9, 0x62, 0xe, 0xd8, 0x1, 0xff, 0xcd, 0x20,
    0xf0, 0xf, 0xfe, 0x11, 0x83, 0x80, 0x7e, 0xe0,
    0x20, 0xf, 0xfe, 0x10, 0x80, 0x80, 0x7e, 0x50,
    0x60, 0xf, 0xfe, 0x12, 0x0, 0x80, 0x7e, 0x20,
    0x20, 0xf, 0xf7, 0xdd, 0xb2, 0x1, 0x32, 0xee,
    0x70, 0x8, 0x44, 0x1, 0xff, 0x1a, 0x20, 0xd2,
    0x10, 0xd1, 0x20, 0xe, 0x30, 0xf, 0xfb, 0x7f,
    0xeb, 0x7b, 0xff, 0xf2, 0x80, 0x90, 0x7, 0xf3,
    0x1, 0x80, 0x7f, 0xf0, 0x9c, 0x20, 0x3, 0xe4,
    0x22, 0x8, 0x7, 0xff, 0xa, 0x5, 0xe4, 0x40,
    0x32, 0xd0, 0x48, 0x7, 0xff, 0xc, 0x70, 0x9b,
    0xb6, 0xf3, 0xa8, 0x69, 0x0, 0x3f, 0xf8, 0x85,
    0xb2, 0x86, 0x84, 0x47, 0xe5, 0x0, 0xff, 0xe1,
    0x80,

    /* U+0634 "ش" */
    0x0, 0xff, 0xf1, 0xf, 0xd0, 0x7, 0xff, 0xa0,
    0x4f, 0xec, 0x80, 0x3f, 0xf9, 0x7b, 0xa1, 0x9d,
    0x60, 0xf, 0xff, 0x36, 0x78, 0xc7, 0xb0, 0x7,
    0xff, 0xb4, 0x6a, 0x40, 0x3f, 0xf8, 0xe3, 0x70,
    0x1, 0xa, 0xa0, 0x7, 0xff, 0x5, 0x60, 0x40,
    0x32, 0x20, 0x3, 0x11, 0x0, 0x3f, 0xf8, 0x3c,
    0xe4, 0x1, 0xfe, 0x60, 0x20, 0xf, 0xfe, 0x69,
    0x3, 0x1, 0x4a, 0x80, 0x7f, 0xf2, 0x44, 0x4,
    0x1d, 0xb0, 0x3, 0xff, 0x9a, 0x41, 0xe0, 0x1f,
    0xfc, 0x23, 0x7, 0x0, 0xfd, 0xc0, 0x40, 0x1f,
    0xfc, 0x21, 0x1, 0x0, 0xfc, 0xa0, 0xc0, 0x1f,
    0xfc, 0x24, 0x1, 0x0, 0xfc, 0x40, 0x40, 0x1f,
    0xef, 0xbb, 0x64, 0x2, 0x65, 0xdc, 0xe0, 0x10,
    0x88, 0x3, 0xfe, 0x34, 0x41, 0x9a, 0x10, 0xd1,
    0x20, 0xe, 0x30, 0xf, 0xfb, 0x7f, 0xec, 0x7b,
    0xff, 0xf2, 0x80, 0x90, 0x7, 0xf3, 0x1, 0x80,
    0x7f, 0xf0, 0x9c, 0x20, 0x3, 0xe4, 0x22, 0x8,
    0x7, 0xff, 0xa, 0x5, 0xe4, 0x40, 0x32, 0xd0,
    0x48, 0x7, 0xff, 0xc, 0x70, 0x9b, 0xb6, 0xf3,
    0xa8, 0x69, 0x0, 0x3f, 0xf8, 0x85, 0xb2, 0x86,
    0x84, 0x47, 0xe5, 0x0, 0xff, 0xe1, 0x80,

    /* U+0635 "ص" */
    0x0, 0xff, 0xe0, 0x5f, 0x98, 0x0, 0x5f, 0x3f,
    0xdb, 0x22, 0x1, 0xff, 0xc6, 0x5e, 0x83, 0x32,
    0x1b, 0x71, 0x80, 0x7f, 0xf1, 0x1e, 0x86, 0x3f,
    0x2f, 0xa0, 0x38, 0x3, 0xff, 0x87, 0x70, 0x5e,
    0xe0, 0x19, 0xd4, 0x94, 0x3, 0xff, 0x84, 0xe7,
    0xa2, 0x1, 0xee, 0xd, 0x2, 0xa5, 0x0, 0xff,
    0xb4, 0x3, 0xf3, 0x1, 0x3, 0xae, 0x0, 0x7f,
    0xa4, 0x40, 0x3f, 0x18, 0x30, 0x10, 0x78, 0x7,
    0xf9, 0x40, 0x3f, 0xf8, 0x3a, 0x4, 0x1, 0xff,
    0xcc, 0x60, 0x50, 0xf, 0xfe, 0x61, 0x0, 0x80,
    0x7f, 0xbe, 0xef, 0xfb, 0x40, 0xc0, 0x44, 0x1,
    0xff, 0x1a, 0x27, 0xf1, 0x81, 0x80, 0xc, 0x3,
    0xfe, 0xdf, 0xff, 0xfb, 0x0, 0x48, 0x3, 0xf9,
    0x80, 0xc0, 0x3f, 0xf8, 0x2e, 0x10, 0x1, 0xf2,
    0x11, 0x88, 0x7, 0xff, 0x6, 0x5, 0xe4, 0x40,
    0x32, 0xd0, 0x40, 0x7, 0xff, 0x8, 0x70, 0x9b,
    0xb6, 0xf3, 0xa8, 0x69, 0x0, 0x3f, 0xf8, 0x65,
    0xb2, 0x86, 0x84, 0x47, 0xe5, 0x0, 0xff, 0xe1,
    0x0,

    /* U+0636 "ض" */
    0x0, 0xff, 0xe3, 0x90, 0x80, 0x7f, 0xf3, 0xb,
    0x68, 0x3, 0xff, 0xce, 0x5f, 0x60, 0x1f, 0xfe,
    0x1b, 0xf3, 0x0, 0xb, 0xe7, 0xfb, 0x64, 0x40,
    0x3f, 0xf8, 0xcb, 0xd0, 0x66, 0x43, 0x6e, 0x30,
    0xf, 0xfe, 0x23, 0xd0, 0xc7, 0xe5, 0xf4, 0x7,
    0x0, 0x7f, 0xf0, 0xee, 0xb, 0xdc, 0x3, 0x3a,
    0x92, 0x80, 0x7f, 0xf0, 0x9c, 0xf4, 0x40, 0x3d,
    0xc1, 0xa0, 0x54, 0xa0, 0x1f, 0xf6, 0x80, 0x7e,
    0x60, 0x20, 0x75, 0xc0, 0xf, 0xf4, 0x88, 0x7,
    0xe3, 0x6, 0x2, 0xf, 0x0, 0xff, 0x28, 0x7,
    0xff, 0x7, 0x40, 0x80, 0x3f, 0xf9, 0x8c, 0xa,
    0x1, 0xff, 0xcc, 0x20, 0x10, 0xf, 0xf7, 0xdd,
    0xff, 0x68, 0x18, 0x8, 0x80, 0x3f, 0xe3, 0x44,
    0xfe, 0x30, 0x30, 0x1, 0x80, 0x7f, 0xdb, 0xff,
    0xff, 0x60, 0x9, 0x0, 0x7f, 0x30, 0x18, 0x7,
    0xff, 0x5, 0xc2, 0x0, 0x3e, 0x42, 0x31, 0x0,
    0xff, 0xe0, 0xc0, 0xbc, 0x88, 0x6, 0x5a, 0x8,
    0x0, 0xff, 0xe1, 0xe, 0x13, 0x76, 0xde, 0x75,
    0xd, 0x20, 0x7, 0xff, 0xc, 0xb6, 0x50, 0xd0,
    0x88, 0xfc, 0xa0, 0x1f, 0xfc, 0x20,

    /* U+0637 "ط" */
    0x0, 0x7f, 0x80, 0x3f, 0xff, 0xe0, 0x1f, 0xfc,
    0x12, 0x9d, 0xff, 0x6b, 0x80, 0x7f, 0x46, 0xb1,
    0xa1, 0x94, 0x68, 0x80, 0x7a, 0x5c, 0xab, 0xaf,
    0x3d, 0x4a, 0xc0, 0x3a, 0x59, 0x35, 0x40, 0x35,
    0xa, 0x88, 0x6, 0x65, 0xb0, 0xf, 0x98, 0x14,
    0x3, 0x1d, 0x0, 0x7e, 0xe0, 0x20, 0xd, 0xa0,
    0x1f, 0xc6, 0x1c, 0x1, 0x84, 0x3, 0xff, 0xc4,
    0xb6, 0x0, 0xbb, 0xff, 0x50, 0xe, 0xa0, 0x1,
    0x13, 0xfc, 0x0, 0x10,

    /* U+0638 "ظ" */
    0x0, 0x7f, 0x80, 0x38, 0x84, 0x3, 0xff, 0x84,
    0xda, 0xc0, 0x1f, 0xfd, 0x36, 0xf7, 0x0, 0xff,
    0xe9, 0x14, 0xef, 0xfb, 0x5c, 0x3, 0xfa, 0x35,
    0x8d, 0xc, 0xa3, 0x44, 0x3, 0xd2, 0xe5, 0x5d,
    0x79, 0xea, 0x56, 0x1, 0xd2, 0xc9, 0xaa, 0x1,
    0xa8, 0x54, 0x40, 0x33, 0x2d, 0x80, 0x7c, 0xc0,
    0xa0, 0x18, 0xe8, 0x3, 0xf7, 0x1, 0x0, 0x6d,
    0x0, 0xfe, 0x30, 0xe0, 0xc, 0x20, 0x1f, 0xfe,
    0x25, 0xb0, 0x5, 0xdf, 0xfa, 0x80, 0x75, 0x0,
    0x8, 0x9f, 0xe0, 0x0, 0x80,

    /* U+0639 "ع" */
    0x0, 0xe6, 0xcf, 0xf6, 0xd0, 0x6, 0x2d, 0x93,
    0x32, 0x1b, 0x0, 0x6f, 0x26, 0xec, 0xbe, 0xc0,
    0x9, 0xc9, 0x64, 0x40, 0x3e, 0xa0, 0xb0, 0xf,
    0xe2, 0x20, 0x80, 0x7e, 0x10, 0x60, 0xf, 0xe1,
    0x6, 0x0, 0xff, 0x19, 0x18, 0x7, 0xf4, 0x84,
    0x0, 0x7f, 0x29, 0x27, 0xd5, 0xde, 0x60, 0x3,
    0x10, 0x1, 0x51, 0x37, 0x2, 0xc8, 0xd7, 0x7f,
    0xf4, 0x4, 0x86, 0xa8, 0x80, 0x7c, 0x62, 0x60,
    0x1f, 0xfc, 0x93, 0x13, 0x0, 0xfe, 0x90, 0xd5,
    0x10, 0x0, 0x98, 0x80, 0x16, 0x46, 0xbb, 0xfd,
    0xd8, 0xe0, 0x13, 0x74, 0xb2, 0xa9, 0xe5, 0xc0,

    /* U+063A "غ" */
    0x0, 0xf0, 0x90, 0x7, 0xfa, 0xb4, 0xc0, 0x3f,
    0xf9, 0x37, 0xe6, 0x1, 0xff, 0xc8, 0x6c, 0xff,
    0x6d, 0x0, 0x62, 0xd9, 0x33, 0x21, 0xb0, 0x6,
    0xf2, 0x6e, 0xcb, 0xec, 0x0, 0x9c, 0x96, 0x44,
    0x3, 0xea, 0xb, 0x0, 0xfe, 0x22, 0x8, 0x7,
    0xe1, 0x6, 0x0, 0xfe, 0x10, 0x60, 0xf, 0xf1,
    0x91, 0x80, 0x7f, 0x48, 0x40, 0x7, 0xf2, 0x92,
    0x7d, 0x5d, 0xe6, 0x0, 0x31, 0x0, 0x15, 0x13,
    0x70, 0x2c, 0x8d, 0x77, 0xff, 0x40, 0x48, 0x6a,
    0x88, 0x7, 0xc6, 0x26, 0x1, 0xff, 0xc9, 0x31,
    0x30, 0xf, 0xe9, 0xd, 0x51, 0x0, 0x9, 0x88,
    0x1, 0x64, 0x6b, 0xbf, 0xdd, 0x8e, 0x1, 0x37,
    0x4b, 0x2a, 0x9e, 0x5c, 0x0,

    /* U+0640 "ـ" */
    0x4b, 0xbf, 0x21, 0x22, 0x78, 0x80,

    /* U+0641 "ف" */
    0x0, 0xff, 0xe2, 0x11, 0x0, 0x3f, 0xf9, 0x1f,
    0xa2, 0x1, 0xff, 0xdd, 0xdf, 0x10, 0xf, 0xfe,
    0xd2, 0x5f, 0x7f, 0xf5, 0x80, 0x7f, 0xf0, 0x1a,
    0xd0, 0xd1, 0x22, 0x0, 0x90, 0x40, 0x3f, 0xa4,
    0x77, 0x57, 0x77, 0x80, 0x12, 0xec, 0x1, 0xf9,
    0x1, 0x88, 0x3, 0xe3, 0xd, 0x0, 0xfc, 0x61,
    0xa0, 0x1f, 0xb8, 0xc, 0x3, 0xf7, 0x80, 0x80,
    0x7e, 0x30, 0x70, 0xf, 0xc2, 0x1, 0xff, 0xc9,
    0x10, 0x10, 0xf, 0xda, 0x16, 0x1, 0xfb, 0x83,
    0x40, 0x3f, 0x30, 0x3b, 0x0, 0x7c, 0x80, 0xc4,
    0x1, 0xf0, 0xe0, 0xcf, 0xed, 0xdf, 0x48, 0xe,
    0xff, 0xae, 0xde, 0x1, 0x1f, 0x4a, 0x1a, 0x27,
    0x80, 0x39, 0x10, 0x40, 0x0,

    /* U+0642 "ق" */
    0x0, 0xff, 0xe0, 0x10, 0x81, 0x10, 0x3, 0xff,
    0x82, 0x9b, 0x1, 0xb8, 0x1, 0xff, 0xd4, 0x4f,
    0x90, 0xfe, 0x0, 0xff, 0xe9, 0x9d, 0x77, 0xff,
    0x70, 0x7, 0xf2, 0x62, 0x9a, 0x26, 0x0, 0xff,
    0xa8, 0x2f, 0x6e, 0xf0, 0x7, 0xf8, 0x85, 0x10,
    0x1, 0xff, 0xc3, 0x70, 0x30, 0xf, 0xfe, 0x21,
    0x87, 0x80, 0x7f, 0x17, 0xd0, 0x7, 0xff, 0x11,
    0xc0, 0x80, 0x31, 0x87, 0x80, 0x7f, 0x10, 0x70,
    0x6, 0x70, 0x30, 0xf, 0xee, 0x5, 0x0, 0xc4,
    0x28, 0x80, 0xf, 0xca, 0x4, 0x1, 0xd6, 0x17,
    0xb7, 0x78, 0x2, 0x20, 0x10, 0xe, 0x5c, 0x53,
    0x44, 0xc0, 0x10, 0x88, 0x3, 0xe3, 0xae, 0xff,
    0xc0, 0x1f, 0xfc, 0xa1, 0x18, 0x3, 0xff, 0x80,
    0x20, 0x40, 0xc1, 0x0, 0x1f, 0xfc, 0x8, 0xb,
    0x9, 0x26, 0xb4, 0x10, 0xf, 0x8e, 0x98, 0x9c,
    0x7, 0x11, 0x17, 0xdf, 0xff, 0x62, 0xa6, 0x0,
    0x43, 0x7b, 0xa, 0x89, 0xe5, 0x7c, 0xb1, 0x0,

    /* U+0643 "ك" */
    0x0, 0xff, 0xe1, 0xef, 0x80, 0x7f, 0xfc, 0x8b,
    0x3f, 0x0, 0x3f, 0xf8, 0x52, 0x37, 0xe0, 0x1f,
    0xfc, 0x25, 0x44, 0x18, 0x7, 0xe6, 0xb3, 0x0,
    0x30, 0xb7, 0xf9, 0x40, 0x3e, 0xc4, 0x0, 0x9e,
    0xed, 0x98, 0x40, 0xf, 0x9c, 0xc, 0x0, 0x28,
    0x83, 0x30, 0x80, 0x7c, 0x42, 0x1, 0xff, 0xc5,
    0x30, 0xf, 0xfe, 0x29, 0x80, 0x7f, 0xf1, 0x10,
    0x4c, 0x3, 0xff, 0x87, 0xe1, 0xa8, 0x1, 0xff,
    0xc2, 0x49, 0x1b, 0xfc, 0xbb, 0xfc, 0x40, 0x19,
    0xb9, 0xcc, 0x91, 0x3f, 0x0, 0x40,

    /* U+0644 "ل" */
    0x0, 0xff, 0xe0, 0x5f, 0x98, 0x7, 0xff, 0xfc,
    0x3, 0xff, 0xe2, 0x30, 0x80, 0x1f, 0xfc, 0x5,
    0x7d, 0x0, 0xff, 0xe0, 0x18, 0x78, 0x7, 0xff,
    0x3, 0x80, 0x80, 0x3f, 0xf8, 0xa, 0xc, 0x1,
    0xff, 0xc0, 0x20, 0x20, 0xf, 0xfe, 0x0, 0x88,
    0x3, 0xff, 0x84, 0x60, 0x1f, 0xf0, 0x80, 0x90,
    0x7, 0xf3, 0x1, 0x83, 0x84, 0x0, 0x7c, 0x84,
    0x41, 0x8, 0x17, 0x91, 0x0, 0xcb, 0x41, 0x20,
    0x1, 0xc2, 0x6e, 0xdb, 0xce, 0xa1, 0x94, 0x0,
    0x8b, 0x65, 0xd, 0x8, 0x8f, 0xcc, 0x0,

    /* U+0645 "م" */
    0x0, 0xa2, 0xf7, 0xfd, 0xb6, 0xa0, 0x1c, 0x8e,
    0x80, 0x68, 0x9, 0x56, 0x1, 0x88, 0x23, 0x72,
    0xf7, 0x91, 0x10, 0x1, 0x70, 0x10, 0x6, 0x1a,
    0x6, 0x0, 0x88, 0x18, 0x3, 0x84, 0xc4, 0x40,
    0x1, 0x1, 0x0, 0xf3, 0x1, 0x0, 0x7f, 0xf4,
    0x84, 0x4, 0x3, 0xfe, 0x20, 0x60, 0xf, 0xfb,
    0x82, 0xae, 0xfc, 0xa0, 0x1a, 0x80, 0x8, 0x9e,
    0x0, 0xcc, 0x66, 0xcf, 0xff, 0xc6, 0x14, 0x1c,
    0x60, 0x1f, 0xe3, 0x12, 0x0, 0xff, 0xe0, 0x18,
    0x7, 0xff, 0x4, 0xc0, 0x3f, 0xf8, 0x4, 0x20,
    0x1f, 0xfc, 0x6, 0x2, 0x0, 0xff, 0x8c, 0x1c,
    0x3, 0xfc,

    /* U+0646 "ن" */
    0x0, 0xf8, 0x84, 0x3, 0xff, 0x80, 0xbb, 0x20,
    0x1f, 0xfc, 0xf5, 0xf8, 0x0, 0xaf, 0xcc, 0x3,
    0xff, 0xe2, 0x54, 0xa0, 0x1f, 0xfc, 0x7, 0x5c,
    0x0, 0xff, 0xe0, 0x10, 0x78, 0x7, 0xff, 0x3,
    0x40, 0x80, 0x3f, 0xf8, 0xc, 0xc, 0x1, 0xff,
    0xc0, 0x20, 0x20, 0xf, 0xfe, 0x0, 0x88, 0x3,
    0xff, 0x84, 0x60, 0x1f, 0xf0, 0x80, 0x90, 0x7,
    0xf3, 0x1, 0x83, 0x84, 0x0, 0x7c, 0x84, 0x62,
    0x10, 0x2f, 0x22, 0x1, 0x96, 0x82, 0x0, 0x3,
    0x84, 0xdd, 0xb7, 0x9d, 0x43, 0x48, 0x1, 0x16,
    0xca, 0x1a, 0x11, 0x1f, 0x94, 0x0,

    /* U+0647 "ه" */
    0x0, 0x92, 0xb7, 0xfd, 0xd4, 0x80, 0x1d, 0x16,
    0xa0, 0x88, 0x35, 0xb8, 0x0, 0x91, 0xcb, 0x75,
    0x76, 0xdd, 0x13, 0xa0, 0x3, 0x82, 0x48, 0x3,
    0x17, 0x7, 0x0, 0x10, 0x10, 0x3, 0xc6, 0x8,
    0x0, 0x12, 0x0, 0xfc, 0x42, 0x1, 0xff, 0xc0,
    0x10, 0xf, 0xfe, 0x18, 0x80, 0x7f, 0xf4, 0x8a,
    0xef, 0xf1, 0x80, 0x72, 0x27, 0xe0, 0x8,

    /* U+0648 "و" */
    0x0, 0xc, 0x6f, 0x7f, 0xf2, 0x0, 0x31, 0xcc,
    0x91, 0x20, 0xc, 0xe4, 0xdd, 0x97, 0x73, 0x0,
    0x56, 0x10, 0x1, 0xfc, 0x62, 0x20, 0xf, 0xf1,
    0x80, 0x7f, 0xf2, 0xcc, 0x3, 0xfc, 0x62, 0x20,
    0xf, 0xe4, 0x8, 0x0, 0xfe, 0x82, 0x6e, 0xcb,
    0xb9, 0xc0, 0x36, 0x39, 0x92, 0x24, 0x20, 0x18,
    0x63, 0x7b, 0xfe, 0x50, 0xf, 0xf9, 0xc1, 0x80,
    0x3f, 0x41, 0x19, 0x0, 0xf6, 0xdd, 0xb3, 0xdc,
    0x78, 0x2, 0x40, 0x54, 0x23, 0x8e, 0x20,

    /* U+0649 "ى" */
    0x0, 0xff, 0x9b, 0x3b, 0xfb, 0x6e, 0x44, 0x3,
    0xfd, 0x72, 0x64, 0x84, 0x8, 0xc0, 0x1f, 0xe6,
    0x44, 0x7e, 0x5e, 0x6f, 0xf8, 0x40, 0x3f, 0xb0,
    0x20, 0x3, 0xff, 0x8a, 0x20, 0x40, 0x1f, 0xfc,
    0x51, 0x4, 0x0, 0xff, 0xe2, 0xc8, 0x54, 0x10,
    0x7, 0xc6, 0xa2, 0x1, 0xc7, 0x64, 0xfb, 0xa8,
    0x30, 0xd, 0x54, 0x50, 0xf, 0x26, 0xdb, 0x1b,
    0xe5, 0x90, 0x0, 0x81, 0x80, 0x3f, 0x24, 0xf5,
    0xa2, 0x34, 0x81, 0x80, 0x80, 0x3f, 0xe4, 0xb9,
    0xb, 0x2, 0x10, 0xf, 0xfe, 0x13, 0x2, 0x0,
    0xc, 0x3, 0xff, 0x88, 0x60, 0x2, 0x0, 0xff,
    0xe2, 0x10, 0x28, 0x38, 0x7, 0xff, 0x5, 0x41,
    0x2, 0x2, 0x20, 0x20, 0x1f, 0xe4, 0xb0, 0xa0,
    0x2c, 0x27, 0xec, 0xbb, 0xfd, 0xd6, 0x34, 0x40,
    0x3, 0xd9, 0x42, 0x44, 0xfc, 0xb, 0x8a, 0x0,

    /* U+064A "ي" */
    0x0, 0xff, 0x9f, 0x3b, 0xfb, 0x6e, 0x44, 0x3,
    0xfd, 0x90, 0x64, 0x84, 0x8, 0xc0, 0x1f, 0xe6,
    0x34, 0xfc, 0xbc, 0xdf, 0xf0, 0x80, 0x7f, 0x60,
    0x40, 0x7, 0xff, 0x14, 0x40, 0x80, 0x3f, 0xf8,
    0xa4, 0xe, 0x1, 0xff, 0xc5, 0xb0, 0x9a, 0x30,
    0xf, 0x91, 0xc8, 0x3, 0x8b, 0xd, 0x73, 0xe9,
    0x0, 0x36, 0xc3, 0x0, 0x78, 0xf3, 0x60, 0xd6,
    0xf5, 0x0, 0xa, 0xa, 0x1, 0xf8, 0x9f, 0x39,
    0xca, 0xcc, 0x8, 0x4, 0x3, 0xfe, 0x18, 0xb0,
    0x90, 0x11, 0x0, 0x7f, 0xf0, 0x90, 0x1c, 0x0,
    0x60, 0x1f, 0xfc, 0x43, 0x1, 0x21, 0x0, 0xff,
    0xe0, 0x88, 0x10, 0x30, 0x58, 0x7, 0xff, 0x6,
    0x42, 0xc2, 0x9, 0x71, 0x44, 0x3, 0xf1, 0x4b,
    0x8b, 0x80, 0x31, 0x4e, 0xbb, 0xff, 0xf6, 0xb1,
    0x60, 0x4, 0x35, 0xb0, 0xc8, 0x9f, 0x2b, 0x56,
    0x90, 0x7, 0x13, 0xcd, 0xdf, 0xd5, 0x2a, 0x1,
    0xff, 0x10, 0x81, 0x10, 0x3, 0xff, 0x84, 0x5b,
    0xa0, 0xfd, 0x0, 0xff, 0xe7, 0x80,

    /* U+064B "ً" */
    0x6d, 0xdc, 0x4d, 0xbb, 0x89, 0xf7, 0x71, 0x0,

    /* U+064C "ٌ" */
    0x0, 0x9f, 0x6c, 0xa, 0xc2, 0xb4, 0x90, 0x93,
    0xcb, 0x58, 0x80,

    /* U+064D "ٍ" */
    0x6d, 0xdc, 0x4d, 0xbb, 0x89, 0xfb, 0xb1, 0x0,

    /* U+064E "َ" */
    0x7d, 0xdc, 0x40,

    /* U+064F "ُ" */
    0x0, 0x3e, 0xd8, 0x5, 0x5a, 0x48, 0xfa, 0x5a,
    0xc4,

    /* U+0650 "ِ" */
    0x7d, 0xdc, 0x40,

    /* U+0651 "ّ" */
    0x8, 0x1, 0x2, 0x50, 0x50, 0xe8, 0x1f, 0x0,
    0x8, 0x1, 0x88, 0x23, 0x11, 0x13, 0x40,

    /* U+0652 "ْ" */
    0x1b, 0xd8, 0xb, 0xed, 0x25, 0x0, 0xeb, 0xed,
    0x25,

    /* U+0653 "ٓ" */
    0x7, 0xb5, 0x27, 0x13, 0x87, 0xad, 0xb1, 0x3d,
    0xcc, 0xc0,

    /* U+0654 "ٔ" */
    0x0, 0xf8, 0xf7, 0xe4, 0x1, 0xcd, 0x76, 0x0,
    0x16, 0xa1, 0x4, 0x4, 0xff, 0x8e, 0x6f, 0x32,
    0x30,

    /* U+0655 "ٕ" */
    0x0, 0xf8, 0xb7, 0xe4, 0x1, 0xed, 0x76, 0x0,
    0x16, 0xa1, 0x4, 0x4, 0xff, 0x8e, 0x6f, 0x32,
    0x30,

    /* U+0656 "ٖ" */
    0x0, 0x42, 0x80, 0x60,

    /* U+0658 "٘" */
    0x0, 0xe7, 0x60, 0x6, 0x87, 0x1, 0x3, 0x8e,
    0xf7, 0x0,

    /* U+0660 "٠" */
    0x4, 0x40, 0xd, 0xd8, 0x40, 0x30,

    /* U+0661 "١" */
    0x2d, 0x81, 0x22, 0x0, 0x7f, 0xf7, 0x80,

    /* U+0662 "٢" */
    0x2b, 0xbf, 0xd0, 0x28, 0x9f, 0xc0, 0x5, 0xff,
    0xf6, 0x0, 0x7f, 0xff, 0xc0, 0x3f, 0xfd, 0x60,

    /* U+0663 "٣" */
    0x4d, 0x60, 0x1, 0xeb, 0x80, 0xf, 0x5c, 0x4b,
    0x80, 0xe, 0x5e, 0x0, 0x72, 0xe0, 0xf, 0xfe,
    0x98, 0x80, 0x61, 0x1, 0x0, 0x10, 0x3, 0xc0,
    0x36, 0x6, 0x80, 0x17, 0x35, 0x41, 0xf3, 0x58,
    0x54, 0x2, 0x22, 0x24, 0x19, 0x89, 0x30, 0x2,
    0x7e, 0xfb, 0x7c, 0xff, 0x59, 0x0, 0x7f, 0xff,
    0xc0, 0x3f, 0xf8, 0xa0,

    /* U+0664 "٤" */
    0x0, 0xb, 0x4d, 0x4b, 0x90, 0x27, 0xcb, 0x2b,
    0x43, 0x95, 0x8c, 0x6f, 0xed, 0x25, 0x4, 0x39,
    0x1, 0x28, 0x98, 0x28, 0x7, 0xff, 0xc, 0xc1,
    0x40, 0x3d, 0x41, 0xe, 0x20, 0x18, 0xac, 0x23,
    0xbf, 0xc0, 0x16, 0x80, 0x65, 0x0, 0x2b, 0x16,
    0xff, 0xa8, 0x1, 0xe1, 0x24, 0x1, 0xcc, 0xa,
    0x1, 0xe6, 0x5, 0x0, 0xf7, 0x84, 0x90, 0x7,
    0x2b, 0x16, 0xea, 0xf3, 0xd0, 0x26, 0x90, 0xd0,
    0x8c, 0x0,

    /* U+0665 "٥" */
    0x0, 0xc5, 0x5d, 0xf8, 0xa0, 0x1f, 0x26, 0xa9,
    0x9d, 0x52, 0x1, 0xc5, 0x61, 0x5b, 0x9a, 0x2c,
    0xc0, 0xd, 0xc1, 0x2a, 0x0, 0x2c, 0x9, 0x10,
    0x1, 0x9c, 0xc0, 0x18, 0xa0, 0x24, 0x1, 0x41,
    0x20, 0x1e, 0x70, 0x60, 0x3, 0x8a, 0x80, 0x7c,
    0xa2, 0x62, 0x25, 0x0, 0xfd, 0xa0, 0xc4, 0x4,
    0x1, 0xf8, 0x80, 0x9c, 0x3, 0xff, 0x81, 0xee,
    0x6, 0x1, 0xf8, 0xc3, 0xcc, 0x14, 0x3, 0xf6,
    0x81, 0x82, 0x84, 0x0, 0x78, 0xd0, 0x90, 0x2c,
    0x5d, 0xc0, 0x19, 0x74, 0x24, 0x0, 0x3a, 0x31,
    0xf9, 0x7d, 0x43, 0x48, 0x1, 0x1f, 0x41, 0x99,
    0xd, 0xb5, 0x40, 0x0,

    /* U+0666 "٦" */
    0x3b, 0xbf, 0xa1, 0xd1, 0x3e, 0x54, 0xff, 0xee,
    0x1, 0x0, 0xff, 0xff, 0x80, 0x7f, 0xf7, 0x80,

    /* U+0667 "٧" */
    0xf, 0xf0, 0x7, 0xf7, 0xf0, 0x1, 0x41, 0x0,
    0x3e, 0x40, 0x70, 0x7, 0x86, 0x80, 0x7d, 0xc1,
    0xa0, 0x5, 0x7, 0x0, 0xf9, 0x5, 0x0, 0x25,
    0x13, 0x0, 0xe4, 0x17, 0x0, 0xde, 0x16, 0x1,
    0xda, 0x1a, 0x1, 0x94, 0x14, 0x3, 0x9c, 0x50,
    0x3, 0x90, 0x88, 0x1, 0x20, 0xb8, 0x7, 0xb4,
    0x14, 0x2, 0xd0, 0xd0, 0xf, 0x38, 0x58, 0x4,
    0xe2, 0x80, 0x1e, 0x14, 0x31, 0x3, 0x17, 0x0,
    0xfd, 0xa0, 0xe1, 0x61, 0xa0, 0x1f, 0x9c, 0x34,
    0x14, 0x50, 0x3, 0xf0, 0x9a, 0x20, 0x9c, 0x3,
    0xfd, 0x61, 0x61, 0xa0, 0x1f, 0xe6, 0x0, 0xa,
    0x0, 0x70,

    /* U+0668 "٨" */
    0x0, 0xf5, 0xda, 0x40, 0x3f, 0xe5, 0x44, 0x31,
    0x0, 0x7f, 0xbc, 0x24, 0x28, 0x3, 0xfc, 0xa6,
    0xc2, 0xa0, 0x1f, 0xca, 0x16, 0xe, 0x46, 0x1,
    0xfb, 0xc1, 0x43, 0x42, 0xc0, 0x3f, 0x29, 0x10,
    0x10, 0x54, 0x3, 0xe5, 0x5, 0x0, 0x90, 0x8c,
    0x3, 0xde, 0x16, 0x1, 0x70, 0x58, 0x7, 0x94,
    0x4c, 0x2, 0x40, 0x60, 0xe, 0x50, 0x70, 0xe,
    0x51, 0x30, 0xd, 0xe1, 0xa0, 0x1d, 0xc1, 0x40,
    0x19, 0x45, 0x0, 0x39, 0x1, 0xc0, 0x25, 0x7,
    0x0, 0xf9, 0x45, 0x0, 0x1e, 0x1a, 0x1, 0xf7,
    0x6, 0x80, 0x14, 0x10, 0x3, 0xe4, 0x7, 0x0,

    /* U+0669 "٩" */
    0x0, 0x89, 0xe6, 0xef, 0x0, 0x53, 0xb0, 0xc8,
    0x98, 0x1, 0x4c, 0x77, 0xdf, 0xe2, 0x0, 0x1a,
    0x9e, 0x20, 0x80, 0x72, 0x85, 0x80, 0x7e, 0x10,
    0x10, 0xf, 0xc4, 0x18, 0x1, 0xf9, 0x45, 0x54,
    0x1, 0xfa, 0x82, 0xbb, 0x2f, 0x48, 0x2, 0x4d,
    0x63, 0x32, 0x0, 0x78, 0xa7, 0x7f, 0xda, 0x40,
    0x1f, 0xfe, 0xd0,

    /* U+066A "٪" */
    0x0, 0xf0, 0x80, 0x7f, 0x45, 0x80, 0x7e, 0x7c,
    0x0, 0x6f, 0xa0, 0x0, 0x85, 0x40, 0x3e, 0x52,
    0x20, 0x3, 0xad, 0x40, 0x16, 0xa0, 0x11, 0xa0,
    0x80, 0x9d, 0x80, 0x7c, 0xe2, 0x60, 0x1f, 0x62,
    0x0, 0x7e, 0x5f, 0x0, 0xf9, 0x1, 0x40, 0x3e,
    0xd4, 0x0, 0xfc, 0xfa, 0x0, 0x44, 0x0, 0x44,
    0x28, 0x0, 0xbb, 0x18, 0x1, 0x48, 0x80, 0x1f,
    0x5a, 0x80, 0x5f, 0xe3, 0x1, 0x3b, 0x0, 0xfc,
    0xc6, 0x1, 0xe0,

    /* U+066B "٫" */
    0x1, 0x98, 0x4, 0x62, 0xd, 0xc, 0x3, 0x7,
    0x5, 0x31, 0x19, 0x0,

    /* U+066C "٬" */
    0x1, 0x20, 0x4, 0xe8, 0x0, 0xd0, 0x0, 0xba,
    0x2, 0x27, 0x0,

    /* U+066D "٭" */
    0x0, 0xc6, 0x40, 0x10, 0x80, 0x22, 0x0, 0x6,
    0xf4, 0x4, 0xf0, 0x3, 0x3d, 0xd8, 0x10, 0x2,
    0x98, 0x40, 0xef, 0xf0, 0x34, 0x10, 0x66, 0x4f,
    0x35, 0x80, 0x3, 0x33, 0xea, 0x89, 0xd0, 0x4,
    0x40, 0x8, 0xd0, 0x0,

    /* U+066E "ٮ" */
    0x0, 0xff, 0xe1, 0xef, 0x80, 0x7f, 0xf2, 0x8,
    0xc0, 0x3f, 0xf8, 0x97, 0x88, 0x1, 0xff, 0xc3,
    0x50, 0x50, 0xf, 0xfe, 0x19, 0x80, 0x80, 0x7f,
    0xf1, 0x8, 0x3, 0xff, 0x8a, 0x60, 0x1f, 0xfc,
    0x43, 0x12, 0x0, 0xff, 0xe1, 0xc8, 0x7a, 0x0,
    0x7f, 0xf0, 0x96, 0xa, 0xfb, 0x2e, 0xff, 0x10,
    0x6, 0x7d, 0x72, 0x22, 0x27, 0xe0, 0x8,

    /* U+066F "ٯ" */
    0x0, 0xff, 0x1d, 0x77, 0xff, 0x70, 0x7, 0xf2,
    0x62, 0x9a, 0x26, 0x0, 0xff, 0xa8, 0x2f, 0x6e,
    0xf0, 0x7, 0xf8, 0x85, 0x10, 0x1, 0xff, 0xc3,
    0x70, 0x30, 0xf, 0xfe, 0x21, 0x87, 0x80, 0x7f,
    0x17, 0xd0, 0x7, 0xff, 0x11, 0xc0, 0x80, 0x31,
    0x87, 0x80, 0x7f, 0x10, 0x70, 0x6, 0x70, 0x30,
    0xf, 0xee, 0x5, 0x0, 0xc4, 0x28, 0x80, 0xf,
    0xca, 0x4, 0x1, 0xd6, 0x17, 0xb7, 0x78, 0x2,
    0x20, 0x10, 0xe, 0x5c, 0x53, 0x44, 0xc0, 0x10,
    0x88, 0x3, 0xe3, 0xae, 0xff, 0xc0, 0x1f, 0xfc,
    0xa1, 0x18, 0x3, 0xff, 0x80, 0x20, 0x40, 0xc1,
    0x0, 0x1f, 0xfc, 0x8, 0xb, 0x9, 0x26, 0xb4,
    0x10, 0xf, 0x8e, 0x98, 0x9c, 0x7, 0x11, 0x17,
    0xdf, 0xff, 0x62, 0xa6, 0x0, 0x43, 0x7b, 0xa,
    0x89, 0xe5, 0x7c, 0xb1, 0x0,

    /* U+0670 "ٰ" */
    0x0, 0x42, 0x80, 0x60,

    /* U+0671 "ٱ" */
    0x0, 0xfc, 0x59, 0xfa, 0x80, 0xf, 0x7b, 0x4b,
    0x9, 0x24, 0xb6, 0x1, 0x8c, 0xce, 0x11, 0x19,
    0xf0, 0x5, 0x7e, 0x40, 0x1f, 0xff, 0xf0, 0xf,
    0xfe, 0xd8,

    /* U+0679 "ٹ" */
    0x0, 0xf9, 0x40, 0x3f, 0xf8, 0x85, 0x44, 0x1,
    0xff, 0xc5, 0xdf, 0xb1, 0x0, 0xff, 0xe0, 0x8,
    0x35, 0xbd, 0x0, 0x7f, 0xf0, 0x38, 0x1a, 0xcd,
    0x80, 0x3f, 0xf8, 0x1f, 0x99, 0xbc, 0x2, 0xdf,
    0x0, 0xf8, 0x8c, 0xf1, 0x0, 0x7c, 0x46, 0x1,
    0xff, 0xc4, 0xbc, 0x40, 0xf, 0xfe, 0x1a, 0x82,
    0x80, 0x7f, 0xf0, 0xc8, 0x4, 0x3, 0xff, 0x86,
    0x24, 0x1, 0xff, 0xc5, 0x30, 0xf, 0xfe, 0x21,
    0x89, 0x0, 0x7f, 0xf0, 0xe4, 0x3d, 0x0, 0x3f,
    0xf8, 0x4a, 0xe5, 0x7d, 0x97, 0x7f, 0x88, 0x3,
    0x46, 0xb9, 0x11, 0x13, 0xf0, 0x4,

    /* U+067E "پ" */
    0x0, 0xff, 0xe1, 0xef, 0x80, 0x7f, 0xf2, 0x8,
    0xc0, 0x3f, 0xf8, 0x97, 0x88, 0x1, 0xff, 0xc3,
    0x50, 0x50, 0xf, 0xfe, 0x19, 0x80, 0x80, 0x7f,
    0xf1, 0x8, 0x3, 0xff, 0x8a, 0x60, 0x1f, 0xfc,
    0x43, 0x12, 0x0, 0xff, 0xe1, 0xc8, 0x7a, 0x0,
    0x7f, 0xf0, 0x96, 0xa, 0xfb, 0x2e, 0xff, 0x10,
    0x6, 0x7d, 0x72, 0x22, 0x27, 0xe0, 0xf, 0x14,
    0x67, 0x7f, 0xff, 0x80, 0x3f, 0xf9, 0xb3, 0xe8,
    0x8f, 0x90, 0xf, 0xfe, 0x94, 0x6a, 0x23, 0x60,
    0x3, 0xff, 0x80, 0x25, 0xba, 0x21, 0x0, 0xff,
    0xea, 0x6e, 0x80, 0x3f, 0x0,

    /* U+0686 "چ" */
    0x0, 0x2d, 0x6f, 0x7f, 0x64, 0x8, 0x6, 0xe5,
    0x32, 0x43, 0x33, 0xf9, 0x80, 0x55, 0xfd, 0x97,
    0xbe, 0xe3, 0xc0, 0x10, 0x80, 0x7a, 0x14, 0x90,
    0x3, 0xfd, 0xa0, 0x60, 0x1f, 0xe1, 0x0, 0xff,
    0xf6, 0x8b, 0x4d, 0x5d, 0xe0, 0xc, 0xdd, 0x2c,
    0xa8, 0x91, 0x0, 0x4b, 0x23, 0x5d, 0xfd, 0xfd,
    0xfe, 0x70, 0x90, 0xd5, 0x13, 0xe1, 0xe1, 0x0,
    0x8c, 0x4c, 0x0, 0x76, 0x16, 0x20, 0x1f, 0xcb,
    0xc8, 0x1, 0x8c, 0x4c, 0x2, 0x1c, 0x0, 0xe9,
    0xd, 0x51, 0x0, 0x8, 0x7, 0x2c, 0x8d, 0x77,
    0xfb, 0x48, 0x3, 0x9b, 0xa5, 0x95, 0x4e, 0x1,
    0x80,

    /* U+0688 "ڈ" */
    0x0, 0xf, 0x98, 0x7, 0xfb, 0x3e, 0xc4, 0x3,
    0xe3, 0xb7, 0xa0, 0xf, 0x2e, 0xa7, 0x78, 0x7,
    0x6a, 0xf7, 0xed, 0x0, 0x77, 0x66, 0x70, 0x7,
    0x11, 0x9e, 0x20, 0xe, 0xcf, 0xf7, 0x52, 0x80,
    0x72, 0x24, 0x6b, 0x54, 0x0, 0xd1, 0x76, 0xdd,
    0x1a, 0xb0, 0x7, 0xc5, 0xc1, 0x60, 0x1f, 0x88,
    0xa1, 0x0, 0xfc, 0xc0, 0x40, 0x1f, 0x84, 0x3,
    0xff, 0x80, 0xe0, 0x1f, 0xfc, 0xbb, 0xbf, 0x94,
    0x2, 0x44, 0xf8, 0x2,

    /* U+0691 "ڑ" */
    0x0, 0x9f, 0x40, 0x3f, 0x17, 0xfa, 0x0, 0x35,
    0x5, 0x51, 0xd8, 0x0, 0x64, 0x15, 0x40, 0xe0,
    0x1, 0xe6, 0x74, 0x80, 0x46, 0x7c, 0x20, 0x18,
    0xa5, 0x40, 0x3c, 0xcc, 0xc0, 0xf, 0xff, 0xf8,
    0x7, 0xff, 0x48, 0x40, 0x40, 0x3d, 0xa1, 0xc0,
    0x1c, 0x4e, 0xe, 0x1, 0x5e, 0x68, 0x48, 0x80,
    0x5, 0xc, 0xd4, 0xc0, 0x10,

    /* U+0698 "ژ" */
    0x0, 0xc7, 0xf0, 0x1, 0xff, 0xc3, 0x3f, 0x80,
    0xe, 0xef, 0xa, 0xf3, 0x0, 0xff, 0xe0, 0x66,
    0x85, 0xe9, 0x80, 0x44, 0x40, 0x12, 0x0, 0xe2,
    0xa6, 0x0, 0xf3, 0x2f, 0x80, 0x7f, 0xff, 0xc0,
    0x3f, 0xfa, 0x42, 0x2, 0x1, 0xed, 0xe, 0x0,
    0xe2, 0x70, 0x70, 0xa, 0xf3, 0x42, 0x44, 0x0,
    0x28, 0x66, 0xa6, 0x0, 0x80,

    /* U+06A1 "ڡ" */
    0x0, 0xff, 0xe0, 0xa5, 0xf7, 0xff, 0x58, 0x7,
    0xff, 0x1, 0xad, 0xd, 0x12, 0x20, 0x9, 0x4,
    0x3, 0xfa, 0x47, 0x75, 0x77, 0x78, 0x1, 0x2e,
    0xc0, 0x1f, 0x90, 0x18, 0x80, 0x3e, 0x30, 0xd0,
    0xf, 0xc6, 0x1a, 0x1, 0xfb, 0x80, 0xc0, 0x3f,
    0x78, 0x8, 0x7, 0xe3, 0x7, 0x0, 0xfc, 0x20,
    0x1f, 0xfc, 0x91, 0x1, 0x0, 0xfd, 0xa1, 0x60,
    0x1f, 0xb8, 0x34, 0x3, 0xf3, 0x3, 0xb0, 0x7,
    0xc8, 0xc, 0x40, 0x1f, 0xe, 0xc, 0xfe, 0xdd,
    0xf4, 0x80, 0xef, 0xfa, 0xed, 0xe0, 0x11, 0xf4,
    0xa1, 0xa2, 0x78, 0x3, 0x91, 0x4, 0x0,

    /* U+06A4 "ڤ" */
    0x0, 0xff, 0xed, 0x67, 0x80, 0x7f, 0xf7, 0x4,
    0xb7, 0xc8, 0x40, 0x3f, 0xf8, 0x8d, 0xae, 0x7b,
    0x40, 0x1f, 0xfd, 0xa7, 0xf6, 0x3f, 0xb0, 0xf,
    0xfe, 0xca, 0x5f, 0x7f, 0xf5, 0x80, 0x7f, 0xf0,
    0x1a, 0xd0, 0xd1, 0x22, 0x0, 0x90, 0x40, 0x3f,
    0xa4, 0x77, 0x57, 0x77, 0x80, 0x12, 0xec, 0x1,
    0xf9, 0x1, 0x88, 0x3, 0xe3, 0xd, 0x0, 0xfc,
    0x61, 0xa0, 0x1f, 0xb8, 0xc, 0x3, 0xf7, 0x80,
    0x80, 0x7e, 0x30, 0x70, 0xf, 0xc2, 0x1, 0xff,
    0xc9, 0x10, 0x10, 0xf, 0xda, 0x16, 0x1, 0xfb,
    0x83, 0x40, 0x3f, 0x30, 0x3b, 0x0, 0x7c, 0x80,
    0xc4, 0x1, 0xf0, 0xe0, 0xcf, 0xed, 0xdf, 0x48,
    0xe, 0xff, 0xae, 0xde, 0x1, 0x1f, 0x4a, 0x1a,
    0x27, 0x80, 0x39, 0x10, 0x40, 0x0,

    /* U+06A9 "ک" */
    0x0, 0xfc, 0x24, 0x1, 0xff, 0xc4, 0xbd, 0x40,
    0xf, 0xfe, 0x12, 0x29, 0x20, 0x7, 0xff, 0xa,
    0x42, 0x40, 0x3f, 0xf8, 0x4c, 0x4a, 0x80, 0x1f,
    0xfc, 0x28, 0x8, 0x0, 0xff, 0xe1, 0x30, 0xb1,
    0x0, 0x7f, 0xf0, 0x9c, 0x5b, 0xff, 0xb5, 0xc0,
    0x31, 0xa8, 0x80, 0xd2, 0x27, 0x19, 0x45, 0x80,
    0x55, 0x45, 0x0, 0x25, 0xdf, 0x67, 0x1a, 0x28,
    0x1, 0x41, 0x40, 0x3f, 0x87, 0xc3, 0x80, 0x4,
    0x2, 0x1, 0xfe, 0x30, 0x50, 0x0, 0x90, 0x7,
    0xff, 0x0, 0x84, 0x2, 0x30, 0xf, 0xfe, 0x21,
    0x89, 0x80, 0x7f, 0xf0, 0xe4, 0x39, 0x0, 0x3f,
    0xf8, 0x4b, 0x5, 0x7d, 0x97, 0x7f, 0x88, 0x3,
    0x3e, 0xb9, 0x11, 0x13, 0xf0, 0x4,

    /* U+06AF "گ" */
    0x0, 0xf9, 0x40, 0x3f, 0xf8, 0x93, 0x64, 0x40,
    0xf, 0xfe, 0x9, 0xb5, 0xc6, 0xa0, 0x7, 0xff,
    0x3, 0xd0, 0x54, 0x90, 0x3, 0xfe, 0x43, 0x89,
    0x9, 0x0, 0xff, 0xe0, 0x7b, 0x29, 0x2a, 0x0,
    0x7f, 0xf0, 0x3a, 0xe0, 0x20, 0x3, 0xff, 0x82,
    0xa8, 0x2c, 0x40, 0x1f, 0xfc, 0x27, 0x16, 0xff,
    0xed, 0x70, 0xc, 0x6a, 0x20, 0x34, 0x89, 0xc6,
    0x51, 0x60, 0x15, 0x51, 0x40, 0x9, 0x77, 0xd9,
    0xc6, 0x8a, 0x0, 0x50, 0x50, 0xf, 0xe1, 0xf0,
    0xe0, 0x1, 0x0, 0x80, 0x7f, 0x8c, 0x14, 0x0,
    0x24, 0x1, 0xff, 0xc0, 0x21, 0x0, 0x8c, 0x3,
    0xff, 0x88, 0x62, 0x60, 0x1f, 0xfc, 0x39, 0xe,
    0x40, 0xf, 0xfe, 0x12, 0xc1, 0x5f, 0x65, 0xdf,
    0xe2, 0x0, 0xcf, 0xae, 0x44, 0x44, 0xfc, 0x1,
    0x0,

    /* U+06BA "ں" */
    0x0, 0xff, 0xe0, 0x5f, 0x98, 0x7, 0xff, 0xc4,
    0xa9, 0x40, 0x3f, 0xf8, 0xe, 0xb8, 0x1, 0xff,
    0xc0, 0x20, 0xf0, 0xf, 0xfe, 0x6, 0x81, 0x0,
    0x7f, 0xf0, 0x18, 0x18, 0x3, 0xff, 0x80, 0x40,
    0x40, 0x1f, 0xfc, 0x1, 0x10, 0x7, 0xff, 0x8,
    0xc0, 0x3f, 0xe1, 0x1, 0x20, 0xf, 0xe6, 0x3,
    0x7, 0x8, 0x0, 0xf9, 0x8, 0xc4, 0x20, 0x5e,
    0x44, 0x3, 0x2d, 0x4, 0x0, 0x7, 0x9, 0xbb,
    0x6f, 0x3a, 0x86, 0x90, 0x2, 0x2d, 0x94, 0x34,
    0x22, 0x3f, 0x28, 0x0,

    /* U+06BE "ھ" */
    0x0, 0x89, 0xa7, 0x3b, 0xfd, 0xd6, 0xc0, 0x1f,
    0xbe, 0x58, 0x88, 0x66, 0x4, 0x9e, 0x40, 0xf,
    0x76, 0xff, 0x66, 0x5d, 0xae, 0x36, 0x80, 0x1c,
    0x64, 0x1, 0xe2, 0x8b, 0xa, 0x0, 0xff, 0xe1,
    0xa3, 0xb, 0x80, 0x71, 0x57, 0x7d, 0x98, 0x6,
    0xa0, 0xc0, 0xc, 0x9a, 0xa4, 0x69, 0x8a, 0x1,
    0x18, 0x28, 0x6, 0xa0, 0xac, 0xc5, 0x85, 0x0,
    0x61, 0x10, 0x4, 0x62, 0xaa, 0x0, 0x23, 0x2,
    0x80, 0x46, 0x1, 0x98, 0x8, 0x3, 0x78, 0x10,
    0x7, 0x8, 0x7, 0xff, 0x1e, 0xe4, 0x16, 0xef,
    0x82, 0xae, 0xe2, 0x0, 0x90, 0xc0, 0x91, 0x31,
    0x1, 0x22, 0x40, 0x10,

    /* U+06C1 "ہ" */
    0x0, 0x92, 0xb7, 0xfd, 0xd4, 0x80, 0x1d, 0x16,
    0xa0, 0x88, 0x35, 0xb8, 0x0, 0x91, 0xcb, 0x75,
    0x76, 0xdd, 0x13, 0xa0, 0x3, 0x82, 0x48, 0x3,
    0x17, 0x7, 0x0, 0x10, 0x10, 0x3, 0xc6, 0x8,
    0x0, 0x12, 0x0, 0xfc, 0x42, 0x1, 0xff, 0xc0,
    0x10, 0xf, 0xfe, 0x18, 0x80, 0x7f, 0xf4, 0x8a,
    0xef, 0xf1, 0x80, 0x72, 0x27, 0xe0, 0x8,

    /* U+06C2 "ۂ" */
    0x0, 0xff, 0xe3, 0x8e, 0x7e, 0x0, 0x7f, 0xa8,
    0x6f, 0xc0, 0x3f, 0xca, 0x88, 0x30, 0xf, 0xe6,
    0x16, 0xff, 0x28, 0x7, 0xe7, 0xbb, 0x66, 0x10,
    0x3, 0xf0, 0xa2, 0xc, 0xc2, 0x1, 0xf2, 0x56,
    0xff, 0xba, 0x90, 0x3, 0xa2, 0xd4, 0x11, 0x6,
    0xb7, 0x0, 0x12, 0x39, 0x6e, 0xae, 0xdb, 0xa2,
    0x74, 0x0, 0x70, 0x49, 0x0, 0x62, 0xe0, 0xe0,
    0x2, 0x2, 0x0, 0x78, 0xc1, 0x0, 0x2, 0x40,
    0x1f, 0x88, 0x40, 0x3f, 0xf8, 0x2, 0x1, 0xff,
    0xc3, 0x10, 0xf, 0xfe, 0x91, 0x5d, 0xfe, 0x30,
    0xe, 0x44, 0xfc, 0x1, 0x0,

    /* U+06C3 "ۃ" */
    0x0, 0xc2, 0x40, 0x2, 0x10, 0xf, 0xd1, 0xaa,
    0x9b, 0x0, 0x1f, 0xfc, 0xa9, 0xf5, 0x4f, 0x90,
    0xf, 0xfe, 0x4a, 0x56, 0xff, 0xba, 0x90, 0x3,
    0xa2, 0xd4, 0x11, 0x6, 0xb7, 0x0, 0x12, 0x39,
    0x6e, 0xae, 0xdb, 0xa2, 0x74, 0x0, 0x70, 0x49,
    0x0, 0x62, 0xe0, 0xe0, 0x2, 0x2, 0x0, 0x78,
    0xc1, 0x0, 0x2, 0x40, 0x1f, 0x88, 0x40, 0x3f,
    0xf8, 0x2, 0x1, 0xff, 0xc3, 0x10, 0xf, 0xfe,
    0x91, 0x5d, 0xfe, 0x30, 0xe, 0x44, 0xfc, 0x1,
    0x0,

    /* U+06CC "ی" */
    0x0, 0xff, 0x9b, 0x3b, 0xfb, 0x6e, 0x44, 0x3,
    0xfd, 0x72, 0x64, 0x84, 0x8, 0xc0, 0x1f, 0xe6,
    0x44, 0x7e, 0x5e, 0x6f, 0xf8, 0x40, 0x3f, 0xb0,
    0x20, 0x3, 0xff, 0x8a, 0x20, 0x40, 0x1f, 0xfc,
    0x51, 0x4, 0x0, 0xff, 0xe2, 0xc8, 0x54, 0x10,
    0x7, 0xc6, 0xa2, 0x1, 0xc7, 0x64, 0xfb, 0xa8,
    0x30, 0xd, 0x54, 0x50, 0xf, 0x26, 0xdb, 0x1b,
    0xe5, 0x90, 0x0, 0x81, 0x80, 0x3f, 0x24, 0xf5,
    0xa2, 0x34, 0x81, 0x80, 0x80, 0x3f, 0xe4, 0xb9,
    0xb, 0x2, 0x10, 0xf, 0xfe, 0x13, 0x2, 0x0,
    0xc, 0x3, 0xff, 0x88, 0x60, 0x2, 0x0, 0xff,
    0xe2, 0x10, 0x28, 0x38, 0x7, 0xff, 0x5, 0x41,
    0x2, 0x2, 0x20, 0x20, 0x1f, 0xe4, 0xb0, 0xa0,
    0x2c, 0x27, 0xec, 0xbb, 0xfd, 0xd6, 0x34, 0x40,
    0x3, 0xd9, 0x42, 0x44, 0xfc, 0xb, 0x8a, 0x0,

    /* U+06D2 "ے" */
    0x0, 0xff, 0xe1, 0x24, 0x10, 0x7, 0xff, 0xb,
    0x5d, 0x80, 0x3f, 0xfa, 0xae, 0x1, 0xff, 0xc2,
    0x20, 0x10, 0xf, 0xfe, 0x12, 0x9, 0x0, 0x7f,
    0xf0, 0x6, 0xc1, 0x80, 0x29, 0xbb, 0xfd, 0xbc,
    0x88, 0x80, 0x6, 0xb2, 0x27, 0xe3, 0x49, 0xb0,
    0x8, 0x89, 0xff, 0xfb, 0xad, 0x80, 0x3f, 0xf9,
    0x24, 0x50, 0x7, 0xff, 0xa, 0xc3, 0xd4, 0x40,
    0x3f, 0xf8, 0xc, 0xe5, 0x5d, 0xff, 0xf9, 0x80,
    0x34, 0x6c, 0x32, 0xa2, 0x7c, 0x40, 0x0,

    /* U+06D3 "ۓ" */
    0x0, 0xff, 0xe3, 0xcf, 0xf0, 0x80, 0x7e, 0x9f,
    0x40, 0x76, 0xad, 0x10, 0xf, 0xfe, 0x6, 0x92,
    0x98, 0x7, 0xfc, 0xe2, 0xa5, 0xfe, 0x90, 0xf,
    0xc6, 0x0, 0x1c, 0xbc, 0xc5, 0x80, 0x7e, 0x40,
    0x30, 0x34, 0x33, 0x10, 0x7, 0x86, 0x85, 0x80,
    0x29, 0xbb, 0xfd, 0x9c, 0xa7, 0x20, 0xd, 0x64,
    0x4f, 0xc4, 0x93, 0x80, 0x11, 0x13, 0xff, 0xf7,
    0x5b, 0x0, 0x7f, 0xf2, 0x48, 0xa0, 0xf, 0xfe,
    0x15, 0x87, 0xa8, 0x80, 0x7f, 0xf0, 0x19, 0xca,
    0xbb, 0xff, 0xf3, 0x0, 0x68, 0xd8, 0x65, 0x44,
    0xf8, 0x80, 0x0,

    /* U+06D4 "۔" */
    0x5d, 0xde, 0x33, 0x11, 0x73, 0x80, 0x7c,

    /* U+06F0 "۰" */
    0x4, 0x40, 0xd, 0xd8, 0x40, 0x30,

    /* U+06F1 "۱" */
    0x2d, 0x81, 0x22, 0x0, 0x7f, 0xf7, 0x80,

    /* U+06F2 "۲" */
    0x2b, 0xbf, 0xd0, 0x28, 0x9f, 0xc0, 0x5, 0xff,
    0xf6, 0x0, 0x7f, 0xff, 0xc0, 0x3f, 0xfd, 0x60,

    /* U+06F3 "۳" */
    0x4d, 0x60, 0x1, 0xeb, 0x80, 0xf, 0x5c, 0x4b,
    0x80, 0xe, 0x5e, 0x0, 0x72, 0xe0, 0xf, 0xfe,
    0x98, 0x80, 0x61, 0x1, 0x0, 0x10, 0x3, 0xc0,
    0x36, 0x6, 0x80, 0x17, 0x35, 0x41, 0xf3, 0x58,
    0x54, 0x2, 0x22, 0x24, 0x19, 0x89, 0x30, 0x2,
    0x7e, 0xfb, 0x7c, 0xff, 0x59, 0x0, 0x7f, 0xff,
    0xc0, 0x3f, 0xf8, 0xa0,

    /* U+06F4 "۴" */
    0x5f, 0xf0, 0x7, 0xf8, 0x80, 0x3c, 0x20, 0x10,
    0x88, 0x3, 0x9f, 0xb9, 0xf4, 0x1f, 0xc0, 0x19,
    0xe1, 0xea, 0x7c, 0x2, 0x10, 0xa, 0x9a, 0x55,
    0x94, 0x0, 0x2a, 0x0, 0x10, 0x10, 0xc, 0x62,
    0x40, 0x16, 0x1b, 0xa0, 0x93, 0x68, 0x40, 0x4,
    0x42, 0x17, 0xdb, 0x23, 0x28, 0x0, 0x5e, 0x96,
    0x44, 0x35, 0x73, 0x0, 0x61, 0x69, 0xbb, 0x4a,
    0x88, 0x7, 0xff, 0xfc, 0x3, 0x80,

    /* U+06F5 "۵" */
    0x0, 0xff, 0xe0, 0xd4, 0x80, 0x7f, 0x33, 0x34,
    0x40, 0x3e, 0xc7, 0x2e, 0x20, 0xf, 0xa0, 0x1,
    0xa4, 0x1, 0xe9, 0x0, 0xb8, 0x3, 0x99, 0x89,
    0xf0, 0x72, 0x1, 0x14, 0x95, 0x83, 0xa3, 0x10,
    0x2, 0xc3, 0x80, 0x28, 0xb, 0x0, 0x31, 0x98,
    0x2, 0x32, 0x60, 0x30, 0x40, 0xe, 0x50, 0x27,
    0xf, 0x0, 0x30, 0x3, 0xc1, 0x80, 0x33, 0x4b,
    0x0, 0x4e, 0xa1, 0x81, 0x1, 0x1, 0x80, 0x42,
    0x69, 0xc3, 0x23, 0xc8, 0x81, 0xe, 0x31, 0x86,
    0x81, 0x3a, 0x0,

    /* U+06F6 "۶" */
    0x0, 0x14, 0xef, 0xfb, 0x60, 0x13, 0x58, 0xd0,
    0xcc, 0x41, 0x41, 0x3d, 0x79, 0xd4, 0x82, 0xac,
    0x1, 0xc4, 0x1a, 0x1, 0xe2, 0xd, 0x0, 0xf2,
    0xa, 0xa8, 0x3, 0xd4, 0x15, 0xff, 0x48, 0x1,
    0x34, 0x3, 0x20, 0x4, 0x80, 0x8, 0xdd, 0x0,
    0x6, 0x43, 0x1c, 0x80, 0x28, 0x8, 0x30, 0xe,
    0x70, 0x70, 0xe, 0x21, 0x40, 0xf, 0x30, 0x18,
    0x7, 0x88, 0x3c, 0x3, 0xc0,

    /* U+06F7 "۷" */
    0xf, 0xf0, 0x7, 0xf7, 0xf0, 0x1, 0x41, 0x0,
    0x3e, 0x40, 0x70, 0x7, 0x86, 0x80, 0x7d, 0xc1,
    0xa0, 0x5, 0x7, 0x0, 0xf9, 0x5, 0x0, 0x25,
    0x13, 0x0, 0xe4, 0x17, 0x0, 0xde, 0x16, 0x1,
    0xda, 0x1a, 0x1, 0x94, 0x14, 0x3, 0x9c, 0x50,
    0x3, 0x90, 0x88, 0x1, 0x20, 0xb8, 0x7, 0xb4,
    0x14, 0x2, 0xd0, 0xd0, 0xf, 0x38, 0x58, 0x4,
    0xe2, 0x80, 0x1e, 0x14, 0x31, 0x3, 0x17, 0x0,
    0xfd, 0xa0, 0xe1, 0x61, 0xa0, 0x1f, 0x9c, 0x34,
    0x14, 0x50, 0x3, 0xf0, 0x9a, 0x20, 0x9c, 0x3,
    0xfd, 0x61, 0x61, 0xa0, 0x1f, 0xe6, 0x0, 0xa,
    0x0, 0x70,

    /* U+06F8 "۸" */
    0x0, 0xf5, 0xda, 0x40, 0x3f, 0xe5, 0x44, 0x31,
    0x0, 0x7f, 0xbc, 0x24, 0x28, 0x3, 0xfc, 0xa6,
    0xc2, 0xa0, 0x1f, 0xca, 0x16, 0xe, 0x46, 0x1,
    0xfb, 0xc1, 0x43, 0x42, 0xc0, 0x3f, 0x29, 0x10,
    0x10, 0x54, 0x3, 0xe5, 0x5, 0x0, 0x90, 0x8c,
    0x3, 0xde, 0x16, 0x1, 0x70, 0x58, 0x7, 0x94,
    0x4c, 0x2, 0x40, 0x60, 0xe, 0x50, 0x70, 0xe,
    0x51, 0x30, 0xd, 0xe1, 0xa0, 0x1d, 0xc1, 0x40,
    0x19, 0x45, 0x0, 0x39, 0x1, 0xc0, 0x25, 0x7,
    0x0, 0xf9, 0x45, 0x0, 0x1e, 0x1a, 0x1, 0xf7,
    0x6, 0x80, 0x14, 0x10, 0x3, 0xe4, 0x7, 0x0,

    /* U+06F9 "۹" */
    0x0, 0x89, 0xe6, 0xef, 0x0, 0x53, 0xb0, 0xc8,
    0x98, 0x1, 0x4c, 0x77, 0xdf, 0xe2, 0x0, 0x1a,
    0x9e, 0x20, 0x80, 0x72, 0x85, 0x80, 0x7e, 0x10,
    0x10, 0xf, 0xc4, 0x18, 0x1, 0xf9, 0x45, 0x54,
    0x1, 0xfa, 0x82, 0xbb, 0x2f, 0x48, 0x2, 0x4d,
    0x63, 0x32, 0x0, 0x78, 0xa7, 0x7f, 0xda, 0x40,
    0x1f, 0xfe, 0xd0,

    /* U+FB51 "ﭑ" */
    0x0, 0xfe, 0x2c, 0xfd, 0x40, 0xb, 0xde, 0xd2,
    0xc0, 0x12, 0x49, 0x6c, 0x2, 0x11, 0x99, 0xc2,
    0x2, 0x67, 0xc0, 0x1a, 0xfc, 0x80, 0x3f, 0xff,
    0xe0, 0x1f, 0xfe, 0x9, 0xbb, 0x28, 0x6, 0x44,
    0x88,

    /* U+FB57 "ﭗ" */
    0x0, 0xff, 0xe1, 0xef, 0x80, 0x7f, 0xf3, 0x88,
    0xc0, 0x3f, 0xf8, 0xf7, 0x88, 0x1, 0xff, 0xc6,
    0x50, 0x50, 0xf, 0xfe, 0x31, 0x80, 0x80, 0x7f,
    0xf1, 0xc8, 0x3, 0xff, 0x90, 0x60, 0x1f, 0xfc,
    0x73, 0x12, 0x0, 0xff, 0xe3, 0x48, 0x7a, 0x0,
    0x7f, 0xf1, 0x56, 0xa, 0xfb, 0x2e, 0xff, 0x10,
    0x5d, 0xa8, 0x2, 0x7d, 0x72, 0x22, 0x27, 0xe0,
    0x2, 0x21, 0x40, 0x31, 0x46, 0x77, 0xff, 0xff,
    0x4, 0x3, 0xff, 0xa1, 0x3e, 0x88, 0xf9, 0x0,
    0xff, 0xec, 0x46, 0xa2, 0x36, 0x0, 0x3f, 0xf8,
    0x62, 0x5b, 0xa2, 0x10, 0xf, 0xfe, 0xd6, 0xe8,
    0x3, 0xfe,

    /* U+FB58 "ﭘ" */
    0x0, 0x9b, 0xdc, 0x3, 0xff, 0xfc, 0x97, 0x69,
    0x0, 0xc4, 0x88, 0x0, 0xe6, 0xff, 0xce, 0x1,
    0xff, 0xf, 0xe8, 0x67, 0x88, 0x7, 0xf0, 0xef,
    0x86, 0xe8, 0x40, 0x4, 0xfe, 0xe4, 0x1, 0xff,
    0xc0, 0x5f, 0x60, 0x0,

    /* U+FB59 "ﭙ" */
    0x0, 0x9b, 0xdc, 0x3, 0xff, 0xfe, 0x1, 0xfc,
    0x97, 0x69, 0xa, 0xbb, 0x21, 0x22, 0x0, 0x4,
    0x88, 0x36, 0xff, 0xf9, 0xc0, 0x1f, 0xa1, 0x9e,
    0x40, 0x1f, 0xfc, 0xd, 0xf0, 0xdd, 0x10, 0x4,
    0x44, 0x1, 0x20, 0xe, 0x5f, 0x60, 0xf, 0xfe,
    0x0,

    /* U+FB67 "ﭧ" */
    0x0, 0xf9, 0x40, 0x3f, 0xf8, 0xe5, 0x44, 0x1,
    0xff, 0xc8, 0xdf, 0xb1, 0x0, 0xff, 0xe1, 0x88,
    0x35, 0xbd, 0x0, 0x7f, 0xf0, 0xf8, 0x1a, 0xcd,
    0x80, 0x3f, 0xf8, 0x7f, 0x99, 0xbc, 0x2, 0xdf,
    0x0, 0xff, 0x11, 0x9e, 0x20, 0xf, 0xf1, 0x18,
    0x7, 0xff, 0x1e, 0xf1, 0x0, 0x3f, 0xf8, 0xca,
    0xa, 0x1, 0xff, 0xc6, 0x20, 0x10, 0xf, 0xfe,
    0x30, 0x90, 0x7, 0xff, 0x20, 0xc0, 0x3f, 0xf8,
    0xe6, 0x24, 0x1, 0xff, 0xc6, 0x90, 0xf4, 0x0,
    0xff, 0xe2, 0xab, 0x95, 0xf6, 0x5d, 0xfe, 0x20,
    0xbb, 0x50, 0x5, 0x1a, 0xe4, 0x44, 0x4f, 0xc0,
    0x4, 0x42, 0x80,

    /* U+FB68 "ﭨ" */
    0x0, 0x55, 0x0, 0x3e, 0x5f, 0xe5, 0x0, 0x94,
    0x2e, 0x68, 0x80, 0x13, 0x24, 0x7a, 0x30, 0x59,
    0x97, 0xfa, 0x90, 0x13, 0x33, 0x90, 0x4, 0xcf,
    0x84, 0x2, 0x4b, 0x50, 0xe, 0x24, 0x20, 0xf,
    0xff, 0xb2, 0x5d, 0xa4, 0x3, 0x12, 0x20, 0x3,
    0x80,

    /* U+FB69 "ﭩ" */
    0x0, 0x55, 0x0, 0x3f, 0x2f, 0xf2, 0x80, 0x65,
    0xb, 0x9a, 0x20, 0xa, 0x64, 0x8f, 0x46, 0x0,
    0x59, 0x97, 0xfa, 0x90, 0x0, 0x99, 0x9c, 0x80,
    0x1, 0x33, 0xe1, 0x0, 0xc9, 0x6a, 0x1, 0xe2,
    0x42, 0x0, 0xff, 0xff, 0xa5, 0xda, 0x42, 0xae,
    0xc8, 0x48, 0x80, 0x1, 0x22, 0xc,

    /* U+FB6B "ﭫ" */
    0x0, 0xff, 0xee, 0xe7, 0x80, 0x7f, 0xf8, 0x84,
    0xb7, 0xc8, 0x40, 0x3f, 0xf8, 0xed, 0xae, 0x7b,
    0x40, 0x1f, 0xfe, 0x7, 0xf6, 0x3f, 0xb0, 0xf,
    0xfe, 0xfa, 0x5f, 0x7f, 0xf5, 0x80, 0x7f, 0xf0,
    0xda, 0xd0, 0xd1, 0x22, 0x0, 0xf2, 0x8, 0x7,
    0xf4, 0x8e, 0xea, 0xee, 0xf0, 0xe, 0x4b, 0xb0,
    0x7, 0xe4, 0x6, 0x20, 0xf, 0xf1, 0x86, 0x80,
    0x7e, 0x30, 0xd0, 0xf, 0xfb, 0x80, 0xc0, 0x3f,
    0x78, 0x8, 0x7, 0xfc, 0x60, 0xe0, 0x1f, 0x84,
    0x3, 0xff, 0x98, 0x20, 0x20, 0x1f, 0xf6, 0x85,
    0x80, 0x7e, 0xe0, 0xd0, 0xf, 0xf9, 0x81, 0xd8,
    0x3, 0xe4, 0x6, 0x20, 0xf, 0xf0, 0xe0, 0xcf,
    0xed, 0xdf, 0x48, 0xe, 0xff, 0xae, 0xde, 0xb,
    0x76, 0x70, 0x3e, 0x94, 0x34, 0x4f, 0x0, 0x72,
    0x20, 0x80, 0x51, 0x18,

    /* U+FB6C "ﭬ" */
    0x0, 0xff, 0xe5, 0x5f, 0x80, 0x7f, 0xf3, 0x4,
    0xab, 0xc8, 0x40, 0x3f, 0x36, 0xb9, 0x6d, 0x0,
    0x7f, 0xf2, 0x9f, 0xd8, 0xbe, 0xc0, 0x3f, 0xf9,
    0x29, 0x5d, 0xff, 0xd8, 0x1, 0x9a, 0xd4, 0xd1,
    0x22, 0x0, 0xf4, 0xe, 0xea, 0xee, 0xf0, 0xe,
    0x41, 0x62, 0x0, 0xff, 0x18, 0x70, 0x7, 0xfd,
    0xe0, 0x60, 0x1f, 0xfc, 0xf3, 0x0, 0xff, 0xb8,
    0x38, 0x3, 0xfe, 0x40, 0x62, 0x0, 0xf9, 0x2e,
    0xd2, 0x3, 0xbf, 0xeb, 0xb7, 0x80, 0x9, 0x12,
    0x0, 0xe4, 0x41, 0x0, 0x0,

    /* U+FB6D "ﭭ" */
    0x0, 0xff, 0xe6, 0xdf, 0x80, 0x7f, 0xf4, 0x84,
    0xab, 0xc8, 0x40, 0x3f, 0xe6, 0xd7, 0x2d, 0xa0,
    0xf, 0xfe, 0x83, 0xfb, 0x17, 0xd8, 0x7, 0xff,
    0x3d, 0x2b, 0xbf, 0xfb, 0x0, 0x3e, 0x6b, 0x53,
    0x44, 0x88, 0x3, 0xfa, 0x7, 0x75, 0x77, 0x78,
    0x7, 0xe4, 0x16, 0x20, 0xf, 0xfe, 0x9, 0x87,
    0x0, 0x7f, 0xf0, 0xbc, 0xc, 0x3, 0xff, 0xaa,
    0x60, 0x1f, 0xfc, 0x2e, 0xe, 0x0, 0xff, 0xe1,
    0x20, 0x31, 0x0, 0x7f, 0x92, 0xed, 0x20, 0x3b,
    0xfe, 0xbb, 0x78, 0x15, 0xda, 0x9, 0x12, 0x0,
    0xe4, 0x41, 0x0, 0xa2, 0xc,

    /* U+FB7B "ﭻ" */
    0x0, 0x2d, 0x6f, 0x7f, 0x64, 0x8, 0x7, 0xdc,
    0xa6, 0x48, 0x66, 0x7f, 0x30, 0xf, 0x57, 0xf6,
    0x5e, 0xfb, 0x8f, 0x0, 0x78, 0x40, 0x3d, 0xa,
    0x48, 0x1, 0xff, 0xc1, 0xd0, 0x30, 0xf, 0xfe,
    0x8, 0x80, 0x7f, 0xff, 0x5, 0xa6, 0xae, 0xf0,
    0x55, 0xd9, 0x40, 0xd, 0xd2, 0xca, 0x89, 0x10,
    0x12, 0x20, 0x81, 0x64, 0x6b, 0xbf, 0xbf, 0xbf,
    0xf9, 0xc2, 0x43, 0x54, 0x4f, 0x87, 0x84, 0x3,
    0xc6, 0x26, 0x0, 0x3b, 0xb, 0x10, 0xf, 0xfe,
    0x2, 0xf2, 0x0, 0x7c, 0x62, 0x60, 0x10, 0xe0,
    0x7, 0xe9, 0xd, 0x51, 0x0, 0x8, 0x7, 0xe5,
    0x91, 0xae, 0xff, 0x69, 0x0, 0x7e, 0x6e, 0x96,
    0x55, 0x38, 0x7, 0xc0,

    /* U+FB7C "ﭼ" */
    0x0, 0x14, 0xe6, 0xff, 0xb6, 0x8c, 0x3, 0x33,
    0xc, 0xc, 0xe5, 0xc8, 0x0, 0x93, 0xfd, 0xb9,
    0x8e, 0xc1, 0x74, 0x0, 0xfe, 0x3a, 0xe, 0x0,
    0xff, 0x20, 0x38, 0x7, 0xff, 0x0, 0xc0, 0x3f,
    0xfd, 0x9, 0x77, 0xfe, 0x0, 0x12, 0x27, 0xf8,
    0x0, 0xdf, 0xff, 0xf7, 0x0, 0x7f, 0xf1, 0x67,
    0xd1, 0x1f, 0x20, 0x1f, 0xfc, 0x88, 0xd4, 0x46,
    0xc0, 0x7, 0xc2, 0x5b, 0xc4, 0x20, 0x1f, 0xfc,
    0xad, 0xe0, 0xe,

    /* U+FB7D "ﭽ" */
    0x0, 0x14, 0xe6, 0xff, 0xb6, 0x8c, 0x3, 0xe6,
    0x61, 0x81, 0x9c, 0xb9, 0x0, 0x1e, 0x4f, 0xf6,
    0xe6, 0x3b, 0x5, 0xd0, 0x3, 0xff, 0x80, 0x74,
    0x1c, 0x1, 0xff, 0xc1, 0x40, 0x70, 0xf, 0xfe,
    0x19, 0x80, 0x7f, 0xfd, 0xd2, 0xef, 0xfc, 0x3,
    0x76, 0x92, 0x44, 0xff, 0x0, 0x11, 0xe, 0xdf,
    0xff, 0xfc, 0x2e, 0x0, 0xff, 0xe4, 0x4f, 0xa2,
    0x3e, 0x40, 0x3f, 0xf9, 0xd1, 0xa8, 0x8d, 0x80,
    0xf, 0xf0, 0x96, 0xf1, 0x8, 0x7, 0xff, 0x43,
    0x78, 0x3, 0xf0,

    /* U+FB89 "ﮉ" */
    0x0, 0xf, 0x98, 0x7, 0xff, 0x7, 0x3e, 0xc4,
    0x3, 0xfc, 0x76, 0xf4, 0x1, 0xfc, 0xba, 0x9d,
    0xe0, 0x1f, 0xb5, 0x7b, 0xf6, 0x80, 0x3f, 0x76,
    0x67, 0x0, 0x7e, 0x23, 0x3c, 0x40, 0x1f, 0xb3,
    0xfd, 0xd4, 0xa0, 0x1f, 0x91, 0x23, 0x5a, 0xa0,
    0x7, 0xd1, 0x76, 0xdd, 0x1a, 0xb0, 0x7, 0xf8,
    0xb8, 0x2c, 0x3, 0xfe, 0x22, 0x84, 0x3, 0xfe,
    0x60, 0x20, 0xf, 0xf8, 0x40, 0x3f, 0xf8, 0x6e,
    0x1, 0xff, 0xd4, 0xbb, 0xf9, 0x42, 0x2e, 0xc4,
    0x8, 0x9f, 0x0, 0xd, 0x10, 0x20,

    /* U+FB8B "ﮋ" */
    0x0, 0xff, 0xe1, 0x1f, 0xc0, 0x7, 0xff, 0x10,
    0x87, 0xe4, 0x80, 0x3b, 0x34, 0x2f, 0x4c, 0x3,
    0xff, 0x85, 0xde, 0x15, 0xe6, 0x1, 0xff, 0xc3,
    0x3e, 0x80, 0xf, 0x9c, 0x44, 0x1, 0xff, 0xff,
    0x0, 0xff, 0xe1, 0x35, 0xd9, 0x80, 0x3e, 0x44,
    0x78, 0x7, 0x9b, 0xfd, 0x20, 0x18, 0xc3, 0x80,
    0x3c, 0x52, 0xa, 0x1, 0xaf, 0x34, 0x60, 0x80,
    0x21, 0x43, 0x35, 0x38, 0x6,

    /* U+FB8D "ﮍ" */
    0x0, 0x9f, 0x40, 0x3f, 0x8b, 0xbd, 0xc0, 0x3a,
    0xc2, 0xea, 0x10, 0x3, 0x4c, 0x2a, 0xad, 0x80,
    0x23, 0xa8, 0xff, 0x5d, 0x0, 0x47, 0x99, 0xd2,
    0x1, 0x8c, 0xf8, 0x40, 0x38, 0xad, 0x80, 0x3e,
    0x64, 0xf0, 0xf, 0xff, 0xf8, 0x7, 0xff, 0x9,
    0xae, 0xcc, 0x1, 0xf2, 0x23, 0xc0, 0x3c, 0xdf,
    0xe9, 0x0, 0xc6, 0x1c, 0x1, 0xe2, 0x90, 0x50,
    0xd, 0x79, 0xa3, 0x4, 0x1, 0xa, 0x19, 0xa9,
    0xc0, 0x30,

    /* U+FB8F "ﮏ" */
    0x0, 0xfc, 0x24, 0x1, 0xff, 0xc7, 0xbd, 0x40,
    0xf, 0xfe, 0x2a, 0x29, 0x20, 0x7, 0xff, 0x16,
    0x42, 0x40, 0x3f, 0xf8, 0xac, 0x4a, 0x80, 0x1f,
    0xfc, 0x58, 0x8, 0x0, 0xff, 0xe2, 0xb0, 0xb1,
    0x0, 0x7f, 0xf1, 0x5c, 0x5b, 0xff, 0xb5, 0xc0,
    0x3e, 0x35, 0x10, 0x1a, 0x44, 0xe3, 0x28, 0xb0,
    0xf, 0x55, 0x14, 0x0, 0x97, 0x7d, 0x9c, 0x68,
    0xa0, 0x1c, 0xa0, 0xa0, 0x1f, 0xc3, 0xe1, 0xc0,
    0x1c, 0x40, 0x20, 0x1f, 0xe3, 0x5, 0x0, 0xe1,
    0x20, 0xf, 0xfe, 0x1, 0x8, 0x7, 0x8c, 0x3,
    0xff, 0x8e, 0x62, 0x60, 0x1f, 0xfc, 0x69, 0xe,
    0x40, 0xf, 0xfe, 0x2a, 0xc1, 0x5f, 0x65, 0xdf,
    0xe2, 0xb, 0xb5, 0x0, 0x4f, 0xae, 0x44, 0x44,
    0xfc, 0x0, 0x44, 0x28, 0x0,

    /* U+FB90 "ﮐ" */
    0x0, 0xf1, 0x80, 0x7f, 0xf0, 0x5f, 0x1c, 0x3,
    0xfe, 0x28, 0x5, 0x0, 0xff, 0xa0, 0x20, 0x80,
    0x3f, 0xc8, 0xa4, 0xe0, 0x1f, 0xf4, 0x4, 0x80,
    0x7f, 0xc6, 0x72, 0x0, 0x7f, 0xc6, 0x27, 0xff,
    0xdb, 0x0, 0x1e, 0xc4, 0x4f, 0x1b, 0xe8, 0x7,
    0x15, 0xdf, 0xb9, 0x4a, 0x0, 0x3f, 0xf8, 0x16,
    0xc, 0x1, 0xff, 0xc0, 0x13, 0x11, 0x0, 0x7f,
    0xf0, 0x18, 0xc, 0x3, 0xff, 0x84, 0x20, 0x1f,
    0xfd, 0x24, 0xbb, 0xff, 0x94, 0x0, 0x48, 0x9f,
    0xf0, 0x4,

    /* U+FB91 "ﮑ" */
    0x0, 0xf1, 0x80, 0x7f, 0xf1, 0x1f, 0x1c, 0x3,
    0xff, 0x84, 0x50, 0xa, 0x1, 0xff, 0xc2, 0x80,
    0x82, 0x0, 0xff, 0xe0, 0xa2, 0x93, 0x80, 0x7f,
    0xf0, 0xa0, 0x24, 0x3, 0xff, 0x84, 0x67, 0x20,
    0x7, 0xff, 0x8, 0xc4, 0xff, 0xfb, 0x60, 0x3,
    0xfb, 0x11, 0x3c, 0x6f, 0xa0, 0x1f, 0x8a, 0xef,
    0xdc, 0xa5, 0x0, 0x1f, 0xfc, 0x3b, 0x6, 0x0,
    0xff, 0xe1, 0x89, 0x88, 0x80, 0x3f, 0xf8, 0x6c,
    0x6, 0x1, 0xff, 0xc5, 0x10, 0xf, 0xfe, 0xda,
    0x5d, 0xff, 0xca, 0x1f, 0x76, 0x12, 0x44, 0xff,
    0x80, 0x6, 0x88, 0x20,

    /* U+FB93 "ﮓ" */
    0x0, 0xf9, 0x40, 0x3f, 0xf8, 0xf3, 0x64, 0x40,
    0xf, 0xfe, 0x21, 0xb5, 0xc6, 0xa0, 0x7, 0xff,
    0xf, 0xd0, 0x54, 0x90, 0x3, 0xff, 0x84, 0x87,
    0x12, 0x12, 0x1, 0xff, 0xc3, 0xf6, 0x52, 0x54,
    0x0, 0xff, 0xe1, 0xf5, 0xc0, 0x40, 0x7, 0xff,
    0x11, 0x50, 0x58, 0x80, 0x3f, 0xf8, 0xae, 0x2d,
    0xff, 0xda, 0xe0, 0x1f, 0x1a, 0x88, 0xd, 0x22,
    0x71, 0x94, 0x58, 0x7, 0xaa, 0x8a, 0x0, 0x4b,
    0xbe, 0xce, 0x34, 0x50, 0xe, 0x50, 0x50, 0xf,
    0xe1, 0xf0, 0xe0, 0xe, 0x20, 0x10, 0xf, 0xf1,
    0x82, 0x80, 0x70, 0x90, 0x7, 0xff, 0x0, 0x84,
    0x3, 0xc6, 0x1, 0xff, 0xc7, 0x31, 0x30, 0xf,
    0xfe, 0x34, 0x87, 0x20, 0x7, 0xff, 0x15, 0x60,
    0xaf, 0xb2, 0xef, 0xf1, 0x5, 0xda, 0x80, 0x27,
    0xd7, 0x22, 0x22, 0x7e, 0x0, 0x22, 0x14, 0x0,

    /* U+FB94 "ﮔ" */
    0x0, 0xe5, 0x0, 0xff, 0xe1, 0x3d, 0x11, 0x80,
    0x7f, 0xc3, 0x10, 0x6c, 0xa0, 0xf, 0xf5, 0x93,
    0xc8, 0x70, 0x7, 0xf1, 0x2c, 0xb9, 0x2a, 0x0,
    0x7f, 0x42, 0x2c, 0x5, 0x80, 0x7f, 0xa6, 0x20,
    0x10, 0x20, 0x1f, 0xe3, 0x33, 0xb, 0x80, 0x7f,
    0xf0, 0x58, 0x7f, 0xfb, 0xa4, 0x80, 0x3d, 0x2a,
    0x89, 0xc0, 0xd8, 0x40, 0x1e, 0xab, 0xbe, 0xe8,
    0x19, 0x0, 0xff, 0xe0, 0xb9, 0x20, 0x80, 0x7f,
    0xf0, 0x50, 0x14, 0x3, 0xff, 0x83, 0xc0, 0x40,
    0x1f, 0xfe, 0x44, 0xbb, 0xff, 0xe0, 0x40, 0x0,
    0x91, 0x3f, 0xf8, 0x0, 0x10,

    /* U+FB95 "ﮕ" */
    0x0, 0xe5, 0x0, 0xff, 0xe2, 0xbd, 0x11, 0x80,
    0x7f, 0xf0, 0x86, 0x20, 0xd9, 0x40, 0x1f, 0xfc,
    0x1b, 0x27, 0x90, 0xe0, 0xf, 0xfe, 0x1, 0x2c,
    0xb9, 0x2a, 0x0, 0x7f, 0xf0, 0x21, 0x16, 0x2,
    0xc0, 0x3f, 0xf8, 0x33, 0x10, 0x8, 0x10, 0xf,
    0xfe, 0x9, 0x99, 0x85, 0xc0, 0x3f, 0xf8, 0x8c,
    0x3f, 0xfd, 0xd2, 0x40, 0x1f, 0xd2, 0xa8, 0x9c,
    0xd, 0x84, 0x1, 0xfd, 0x57, 0x7d, 0xd0, 0x32,
    0x1, 0xff, 0xc4, 0x72, 0x41, 0x0, 0xff, 0xe2,
    0x20, 0x28, 0x7, 0xff, 0x13, 0x80, 0x80, 0x3f,
    0xfe, 0x9, 0x77, 0xff, 0xc0, 0x80, 0xbb, 0x90,
    0x91, 0x3f, 0xf8, 0x0, 0x2, 0x44, 0x10,

    /* U+FB9F "ﮟ" */
    0x0, 0xff, 0xe0, 0x5f, 0x98, 0x7, 0xff, 0xfc,
    0xa, 0x94, 0x3, 0xff, 0x86, 0xeb, 0x80, 0x1f,
    0xfc, 0x32, 0xf, 0x0, 0xff, 0xe1, 0xe8, 0x10,
    0x7, 0xff, 0xd, 0x81, 0x40, 0x3f, 0xf8, 0x64,
    0x2, 0x1, 0xfe, 0xfb, 0xb0, 0x80, 0x88, 0x3,
    0xfe, 0x34, 0x41, 0x80, 0xc, 0x3, 0xfe, 0xdf,
    0xf1, 0x0, 0x90, 0x7, 0xf3, 0x1, 0x80, 0x67,
    0x8, 0x0, 0xf9, 0x8, 0xc4, 0x3, 0x40, 0xbc,
    0x88, 0x6, 0x5a, 0x8, 0x0, 0xe1, 0xc2, 0x6e,
    0xdb, 0xce, 0xa1, 0xa4, 0x0, 0xf1, 0x6c, 0xa1,
    0xa1, 0x11, 0xf9, 0x40, 0x38,

    /* U+FBA7 "ﮧ" */
    0x0, 0xa3, 0x7b, 0xff, 0x90, 0x3, 0xb5, 0xcc,
    0x91, 0x20, 0xf, 0xa0, 0x9b, 0xb2, 0xee, 0x60,
    0xf, 0x20, 0x40, 0x7, 0xff, 0x0, 0xc4, 0x40,
    0x1f, 0xfc, 0x13, 0x0, 0xff, 0xff, 0x80, 0x7e,
    0xab, 0xb1, 0x0, 0x7f, 0xc2, 0x88, 0x60,

    /* U+FBA8 "ﮨ" */
    0x0, 0x9b, 0xdc, 0x3, 0xff, 0xd4, 0x97, 0x69,
    0x0, 0x12, 0x20, 0x2, 0x6f, 0xfc, 0xe0, 0x1f,
    0x8f, 0xdc, 0x2, 0x40, 0x30, 0xb, 0x41, 0x0,
    0x24, 0x20, 0x8, 0x85, 0xc0, 0x0,

    /* U+FBA9 "ﮩ" */
    0x4b, 0xbc, 0xc0, 0x19, 0xae, 0xf1, 0x11, 0x13,
    0x78, 0x6, 0xf4, 0x4c, 0xcc, 0xff, 0x58, 0x7,
    0xeb, 0xff, 0x20, 0x7, 0x10, 0x7, 0xff, 0x5,
    0x81, 0xc0, 0x3f, 0xf8, 0x24, 0x6, 0x1, 0xff,
    0xc2, 0x40, 0x60, 0xf, 0xfe, 0xf, 0x84, 0x28,
    0x80, 0x7f, 0xc9, 0x3, 0x5d, 0xec, 0x1, 0xfe,
    0x7d, 0x86, 0x54, 0x66, 0x0, 0x40,

    /* U+FBAB "ﮫ" */
    0x0, 0x89, 0xa7, 0x3b, 0xfd, 0xd6, 0xc0, 0x1f,
    0xf7, 0xcb, 0x11, 0xc, 0xc0, 0x93, 0xc8, 0x1,
    0xfd, 0xdb, 0xfd, 0x99, 0x76, 0xb8, 0xda, 0x0,
    0x7e, 0x32, 0x0, 0xf1, 0x45, 0x85, 0x0, 0x7f,
    0xf1, 0x91, 0x85, 0xc0, 0x3f, 0x15, 0x77, 0xd9,
    0x80, 0x6a, 0xc, 0x0, 0xf9, 0x35, 0x48, 0xd3,
    0x14, 0x2, 0x30, 0x50, 0xf, 0xa8, 0x2b, 0x31,
    0x61, 0x40, 0x18, 0x44, 0x1, 0xe3, 0x15, 0x50,
    0x1, 0x18, 0x14, 0x2, 0x30, 0xf, 0x98, 0x8,
    0x3, 0x78, 0x10, 0x7, 0x8, 0x7, 0xff, 0x36,
    0xe4, 0x16, 0xef, 0x82, 0xae, 0xe2, 0xa, 0xba,
    0x0, 0x21, 0x81, 0x22, 0x62, 0x2, 0x44, 0x80,
    0x8, 0x85, 0x10,

    /* U+FBAC "ﮬ" */
    0x0, 0xc2, 0xb3, 0x7b, 0xfe, 0xeb, 0x71, 0x0,
    0xfd, 0x74, 0xca, 0x6, 0x72, 0x47, 0x38, 0x7,
    0xd1, 0x9f, 0xdb, 0x98, 0xde, 0x91, 0x87, 0x0,
    0xf1, 0x18, 0x7, 0x85, 0xbc, 0x60, 0x80, 0x3f,
    0xf8, 0x63, 0x61, 0x0, 0x1e, 0x19, 0xef, 0xc5,
    0x0, 0xca, 0xa, 0x1, 0xc3, 0xec, 0x68, 0x75,
    0x0, 0x19, 0x0, 0x80, 0x35, 0x8b, 0x6d, 0xe8,
    0xb9, 0x80, 0x42, 0x2, 0x1, 0x94, 0x64, 0x0,
    0x56, 0x16, 0x1, 0x18, 0x38, 0x4, 0x40, 0xa0,
    0x19, 0x80, 0x80, 0x3f, 0xf9, 0xa9, 0x76, 0x90,
    0x5b, 0xbd, 0xe0, 0x97, 0x73, 0x0, 0x9, 0x12,
    0x1, 0x44, 0xc6, 0x2, 0x89, 0x0, 0x40,

    /* U+FBAD "ﮭ" */
    0x0, 0xc4, 0xd3, 0x9d, 0xfe, 0xeb, 0x60, 0xf,
    0xfe, 0x7, 0xcb, 0x11, 0xc, 0xc0, 0x93, 0xc8,
    0x1, 0xfe, 0xed, 0xfe, 0xcc, 0xbb, 0x5c, 0x6d,
    0x0, 0x3f, 0x8c, 0x80, 0x3c, 0x51, 0x61, 0x40,
    0x1f, 0xfc, 0x74, 0x61, 0x70, 0xf, 0xe2, 0xae,
    0xfb, 0x30, 0xd, 0x41, 0x80, 0x1f, 0x93, 0x54,
    0x8d, 0x31, 0x40, 0x23, 0x5, 0x0, 0xfd, 0x41,
    0x59, 0x8b, 0xa, 0x0, 0xc2, 0x20, 0xf, 0x8c,
    0x55, 0x40, 0x4, 0x60, 0x50, 0x8, 0xc0, 0x3f,
    0x30, 0x10, 0x6, 0xf0, 0x20, 0xe, 0x10, 0xf,
    0xfe, 0x6a, 0x5d, 0xa4, 0x16, 0xef, 0x82, 0xae,
    0xe2, 0xa, 0xba, 0x2, 0x44, 0x18, 0x12, 0x26,
    0x20, 0x24, 0x48, 0x0, 0x88, 0x51,

    /* U+FBAF "ﮯ" */
    0x0, 0x4d, 0xdf, 0xff, 0x8, 0xc3, 0x59, 0x13,
    0xff, 0x84, 0xc0, 0x44, 0xff, 0xff, 0xe1, 0x28,
    0x7, 0xff, 0x1c, 0x8a, 0x0, 0xff, 0xe1, 0xd8,
    0x7a, 0x88, 0x7, 0xff, 0x5, 0x9c, 0xab, 0xbf,
    0xff, 0x30, 0x7, 0x46, 0xc3, 0x2a, 0x27, 0xc4,
    0x1, 0x0,

    /* U+FBB1 "ﮱ" */
    0x0, 0xff, 0xe4, 0x4f, 0xf0, 0x80, 0x7f, 0xf0,
    0x5d, 0xaa, 0x82, 0x1, 0xff, 0xc1, 0xd2, 0x54,
    0x0, 0xff, 0xe0, 0x8a, 0x97, 0xfa, 0x40, 0x3f,
    0xf8, 0x3, 0x97, 0x98, 0xb0, 0xf, 0xfe, 0x9,
    0xa1, 0x98, 0x80, 0x3f, 0xf8, 0x53, 0x77, 0xff,
    0xc2, 0x30, 0xd6, 0x44, 0xff, 0xe1, 0x30, 0x11,
    0x3f, 0xff, 0xf8, 0x4a, 0x1, 0xff, 0xc7, 0x22,
    0x80, 0x3f, 0xf8, 0x76, 0x1e, 0xa2, 0x1, 0xff,
    0xc1, 0x67, 0x2a, 0xef, 0xff, 0xcc, 0x1, 0xd1,
    0xb0, 0xca, 0x89, 0xf1, 0x0, 0x40,

    /* U+FBB2 "﮲" */
    0x12, 0x9, 0xd5, 0x0, 0x80,

    /* U+FBB3 "﮳" */
    0x12, 0x9, 0xd5, 0x0, 0x80,

    /* U+FBB4 "﮴" */
    0x22, 0x0, 0x90, 0x66, 0x84, 0x6a, 0x0, 0x78,

    /* U+FBB5 "﮵" */
    0x22, 0x0, 0x90, 0x7e, 0x84, 0x6a, 0x0, 0x78,

    /* U+FBB6 "﮶" */
    0x0, 0xfd, 0xbc, 0x1, 0xf8, 0x4b, 0x78, 0x86,
    0x35, 0x11, 0xb0, 0x1, 0xe0,

    /* U+FBB7 "﮷" */
    0x0, 0xfd, 0x1e, 0x60, 0x1f, 0x8a, 0x7c, 0x49,
    0x36, 0x3, 0x70, 0x3, 0xc0,

    /* U+FBB8 "﮸" */
    0x12, 0x0, 0x10, 0xc6, 0xa2, 0x36, 0x0, 0x3d,
    0x3e, 0x88, 0xf9, 0x0, 0x6f, 0x0, 0x7e,

    /* U+FBB9 "﮹" */
    0x12, 0x0, 0x10, 0xc6, 0xa2, 0x36, 0x0, 0x3d,
    0x3e, 0x88, 0xf9, 0x0, 0x6f, 0x0, 0x7e,

    /* U+FBBD "﮽" */
    0x8f, 0x50, 0xa, 0x75, 0x40, 0x29, 0xd5, 0x0,
    0x80,

    /* U+FBBE "﮾" */
    0x8f, 0x50, 0xa, 0x75, 0x40, 0x29, 0xd5, 0x0,
    0x80,

    /* U+FBE8 "ﯨ" */
    0x0, 0x9b, 0xdc, 0x3, 0xff, 0xd4, 0x97, 0x69,
    0x0, 0x12, 0x20, 0x2,

    /* U+FBE9 "ﯩ" */
    0x0, 0x9b, 0xdc, 0x3, 0xff, 0xfe, 0x1, 0xfc,
    0x97, 0x69, 0xa, 0xbb, 0x21, 0x22, 0x0, 0x4,
    0x88, 0x30,

    /* U+FBFD "ﯽ" */
    0x3, 0x51, 0x0, 0xff, 0xe3, 0xd5, 0x14, 0x3,
    0xff, 0x8e, 0x40, 0xc0, 0x1f, 0xe1, 0x0, 0xfc,
    0xc0, 0x40, 0x1f, 0xc5, 0xdb, 0x77, 0xcc, 0x4,
    0x20, 0x1f, 0xf2, 0x9a, 0x27, 0x78, 0x0, 0xc0,
    0x3f, 0xc5, 0x5d, 0xfe, 0x1, 0xf9, 0x0, 0x10,
    0x7, 0xff, 0x8, 0x40, 0x80, 0x25, 0x7, 0x0,
    0xff, 0xe0, 0xb8, 0x20, 0x5, 0x1, 0x10, 0x10,
    0xf, 0xf2, 0x40, 0x50, 0x4, 0x58, 0x4f, 0xd9,
    0x77, 0xfb, 0x6c, 0x68, 0x80, 0x31, 0xec, 0xa1,
    0x22, 0x7e, 0x35, 0xc5, 0x0, 0x80,

    /* U+FBFE "ﯾ" */
    0x0, 0x9b, 0xdc, 0x3, 0xff, 0xfc, 0x97, 0x69,
    0x0, 0xc4, 0x88, 0x0, 0xe6, 0xff, 0xce, 0x1,
    0xff, 0xc0, 0xfd, 0xc, 0xf2, 0x0, 0xff, 0x6f,
    0x86, 0xe8, 0x80,

    /* U+FBFF "ﯿ" */
    0x0, 0x9b, 0xdc, 0x3, 0xff, 0xfe, 0x1, 0xfc,
    0x97, 0x69, 0xa, 0xbb, 0x21, 0x22, 0x0, 0x4,
    0x88, 0x36, 0xff, 0xf9, 0xc0, 0x3f, 0xef, 0xd0,
    0xcf, 0x20, 0xf, 0xfe, 0x6, 0xf8, 0x6e, 0x88,
    0x0,

    /* U+FC43 "ﱃ" */
    0x0, 0xff, 0xe4, 0x1f, 0xd0, 0x7, 0xff, 0xfc,
    0x3, 0xff, 0xfe, 0x1, 0xff, 0xff, 0x0, 0xff,
    0xe8, 0x9a, 0x88, 0x7, 0xff, 0x22, 0xa8, 0xa0,
    0x1f, 0xfc, 0x82, 0x6, 0x0, 0xff, 0x8, 0x7,
    0xf3, 0x1, 0x0, 0x7f, 0x17, 0x6d, 0xff, 0xd8,
    0x1, 0x10, 0x80, 0x7f, 0xca, 0x68, 0x1, 0xf8,
    0xc0, 0x3f, 0xc5, 0x5d, 0xfe, 0x1, 0xff, 0x50,
    0x0, 0x80, 0x3f, 0xf8, 0x42, 0x4, 0x1, 0x94,
    0x1c, 0x3, 0xff, 0x82, 0xe0, 0x80, 0x1a, 0x2,
    0x20, 0x20, 0x1f, 0xe4, 0x80, 0xa0, 0xc, 0x58,
    0x4f, 0xd9, 0x77, 0xfb, 0x6c, 0x68, 0x80, 0x38,
    0xf6, 0x50, 0x91, 0x3f, 0x1a, 0xe2, 0x80, 0x60,

    /* U+FC44 "ﱄ" */
    0x0, 0xff, 0xe4, 0x1f, 0xd0, 0x7, 0xff, 0xfc,
    0x3, 0xff, 0xfe, 0x1, 0xff, 0xff, 0x0, 0xff,
    0xe8, 0x9a, 0x88, 0x7, 0xff, 0x22, 0xa8, 0xa0,
    0x1f, 0xfc, 0x82, 0x6, 0x0, 0xff, 0x8, 0x7,
    0xf3, 0x1, 0x0, 0x7f, 0x17, 0x6d, 0xff, 0xd8,
    0x1, 0x10, 0x80, 0x7f, 0xca, 0x68, 0x1, 0xf8,
    0xc0, 0x3f, 0xc5, 0x5d, 0xfe, 0x1, 0xff, 0x50,
    0x0, 0x80, 0x3f, 0xf8, 0x42, 0x4, 0x1, 0x94,
    0x1c, 0x3, 0xff, 0x82, 0xe0, 0x80, 0x1a, 0x2,
    0x20, 0x20, 0x1f, 0xe4, 0x80, 0xa0, 0xc, 0x58,
    0x4f, 0xd9, 0x77, 0xfb, 0x6c, 0x68, 0x80, 0x38,
    0xf6, 0x50, 0x91, 0x3f, 0x1a, 0xe2, 0x80, 0x7e,
    0x6b, 0xef, 0xff, 0xdd, 0x46, 0x1, 0xff, 0xd7,
    0x2f, 0xc0, 0xdf, 0x0, 0xff, 0xee, 0x16, 0xe8,
    0x3f, 0x40, 0x3f, 0xc0,

    /* U+FC64 "ﱤ" */
    0x0, 0xff, 0xe8, 0x27, 0x7b, 0x80, 0x7f, 0xf0,
    0x6d, 0x2d, 0x80, 0x3f, 0xf8, 0x4, 0x1c, 0x82,
    0x1, 0xff, 0xc0, 0x80, 0xbf, 0xf0, 0x80, 0x7f,
    0xd1, 0x79, 0x90, 0x80, 0x7f, 0xc4, 0x86, 0x70,
    0x7, 0x8f, 0x60, 0x3, 0x16, 0xc0, 0x7, 0xce,
    0x42, 0x1, 0x84, 0x88, 0x1, 0xfc, 0xf7, 0x7b,
    0xc0, 0x3f, 0xe1, 0x44, 0xc6, 0x1, 0xff, 0x37,
    0xfe, 0xc0, 0xf, 0xff, 0xf8, 0x7, 0xff, 0x41,
    0x6e, 0xce, 0x1, 0xff, 0xc2, 0x44, 0x68, 0x7,
    0xfc, 0x7f, 0xfa, 0x80, 0x31, 0x87, 0x0, 0x7f,
    0xf0, 0x4a, 0x41, 0x40, 0x3f, 0xeb, 0xcd, 0x18,
    0x20, 0xf, 0xf0, 0xa1, 0x9a, 0x9c, 0x3, 0xfe,

    /* U+FC65 "ﱥ" */
    0x0, 0xff, 0xe8, 0x27, 0x7b, 0x80, 0x7f, 0xf0,
    0x6d, 0x2d, 0x80, 0x3c, 0x7d, 0x0, 0x11, 0x7,
    0x20, 0x80, 0x79, 0xc4, 0x40, 0x14, 0x5, 0xff,
    0x84, 0x3, 0x93, 0x2c, 0x2, 0x8b, 0xcc, 0x84,
    0x3, 0xc6, 0x40, 0x11, 0x21, 0x9c, 0x1, 0xe3,
    0xd8, 0x0, 0xc5, 0xb0, 0x1, 0xf3, 0x90, 0x80,
    0x61, 0x22, 0x0, 0x7f, 0x3d, 0xde, 0xf0, 0xf,
    0xf8, 0x51, 0x31, 0x80, 0x7f, 0xcd, 0xff, 0xb0,
    0x3, 0xff, 0xfe, 0x1, 0xff, 0xd0, 0x5b, 0xb3,
    0x80, 0x7f, 0xf0, 0x91, 0x1a, 0x1, 0xff, 0x1f,
    0xfe, 0xa0, 0xc, 0x61, 0xc0, 0x1f, 0xfc, 0x12,
    0x90, 0x50, 0xf, 0xfa, 0xf3, 0x46, 0x8, 0x3,
    0xfc, 0x28, 0x66, 0xa7, 0x0, 0xff, 0x80,

    /* U+FC67 "ﱧ" */
    0x0, 0xff, 0xf0, 0x4f, 0xf8, 0x80, 0x3f, 0xf9,
    0xe, 0xd5, 0x64, 0x1, 0xff, 0xc8, 0xe1, 0x54,
    0x0, 0xff, 0x10, 0x80, 0x7e, 0x16, 0x1e, 0xd8,
    0x0, 0xfc, 0xbb, 0x20, 0x1f, 0x87, 0xfd, 0xdb,
    0x0, 0x1f, 0xfd, 0x55, 0xf8, 0x0, 0xaf, 0xcc,
    0x3, 0x57, 0x98, 0x7, 0xff, 0x7b, 0xee, 0xf2,
    0x0, 0x7f, 0xf1, 0xcd, 0x13, 0x8, 0x7, 0xff,
    0x1f, 0x3f, 0xf2, 0x80, 0x78, 0xad, 0x80, 0x3f,
    0xf9, 0x4e, 0x9c, 0x1, 0xff, 0xca, 0x20, 0xe0,
    0xf, 0xfe, 0x56, 0x81, 0x0, 0x7f, 0xf2, 0x98,
    0x14, 0x3, 0xff, 0x94, 0x40, 0x20, 0x1f, 0xfc,
    0x5d, 0xbb, 0x10, 0x8, 0x80, 0x3f, 0xf8, 0xc2,
    0x88, 0x10, 0x1, 0x80, 0x7f, 0xc2, 0x1, 0xab,
    0xff, 0x18, 0x9, 0x0, 0x7f, 0x30, 0x18, 0x7,
    0xfc, 0xe1, 0x0, 0x1f, 0x21, 0x18, 0x80, 0x7f,
    0xd0, 0x2f, 0x22, 0x1, 0x96, 0x82, 0x0, 0x3f,
    0xf8, 0x3, 0x84, 0xdd, 0xb7, 0x9d, 0x43, 0x48,
    0x1, 0xff, 0xc1, 0x2d, 0xa4, 0x34, 0x22, 0x3f,
    0x28, 0x7, 0xff, 0x0,

    /* U+FC68 "ﱨ" */
    0x0, 0xff, 0xf2, 0x27, 0x7b, 0x80, 0x7f, 0xf3,
    0x2d, 0x2d, 0x80, 0x3f, 0xf9, 0x64, 0x1c, 0x82,
    0x1, 0xff, 0xcb, 0x80, 0xbf, 0xf0, 0x80, 0x7f,
    0xf2, 0xa2, 0xf3, 0x21, 0x0, 0xff, 0xe5, 0x12,
    0x19, 0xc0, 0x1f, 0xfc, 0x36, 0xce, 0xff, 0xff,
    0x8, 0x7, 0xff, 0x6, 0xe4, 0xc9, 0x13, 0xf0,
    0x7, 0xff, 0xd, 0x91, 0x1f, 0x97, 0x7f, 0x8c,
    0x3, 0xff, 0x85, 0x81, 0x0, 0x1f, 0xfc, 0xd1,
    0x2, 0x0, 0xff, 0xe6, 0x88, 0x20, 0x7, 0xff,
    0x36, 0x42, 0xa0, 0x80, 0x3f, 0xf8, 0x66, 0xa2,
    0x1, 0xc7, 0x64, 0xfb, 0xa8, 0x30, 0xf, 0xfe,
    0x5, 0x51, 0x40, 0x3c, 0x9b, 0x6c, 0x6f, 0x96,
    0x40, 0x1f, 0xe2, 0x6, 0x0, 0xfc, 0x93, 0xd6,
    0x88, 0xd2, 0x0, 0xfe, 0x60, 0x20, 0xf, 0xf9,
    0x2e, 0x42, 0xc0, 0x36, 0xdd, 0x0, 0x8, 0x40,
    0x3f, 0xf8, 0x4c, 0x8, 0x1, 0x8d, 0x14, 0x40,
    0x6, 0x1, 0xff, 0xc4, 0x30, 0x6, 0x7f, 0xe1,
    0x0, 0x10, 0x7, 0xff, 0x10, 0x80, 0x3f, 0x94,
    0x1c, 0x3, 0xff, 0x82, 0xa0, 0x80, 0x1f, 0xd0,
    0x11, 0x1, 0x0, 0xff, 0x25, 0x85, 0x0, 0x7f,
    0x16, 0x13, 0xf6, 0x5d, 0xfe, 0xeb, 0x1a, 0x20,
    0xf, 0xf1, 0xec, 0xa1, 0x22, 0x7e, 0x5, 0xc5,
    0x0, 0xfe,

    /* U+FC69 "ﱩ" */
    0x0, 0xff, 0xf2, 0x27, 0x7b, 0x80, 0x7f, 0xf3,
    0x2d, 0x2d, 0x80, 0x3f, 0xf9, 0x64, 0x1c, 0x82,
    0x1, 0xff, 0xcb, 0x80, 0xbf, 0xf0, 0x80, 0x7f,
    0xf2, 0xa2, 0xf3, 0x21, 0x0, 0xff, 0xe5, 0x12,
    0x19, 0xc0, 0x1f, 0xfc, 0x36, 0xce, 0xff, 0xff,
    0x8, 0x7, 0xff, 0x6, 0xe4, 0xc9, 0x13, 0xf0,
    0x7, 0xff, 0xd, 0x91, 0x1f, 0x97, 0x7f, 0x8c,
    0x3, 0xff, 0x85, 0x81, 0x0, 0x1f, 0xfc, 0xd1,
    0x2, 0x0, 0xff, 0xe6, 0x88, 0x20, 0x7, 0xff,
    0x36, 0x42, 0xa0, 0x80, 0x3f, 0xf8, 0x66, 0xa2,
    0x1, 0xc7, 0x64, 0xfb, 0xa8, 0x30, 0xf, 0xfe,
    0x5, 0x51, 0x40, 0x3c, 0x9b, 0x6c, 0x6f, 0x96,
    0x40, 0x1f, 0xe2, 0x6, 0x0, 0xfc, 0x93, 0xd6,
    0x88, 0xd2, 0x0, 0xfe, 0x60, 0x20, 0xf, 0xf9,
    0x2e, 0x42, 0xc0, 0x36, 0xdd, 0x0, 0x8, 0x40,
    0x3f, 0xf8, 0x4c, 0x8, 0x1, 0x8d, 0x14, 0x40,
    0x6, 0x1, 0xff, 0xc4, 0x30, 0x6, 0x7f, 0xe1,
    0x0, 0x10, 0x7, 0xff, 0x10, 0x80, 0x3f, 0x94,
    0x1c, 0x3, 0xff, 0x82, 0xa0, 0x80, 0x1f, 0xd0,
    0x11, 0x1, 0x0, 0xff, 0x25, 0x85, 0x0, 0x7f,
    0x16, 0x13, 0xf6, 0x5d, 0xfe, 0xeb, 0x1a, 0x20,
    0xf, 0xf1, 0xec, 0xa1, 0x22, 0x7e, 0x5, 0xc5,
    0x0, 0xff, 0xe0, 0xb5, 0xf7, 0xff, 0xee, 0xa3,
    0x0, 0xff, 0xf0, 0x97, 0xe0, 0x6f, 0x80, 0x7f,
    0xf9, 0x8b, 0x74, 0x1f, 0xa0, 0x1f, 0xfc, 0x30,

    /* U+FC6A "ﱪ" */
    0x0, 0xc9, 0xf2, 0x1, 0x8f, 0xe8, 0x3, 0xff,
    0x9c, 0xf7, 0x7b, 0xc0, 0x3f, 0xe1, 0x44, 0xc6,
    0x1, 0xff, 0x37, 0xfe, 0xc0, 0xf, 0xff, 0xf8,
    0x7, 0xff, 0x41, 0x6e, 0xce, 0x1, 0xff, 0xc2,
    0x44, 0x68, 0x6, 0x10, 0xf, 0x1f, 0xfe, 0xa0,
    0xd, 0xa1, 0xc0, 0x1f, 0xfc, 0x12, 0x60, 0x60,
    0xc, 0x7f, 0x40, 0x1a, 0xf3, 0x46, 0x4, 0x3,
    0xfe, 0x43, 0x35, 0x38, 0x7, 0x1e, 0xd8, 0x4,

    /* U+FC6B "ﱫ" */
    0x0, 0xe2, 0x10, 0xf, 0xfe, 0x12, 0x6c, 0x0,
    0x7f, 0xf4, 0xd3, 0xe4, 0x3, 0xff, 0xa6, 0x9f,
    0x20, 0x18, 0xfe, 0x80, 0x3f, 0xf9, 0xcf, 0x77,
    0xbc, 0x3, 0xfe, 0x14, 0x4c, 0x60, 0x1f, 0xf3,
    0x7f, 0xec, 0x0, 0xff, 0xff, 0x80, 0x7f, 0xf4,
    0x16, 0xec, 0xe0, 0x1f, 0xfc, 0x24, 0x46, 0x80,
    0x61, 0x0, 0xf1, 0xff, 0xea, 0x0, 0xda, 0x1c,
    0x1, 0xff, 0xc1, 0x26, 0x5, 0x0, 0xc7, 0xf4,
    0x1, 0xaf, 0x34, 0x60, 0x80, 0x3f, 0xe4, 0x33,
    0x53, 0x80, 0x71, 0xed, 0x80, 0x40,

    /* U+FC6D "ﱭ" */
    0x0, 0xf8, 0x84, 0x3, 0xff, 0x94, 0xbb, 0x20,
    0x1f, 0xfe, 0x35, 0xf8, 0x0, 0xaf, 0xcc, 0x3,
    0x57, 0x98, 0x7, 0xff, 0x7b, 0xee, 0xf2, 0x0,
    0x7f, 0xf1, 0xcd, 0x13, 0x8, 0x7, 0xff, 0x1f,
    0x3f, 0xf2, 0x80, 0x78, 0xad, 0x80, 0x3f, 0xf9,
    0x4e, 0x9c, 0x1, 0xff, 0xca, 0x20, 0xe0, 0xf,
    0xfe, 0x56, 0x81, 0x0, 0x7f, 0xf2, 0x98, 0x14,
    0x3, 0xff, 0x94, 0x40, 0x20, 0x1f, 0xfc, 0x5d,
    0xbb, 0x10, 0x8, 0x80, 0x3f, 0xf8, 0xc2, 0x88,
    0x10, 0x1, 0x80, 0x7f, 0xc2, 0x1, 0xab, 0xff,
    0x18, 0x9, 0x0, 0x7f, 0x30, 0x18, 0x7, 0xfc,
    0xe1, 0x0, 0x1f, 0x21, 0x18, 0x80, 0x6a, 0xf3,
    0x0, 0xd0, 0x2f, 0x22, 0x1, 0x96, 0x82, 0x0,
    0x3f, 0xf8, 0x3, 0x84, 0xdd, 0xb7, 0x9d, 0x43,
    0x48, 0x1, 0xd7, 0xa6, 0x1, 0xc5, 0xb4, 0x86,
    0x84, 0x47, 0xe5, 0x0, 0xf0, 0x90, 0x6,

    /* U+FC6E "ﱮ" */
    0x0, 0xff, 0x9b, 0x3b, 0xff, 0xfc, 0x20, 0x1f,
    0xfc, 0x1b, 0x93, 0x24, 0x4f, 0xc0, 0x1f, 0xfc,
    0x36, 0x44, 0x7e, 0x5d, 0xfe, 0x30, 0xf, 0xfe,
    0x16, 0x4, 0x0, 0x7f, 0xf3, 0x44, 0x8, 0x3,
    0xff, 0x9a, 0x20, 0x80, 0x1f, 0xfc, 0xd9, 0xa,
    0x82, 0x0, 0xff, 0xe1, 0x9a, 0x88, 0x7, 0x1d,
    0x93, 0xee, 0xa0, 0xc0, 0x3f, 0xf8, 0x15, 0x45,
    0x0, 0xf2, 0x6d, 0xb1, 0xbe, 0x59, 0x0, 0x7f,
    0x88, 0x18, 0x3, 0xf2, 0x4f, 0x5a, 0x23, 0x48,
    0x3, 0xf9, 0x80, 0x80, 0x3f, 0xe4, 0xb9, 0xb,
    0x0, 0xdb, 0x74, 0x0, 0x21, 0x0, 0xff, 0xe1,
    0x30, 0x20, 0x6, 0x34, 0x51, 0x0, 0x18, 0x7,
    0xff, 0x10, 0xc0, 0x19, 0xff, 0x84, 0x0, 0x40,
    0x1f, 0xfc, 0x42, 0x0, 0xfe, 0x50, 0x70, 0xf,
    0xfe, 0xa, 0x82, 0x0, 0x33, 0xc4, 0x3, 0x40,
    0x44, 0x4, 0x3, 0xfc, 0x96, 0x14, 0x1, 0xfc,
    0x58, 0x4f, 0xd9, 0x77, 0xfb, 0xac, 0x68, 0x80,
    0x1b, 0xa1, 0x0, 0xe3, 0xd9, 0x42, 0x44, 0xfc,
    0xb, 0x8a, 0x1, 0x9, 0x0, 0x60,

    /* U+FC6F "ﱯ" */
    0x0, 0xff, 0x9b, 0x3b, 0xff, 0xfc, 0x20, 0x1f,
    0xfc, 0x1b, 0x93, 0x24, 0x4f, 0xc0, 0x1f, 0xfc,
    0x36, 0x44, 0x7e, 0x5d, 0xfe, 0x30, 0xf, 0xfe,
    0x16, 0x4, 0x0, 0x7f, 0xf3, 0x44, 0x8, 0x3,
    0xff, 0x9a, 0x20, 0x80, 0x1f, 0xfc, 0xd9, 0xa,
    0x82, 0x0, 0xff, 0xe1, 0x9a, 0x88, 0x7, 0x1d,
    0x93, 0xee, 0xa0, 0xc0, 0x3f, 0xf8, 0x15, 0x45,
    0x0, 0xf2, 0x6d, 0xb1, 0xbe, 0x59, 0x0, 0x7f,
    0x88, 0x18, 0x3, 0xf2, 0x4f, 0x5a, 0x23, 0x48,
    0x3, 0xf9, 0x80, 0x80, 0x3f, 0xe4, 0xb9, 0xb,
    0x0, 0xdb, 0x74, 0x0, 0x21, 0x0, 0xff, 0xe1,
    0x30, 0x20, 0x6, 0x34, 0x51, 0x0, 0x18, 0x7,
    0xff, 0x10, 0xc0, 0x19, 0xff, 0x84, 0x0, 0x40,
    0x1f, 0xfc, 0x42, 0x0, 0xfe, 0x50, 0x70, 0xf,
    0xfe, 0xa, 0x82, 0x0, 0x33, 0xc4, 0x3, 0x40,
    0x44, 0x4, 0x3, 0xfc, 0x96, 0x14, 0x1, 0xfc,
    0x58, 0x4f, 0xd9, 0x77, 0xfb, 0xac, 0x68, 0x80,
    0x1b, 0xa1, 0x0, 0xe3, 0xd9, 0x42, 0x44, 0xfc,
    0xb, 0x8a, 0x1, 0x9, 0x0, 0x7e, 0x6b, 0xef,
    0xff, 0xdd, 0x46, 0x1, 0xff, 0xe1, 0x2f, 0xc0,
    0xdf, 0x0, 0xff, 0xf3, 0x16, 0xe8, 0x3f, 0x40,
    0x3f, 0xf8, 0x60,

    /* U+FC70 "ﱰ" */
    0x0, 0xff, 0x11, 0x0, 0x48, 0x3, 0xff, 0x81,
    0xfa, 0x13, 0xaa, 0x1, 0xff, 0xd0, 0xdf, 0x8,
    0xf5, 0x0, 0xff, 0xe5, 0x27, 0xc8, 0x6, 0x3f,
    0xa0, 0xf, 0xfe, 0x73, 0xdd, 0xef, 0x0, 0xff,
    0x85, 0x13, 0x18, 0x7, 0xfc, 0xdf, 0xfb, 0x0,
    0x3f, 0xff, 0xe0, 0x1f, 0xfd, 0x5, 0xbb, 0x38,
    0x7, 0xff, 0x9, 0x11, 0xa0, 0x18, 0x40, 0x3c,
    0x7f, 0xfa, 0x80, 0x36, 0x87, 0x0, 0x7f, 0xf0,
    0x49, 0x81, 0x40, 0x3f, 0xeb, 0xcd, 0x18, 0x20,
    0xf, 0xf0, 0xa1, 0x9a, 0x9c, 0x3, 0xfe,

    /* U+FC71 "ﱱ" */
    0x0, 0xe2, 0x10, 0x8, 0x88, 0x2, 0x40, 0x1e,
    0x4d, 0x80, 0xb, 0xf4, 0x27, 0x54, 0x3, 0xff,
    0x94, 0x9f, 0x20, 0x16, 0xf8, 0x47, 0xa8, 0x7,
    0xff, 0x29, 0x3e, 0x40, 0x31, 0xfd, 0x0, 0x7f,
    0xf3, 0x9e, 0xef, 0x78, 0x7, 0xfc, 0x28, 0x98,
    0xc0, 0x3f, 0xe6, 0xff, 0xd8, 0x1, 0xff, 0xff,
    0x0, 0xff, 0xe8, 0x2d, 0xd9, 0xc0, 0x3f, 0xf8,
    0x48, 0x8d, 0x0, 0xc2, 0x1, 0xe3, 0xff, 0xd4,
    0x1, 0xb4, 0x38, 0x3, 0xff, 0x82, 0x4c, 0xa,
    0x1, 0xff, 0x5e, 0x68, 0xc1, 0x0, 0x7f, 0x85,
    0xc, 0xd4, 0xe0, 0x1f, 0xf0,

    /* U+FC73 "ﱳ" */
    0x0, 0xff, 0xe3, 0x10, 0x81, 0x10, 0x3, 0xff,
    0x8e, 0x9b, 0x1, 0xb8, 0x1, 0xfc, 0x42, 0x1,
    0xf9, 0xc8, 0x40, 0x88, 0x1, 0xf9, 0x76, 0x40,
    0x3f, 0x1e, 0xc0, 0x6e, 0x0, 0x7f, 0xf5, 0x57,
    0xe0, 0x2, 0xbf, 0x30, 0xd, 0x5e, 0x60, 0x1f,
    0xfd, 0xef, 0xbb, 0xc8, 0x1, 0xff, 0xc7, 0x34,
    0x4c, 0x20, 0x1f, 0xfc, 0x7c, 0xff, 0xca, 0x1,
    0xe2, 0xb6, 0x0, 0xff, 0xe5, 0x3a, 0x70, 0x7,
    0xff, 0x28, 0x83, 0x80, 0x3f, 0xf9, 0x5a, 0x4,
    0x1, 0xff, 0xca, 0x60, 0x50, 0xf, 0xfe, 0x51,
    0x0, 0x80, 0x7f, 0xf1, 0x76, 0xec, 0x40, 0x22,
    0x0, 0xff, 0xe3, 0xa, 0x20, 0x40, 0x6, 0x1,
    0xff, 0x8, 0x6, 0xaf, 0xfc, 0x60, 0x24, 0x1,
    0xfc, 0xc0, 0x60, 0x1f, 0xf3, 0x84, 0x0, 0x7c,
    0x84, 0x62, 0x1, 0xff, 0x40, 0xbc, 0x88, 0x6,
    0x5a, 0x8, 0x0, 0xff, 0xe0, 0xe, 0x13, 0x76,
    0xde, 0x75, 0xd, 0x20, 0x7, 0xff, 0x4, 0xb6,
    0x90, 0xd0, 0x88, 0xfc, 0xa0, 0x1f, 0xfc, 0x0,

    /* U+FC74 "ﱴ" */
    0x0, 0xff, 0xe3, 0x91, 0x0, 0x48, 0x3, 0xff,
    0x94, 0x3b, 0xe1, 0xba, 0x10, 0xf, 0xff, 0x28,
    0xfe, 0x86, 0x78, 0x80, 0x7f, 0xf7, 0x9b, 0x3b,
    0xff, 0xfc, 0x20, 0x1f, 0xfc, 0x1b, 0x93, 0x24,
    0x4f, 0xc0, 0x1f, 0xfc, 0x36, 0x44, 0x7e, 0x5d,
    0xfe, 0x30, 0xf, 0xfe, 0x16, 0x4, 0x0, 0x7f,
    0xf3, 0x44, 0x8, 0x3, 0xff, 0x9a, 0x20, 0x80,
    0x1f, 0xfc, 0xd9, 0xa, 0x82, 0x0, 0xff, 0xe1,
    0x9a, 0x88, 0x7, 0x1d, 0x93, 0xee, 0xa0, 0xc0,
    0x3f, 0xf8, 0x15, 0x45, 0x0, 0xf2, 0x6d, 0xb1,
    0xbe, 0x59, 0x0, 0x7f, 0x88, 0x18, 0x3, 0xf2,
    0x4f, 0x5a, 0x23, 0x48, 0x3, 0xf9, 0x80, 0x80,
    0x3f, 0xe4, 0xb9, 0xb, 0x0, 0xdb, 0x74, 0x0,
    0x21, 0x0, 0xff, 0xe1, 0x30, 0x20, 0x6, 0x34,
    0x51, 0x0, 0x18, 0x7, 0xff, 0x10, 0xc0, 0x19,
    0xff, 0x84, 0x0, 0x40, 0x1f, 0xfc, 0x42, 0x0,
    0xfe, 0x50, 0x70, 0xf, 0xfe, 0xa, 0x82, 0x0,
    0x7f, 0x40, 0x44, 0x4, 0x3, 0xfc, 0x96, 0x14,
    0x1, 0xfc, 0x58, 0x4f, 0xd9, 0x77, 0xfb, 0xac,
    0x68, 0x80, 0x3f, 0xc7, 0xb2, 0x84, 0x89, 0xf8,
    0x17, 0x14, 0x3, 0xf8,

    /* U+FC75 "ﱵ" */
    0x0, 0xff, 0xe3, 0x91, 0x0, 0x48, 0x3, 0xff,
    0x94, 0x3b, 0xe1, 0xba, 0x10, 0xf, 0xff, 0x28,
    0xfe, 0x86, 0x78, 0x80, 0x7f, 0xf7, 0x9b, 0x3b,
    0xff, 0xfc, 0x20, 0x1f, 0xfc, 0x1b, 0x93, 0x24,
    0x4f, 0xc0, 0x1f, 0xfc, 0x36, 0x44, 0x7e, 0x5d,
    0xfe, 0x30, 0xf, 0xfe, 0x16, 0x4, 0x0, 0x7f,
    0xf3, 0x44, 0x8, 0x3, 0xff, 0x9a, 0x20, 0x80,
    0x1f, 0xfc, 0xd9, 0xa, 0x82, 0x0, 0xff, 0xe1,
    0x9a, 0x88, 0x7, 0x1d, 0x93, 0xee, 0xa0, 0xc0,
    0x3f, 0xf8, 0x15, 0x45, 0x0, 0xf2, 0x6d, 0xb1,
    0xbe, 0x59, 0x0, 0x7f, 0x88, 0x18, 0x3, 0xf2,
    0x4f, 0x5a, 0x23, 0x48, 0x3, 0xf9, 0x80, 0x80,
    0x3f, 0xe4, 0xb9, 0xb, 0x0, 0xdb, 0x74, 0x0,
    0x21, 0x0, 0xff, 0xe1, 0x30, 0x20, 0x6, 0x34,
    0x51, 0x0, 0x18, 0x7, 0xff, 0x10, 0xc0, 0x19,
    0xff, 0x84, 0x0, 0x40, 0x1f, 0xfc, 0x42, 0x0,
    0xfe, 0x50, 0x70, 0xf, 0xfe, 0xa, 0x82, 0x0,
    0x7f, 0x40, 0x44, 0x4, 0x3, 0xfc, 0x96, 0x14,
    0x1, 0xfc, 0x58, 0x4f, 0xd9, 0x77, 0xfb, 0xac,
    0x68, 0x80, 0x3f, 0xc7, 0xb2, 0x84, 0x89, 0xf8,
    0x17, 0x14, 0x3, 0xff, 0x82, 0xd7, 0xdf, 0xff,
    0xba, 0x8c, 0x3, 0xff, 0xc2, 0x5f, 0x81, 0xbe,
    0x1, 0xff, 0xe6, 0x2d, 0xd0, 0x7e, 0x80, 0x7f,
    0xf0, 0xc0,

    /* U+FC76 "ﱶ" */
    0x0, 0xff, 0xe8, 0x17, 0xc8, 0x7, 0xff, 0x48,
    0x83, 0xe0, 0x80, 0x3f, 0xf8, 0x1f, 0xa1, 0x1a,
    0x80, 0x1f, 0xfd, 0xd, 0xf0, 0x9f, 0x40, 0xf,
    0xfe, 0x52, 0x7c, 0x80, 0x63, 0xfa, 0x0, 0xff,
    0xe7, 0x3d, 0xde, 0xf0, 0xf, 0xf8, 0x51, 0x31,
    0x80, 0x7f, 0xcd, 0xff, 0xb0, 0x3, 0xff, 0xfe,
    0x1, 0xff, 0xd0, 0x5b, 0xb3, 0x80, 0x7f, 0xf0,
    0x91, 0x1a, 0x1, 0x84, 0x3, 0xc7, 0xff, 0xa8,
    0x3, 0x68, 0x70, 0x7, 0xff, 0x4, 0x98, 0x14,
    0x3, 0xfe, 0xbc, 0xd1, 0x82, 0x0, 0xff, 0xa,
    0x19, 0xa9, 0xc0, 0x3f, 0xe0,

    /* U+FC77 "ﱷ" */
    0x0, 0xff, 0xe8, 0x17, 0xc8, 0x7, 0xff, 0x34,
    0x84, 0x2, 0x20, 0xf8, 0x20, 0xf, 0x26, 0xc0,
    0x5, 0xfa, 0x11, 0xa8, 0x1, 0xff, 0xca, 0x4f,
    0x90, 0xb, 0x7c, 0x27, 0xd0, 0x3, 0xff, 0x94,
    0x9f, 0x20, 0x18, 0xfe, 0x80, 0x3f, 0xf9, 0xcf,
    0x77, 0xbc, 0x3, 0xfe, 0x14, 0x4c, 0x60, 0x1f,
    0xf3, 0x7f, 0xec, 0x0, 0xff, 0xff, 0x80, 0x7f,
    0xf4, 0x16, 0xec, 0xe0, 0x1f, 0xfc, 0x24, 0x46,
    0x80, 0x61, 0x0, 0xf1, 0xff, 0xea, 0x0, 0xda,
    0x1c, 0x1, 0xff, 0xc1, 0x26, 0x5, 0x0, 0xff,
    0xaf, 0x34, 0x60, 0x80, 0x3f, 0xc2, 0x86, 0x6a,
    0x70, 0xf, 0xf8,

    /* U+FC79 "ﱹ" */
    0x0, 0xff, 0xf0, 0x4f, 0x90, 0x7, 0xff, 0x88,
    0xa3, 0xc0, 0x80, 0x3f, 0xf8, 0xe9, 0xb0, 0x1b,
    0x80, 0x1f, 0xc4, 0x20, 0x1f, 0x9c, 0xb8, 0x9,
    0x40, 0x3f, 0x2e, 0xc8, 0x7, 0xe3, 0xd7, 0xd,
    0xb0, 0xf, 0xfe, 0xaa, 0xfc, 0x0, 0x57, 0xe6,
    0x1, 0xab, 0xcc, 0x3, 0xff, 0xbd, 0xf7, 0x79,
    0x0, 0x3f, 0xf8, 0xe6, 0x89, 0x84, 0x3, 0xff,
    0x8f, 0x9f, 0xf9, 0x40, 0x3c, 0x56, 0xc0, 0x1f,
    0xfc, 0xa7, 0x4e, 0x0, 0xff, 0xe5, 0x10, 0x70,
    0x7, 0xff, 0x2b, 0x40, 0x80, 0x3f, 0xf9, 0x4c,
    0xa, 0x1, 0xff, 0xca, 0x20, 0x10, 0xf, 0xfe,
    0x2e, 0xdd, 0x88, 0x4, 0x40, 0x1f, 0xfc, 0x61,
    0x44, 0x8, 0x0, 0xc0, 0x3f, 0xe1, 0x0, 0xd5,
    0xff, 0x8c, 0x4, 0x80, 0x3f, 0x98, 0xc, 0x3,
    0xfe, 0x70, 0x80, 0xf, 0x90, 0x8c, 0x40, 0x3f,
    0xe8, 0x17, 0x91, 0x0, 0xcb, 0x41, 0x0, 0x1f,
    0xfc, 0x1, 0xc2, 0x6e, 0xdb, 0xce, 0xa1, 0xa4,
    0x0, 0xff, 0xe0, 0x96, 0xd2, 0x1a, 0x11, 0x1f,
    0x94, 0x3, 0xff, 0x80,

    /* U+FC7A "ﱺ" */
    0x0, 0xff, 0xf2, 0x2f, 0xb0, 0x7, 0xff, 0xa0,
    0x93, 0xdc, 0x80, 0x3f, 0xf9, 0x43, 0xba, 0xd,
    0xd0, 0x80, 0x7f, 0xf9, 0x47, 0xf0, 0x33, 0xc4,
    0x3, 0xff, 0xbc, 0xd9, 0xdf, 0xff, 0xe1, 0x0,
    0xff, 0xe0, 0xdc, 0x99, 0x22, 0x7e, 0x0, 0xff,
    0xe1, 0xb2, 0x23, 0xf2, 0xef, 0xf1, 0x80, 0x7f,
    0xf0, 0xb0, 0x20, 0x3, 0xff, 0x9a, 0x20, 0x40,
    0x1f, 0xfc, 0xd1, 0x4, 0x0, 0xff, 0xe6, 0xc8,
    0x54, 0x10, 0x7, 0xff, 0xc, 0xd4, 0x40, 0x38,
    0xec, 0x9f, 0x75, 0x6, 0x1, 0xff, 0xc0, 0xaa,
    0x28, 0x7, 0x93, 0x6d, 0x8d, 0xf2, 0xc8, 0x3,
    0xfc, 0x40, 0xc0, 0x1f, 0x92, 0x7a, 0xd1, 0x1a,
    0x40, 0x1f, 0xcc, 0x4, 0x1, 0xff, 0x25, 0xc8,
    0x58, 0x6, 0xdb, 0xa0, 0x1, 0x8, 0x7, 0xff,
    0x9, 0x81, 0x0, 0x31, 0xa2, 0x88, 0x0, 0xc0,
    0x3f, 0xf8, 0x86, 0x0, 0xcf, 0xfc, 0x20, 0x2,
    0x0, 0xff, 0xe2, 0x10, 0x7, 0xf2, 0x83, 0x80,
    0x7f, 0xf0, 0x54, 0x10, 0x3, 0xfa, 0x2, 0x20,
    0x20, 0x1f, 0xe4, 0xb0, 0xa0, 0xf, 0xe2, 0xc2,
    0x7e, 0xcb, 0xbf, 0xdd, 0x63, 0x44, 0x1, 0xfe,
    0x3d, 0x94, 0x24, 0x4f, 0xc0, 0xb8, 0xa0, 0x1f,
    0xc0,

    /* U+FC7B "ﱻ" */
    0x0, 0xff, 0xf2, 0x2f, 0xb0, 0x7, 0xff, 0xa0,
    0x93, 0xdc, 0x80, 0x3f, 0xf9, 0x43, 0xba, 0xd,
    0xd0, 0x80, 0x7f, 0xf9, 0x47, 0xf0, 0x33, 0xc4,
    0x3, 0xff, 0xbc, 0xd9, 0xdf, 0xff, 0xe1, 0x0,
    0xff, 0xe0, 0xdc, 0x99, 0x22, 0x7e, 0x0, 0xff,
    0xe1, 0xb2, 0x23, 0xf2, 0xef, 0xf1, 0x80, 0x7f,
    0xf0, 0xb0, 0x20, 0x3, 0xff, 0x9a, 0x20, 0x40,
    0x1f, 0xfc, 0xd1, 0x4, 0x0, 0xff, 0xe6, 0xc8,
    0x54, 0x10, 0x7, 0xff, 0xc, 0xd4, 0x40, 0x38,
    0xec, 0x9f, 0x75, 0x6, 0x1, 0xff, 0xc0, 0xaa,
    0x28, 0x7, 0x93, 0x6d, 0x8d, 0xf2, 0xc8, 0x3,
    0xfc, 0x40, 0xc0, 0x1f, 0x92, 0x7a, 0xd1, 0x1a,
    0x40, 0x1f, 0xcc, 0x4, 0x1, 0xff, 0x25, 0xc8,
    0x58, 0x6, 0xdb, 0xa0, 0x1, 0x8, 0x7, 0xff,
    0x9, 0x81, 0x0, 0x31, 0xa2, 0x88, 0x0, 0xc0,
    0x3f, 0xf8, 0x86, 0x0, 0xcf, 0xfc, 0x20, 0x2,
    0x0, 0xff, 0xe2, 0x10, 0x7, 0xf2, 0x83, 0x80,
    0x7f, 0xf0, 0x54, 0x10, 0x3, 0xfa, 0x2, 0x20,
    0x20, 0x1f, 0xe4, 0xb0, 0xa0, 0xf, 0xe2, 0xc2,
    0x7e, 0xcb, 0xbf, 0xdd, 0x63, 0x44, 0x1, 0xfe,
    0x3d, 0x94, 0x24, 0x4f, 0xc0, 0xb8, 0xa0, 0x1f,
    0xfc, 0x16, 0xbe, 0xff, 0xfd, 0xd4, 0x60, 0x1f,
    0xfe, 0x12, 0xfc, 0xd, 0xf0, 0xf, 0xff, 0x31,
    0x6e, 0x83, 0xf4, 0x3, 0xff, 0x86,

    /* U+FC86 "ﲆ" */
    0x0, 0xff, 0xe4, 0x1f, 0xd0, 0x7, 0xff, 0xfc,
    0x3, 0xff, 0xfe, 0x1, 0xff, 0xff, 0x0, 0xff,
    0xfa, 0x9a, 0x88, 0x7, 0xff, 0x2e, 0xa8, 0xa0,
    0x1f, 0xfc, 0xb2, 0x6, 0x0, 0xff, 0x8, 0x7,
    0xff, 0x1, 0x80, 0x80, 0x3f, 0x8b, 0xb6, 0xff,
    0xec, 0x4, 0xbb, 0x38, 0x10, 0x80, 0x7f, 0xca,
    0x68, 0x1, 0xc2, 0x88, 0xd0, 0x1, 0x80, 0x7f,
    0x8a, 0xbb, 0xfc, 0x3, 0xff, 0xd4, 0x0, 0x20,
    0xf, 0xfe, 0x10, 0x81, 0x0, 0x7c, 0xa0, 0xe0,
    0x1f, 0xfc, 0x17, 0x4, 0x0, 0xfa, 0x2, 0x20,
    0x20, 0x1f, 0xe4, 0x80, 0xa0, 0xf, 0x8b, 0x9,
    0xfb, 0x2e, 0xff, 0x6d, 0x8d, 0x10, 0x7, 0xe3,
    0xd9, 0x42, 0x44, 0xfc, 0x6b, 0x8a, 0x1, 0xf0,

    /* U+FC87 "ﲇ" */
    0x0, 0xff, 0xe4, 0x1f, 0xd0, 0x7, 0xff, 0xfc,
    0x3, 0xff, 0xfe, 0x1, 0xff, 0xff, 0x0, 0xff,
    0xfa, 0x9a, 0x88, 0x7, 0xff, 0x2e, 0xa8, 0xa0,
    0x1f, 0xfc, 0xb2, 0x6, 0x0, 0xff, 0x8, 0x7,
    0xff, 0x1, 0x80, 0x80, 0x3f, 0x8b, 0xb6, 0xff,
    0xec, 0x4, 0xbb, 0x38, 0x10, 0x80, 0x7f, 0xca,
    0x68, 0x1, 0xc2, 0x88, 0xd0, 0x1, 0x80, 0x7f,
    0x8a, 0xbb, 0xfc, 0x3, 0xff, 0xd4, 0x0, 0x20,
    0xf, 0xfe, 0x10, 0x81, 0x0, 0x7c, 0xa0, 0xe0,
    0x1f, 0xfc, 0x17, 0x4, 0x0, 0xfa, 0x2, 0x20,
    0x20, 0x1f, 0xe4, 0x80, 0xa0, 0xf, 0x8b, 0x9,
    0xfb, 0x2e, 0xff, 0x6d, 0x8d, 0x10, 0x7, 0xe3,
    0xd9, 0x42, 0x44, 0xfc, 0x6b, 0x8a, 0x1, 0xff,
    0x35, 0xf7, 0xff, 0xee, 0xa3, 0x0, 0xff, 0xee,
    0x97, 0xe0, 0x6f, 0x80, 0x7f, 0xf8, 0x8b, 0x74,
    0x1f, 0xa0, 0x1f, 0xfc, 0x10,

    /* U+FC8A "ﲊ" */
    0x0, 0xff, 0xe0, 0x10, 0x80, 0x7f, 0xf0, 0x8f,
    0x6c, 0x3, 0xff, 0xa6, 0x7f, 0x40, 0x1f, 0xfc,
    0xc4, 0xf9, 0x0, 0xc7, 0xf4, 0x1, 0xff, 0xce,
    0x7b, 0xbd, 0xe0, 0x1f, 0xf0, 0xa2, 0x63, 0x0,
    0xff, 0x9b, 0xff, 0x60, 0x7, 0xff, 0xfc, 0x3,
    0xff, 0xa0, 0xb7, 0x67, 0x0, 0xff, 0xe1, 0x22,
    0x34, 0x3, 0x8, 0x7, 0x8f, 0xff, 0x50, 0x6,
    0xd0, 0xe0, 0xf, 0xfe, 0x9, 0x30, 0x28, 0x7,
    0xfd, 0x79, 0xa3, 0x4, 0x1, 0xfe, 0x14, 0x33,
    0x53, 0x80, 0x7f, 0xc0,

    /* U+FC8B "ﲋ" */
    0x0, 0xe2, 0x10, 0xe, 0x21, 0x0, 0xf9, 0x36,
    0x0, 0x31, 0xed, 0x80, 0x7f, 0xf3, 0x13, 0xe4,
    0x3, 0x1f, 0xd0, 0x7, 0xff, 0x31, 0x3e, 0x40,
    0x31, 0xfd, 0x0, 0x7f, 0xf3, 0x9e, 0xef, 0x78,
    0x7, 0xfc, 0x28, 0x98, 0xc0, 0x3f, 0xe6, 0xff,
    0xd8, 0x1, 0xff, 0xff, 0x0, 0xff, 0xe8, 0x2d,
    0xd9, 0xc0, 0x3f, 0xf8, 0x48, 0x8d, 0x0, 0xc2,
    0x1, 0xe3, 0xff, 0xd4, 0x1, 0xb4, 0x38, 0x3,
    0xff, 0x82, 0x4c, 0xa, 0x1, 0xff, 0x5e, 0x68,
    0xc1, 0x0, 0x7f, 0x85, 0xc, 0xd4, 0xe0, 0x1f,
    0xf0,

    /* U+FC8D "ﲍ" */
    0x0, 0xff, 0xe3, 0x89, 0x0, 0x7f, 0xf2, 0xef,
    0x4c, 0x3, 0xfc, 0x42, 0x1, 0xfe, 0x22, 0x0,
    0x7f, 0x97, 0x64, 0x3, 0xfd, 0x1a, 0x60, 0x1f,
    0xfd, 0x65, 0xf8, 0x0, 0xaf, 0xcc, 0x3, 0x57,
    0x98, 0x7, 0xff, 0x7b, 0xee, 0xf2, 0x0, 0x7f,
    0xf1, 0xcd, 0x13, 0x8, 0x7, 0xff, 0x1f, 0x3f,
    0xf2, 0x80, 0x78, 0xad, 0x80, 0x3f, 0xf9, 0x4e,
    0x9c, 0x1, 0xff, 0xca, 0x20, 0xe0, 0xf, 0xfe,
    0x56, 0x81, 0x0, 0x7f, 0xf2, 0x98, 0x14, 0x3,
    0xff, 0x94, 0x40, 0x20, 0x1f, 0xfc, 0x5d, 0xbb,
    0x10, 0x8, 0x80, 0x3f, 0xf8, 0xc2, 0x88, 0x10,
    0x1, 0x80, 0x7f, 0xc2, 0x1, 0xab, 0xff, 0x18,
    0x9, 0x0, 0x7f, 0x30, 0x18, 0x7, 0xfc, 0xe1,
    0x0, 0x1f, 0x21, 0x18, 0x80, 0x7f, 0xd0, 0x2f,
    0x22, 0x1, 0x96, 0x82, 0x0, 0x3f, 0xf8, 0x3,
    0x84, 0xdd, 0xb7, 0x9d, 0x43, 0x48, 0x1, 0xff,
    0xc1, 0x2d, 0xa4, 0x34, 0x22, 0x3f, 0x28, 0x7,
    0xff, 0x0,

    /* U+FC8E "ﲎ" */
    0x0, 0xff, 0xe5, 0x67, 0x88, 0x7, 0xff, 0xa7,
    0x74, 0x20, 0x1f, 0xfc, 0xd1, 0x20, 0xf, 0xfe,
    0x1b, 0x67, 0x7f, 0xff, 0x84, 0x3, 0xff, 0x83,
    0x72, 0x64, 0x89, 0xf8, 0x3, 0xff, 0x86, 0xc8,
    0x8f, 0xcb, 0xbf, 0xc6, 0x1, 0xff, 0xc2, 0xc0,
    0x80, 0xf, 0xfe, 0x68, 0x81, 0x0, 0x7f, 0xf3,
    0x44, 0x10, 0x3, 0xff, 0x9b, 0x21, 0x50, 0x40,
    0x1f, 0xfc, 0x33, 0x51, 0x0, 0xe3, 0xb2, 0x7d,
    0xd4, 0x18, 0x7, 0xff, 0x2, 0xa8, 0xa0, 0x1e,
    0x4d, 0xb6, 0x37, 0xcb, 0x20, 0xf, 0xf1, 0x3,
    0x0, 0x7e, 0x49, 0xeb, 0x44, 0x69, 0x0, 0x7f,
    0x30, 0x10, 0x7, 0xfc, 0x97, 0x21, 0x60, 0x1b,
    0x6e, 0x80, 0x4, 0x20, 0x1f, 0xfc, 0x26, 0x4,
    0x0, 0xc6, 0x8a, 0x20, 0x3, 0x0, 0xff, 0xe2,
    0x18, 0x3, 0x3f, 0xf0, 0x80, 0x8, 0x3, 0xff,
    0x88, 0x40, 0x1f, 0xca, 0xe, 0x1, 0xff, 0xc1,
    0x50, 0x40, 0xf, 0xe8, 0x8, 0x80, 0x80, 0x7f,
    0x92, 0xc2, 0x80, 0x3f, 0x8b, 0x9, 0xfb, 0x2e,
    0xff, 0x75, 0x8d, 0x10, 0x7, 0xf8, 0xf6, 0x50,
    0x91, 0x3f, 0x2, 0xe2, 0x80, 0x7f, 0x0,

    /* U+FC8F "ﲏ" */
    0x0, 0xff, 0xe5, 0x67, 0x88, 0x7, 0xff, 0xa7,
    0x74, 0x20, 0x1f, 0xfc, 0xd1, 0x20, 0xf, 0xfe,
    0x1b, 0x67, 0x7f, 0xff, 0x84, 0x3, 0xff, 0x83,
    0x72, 0x64, 0x89, 0xf8, 0x3, 0xff, 0x86, 0xc8,
    0x8f, 0xcb, 0xbf, 0xc6, 0x1, 0xff, 0xc2, 0xc0,
    0x80, 0xf, 0xfe, 0x68, 0x81, 0x0, 0x7f, 0xf3,
    0x44, 0x10, 0x3, 0xff, 0x9b, 0x21, 0x50, 0x40,
    0x1f, 0xfc, 0x33, 0x51, 0x0, 0xe3, 0xb2, 0x7d,
    0xd4, 0x18, 0x7, 0xff, 0x2, 0xa8, 0xa0, 0x1e,
    0x4d, 0xb6, 0x37, 0xcb, 0x20, 0xf, 0xf1, 0x3,
    0x0, 0x7e, 0x49, 0xeb, 0x44, 0x69, 0x0, 0x7f,
    0x30, 0x10, 0x7, 0xfc, 0x97, 0x21, 0x60, 0x1b,
    0x6e, 0x80, 0x4, 0x20, 0x1f, 0xfc, 0x26, 0x4,
    0x0, 0xc6, 0x8a, 0x20, 0x3, 0x0, 0xff, 0xe2,
    0x18, 0x3, 0x3f, 0xf0, 0x80, 0x8, 0x3, 0xff,
    0x88, 0x40, 0x1f, 0xca, 0xe, 0x1, 0xff, 0xc1,
    0x50, 0x40, 0xf, 0xe8, 0x8, 0x80, 0x80, 0x7f,
    0x92, 0xc2, 0x80, 0x3f, 0x8b, 0x9, 0xfb, 0x2e,
    0xff, 0x75, 0x8d, 0x10, 0x7, 0xf8, 0xf6, 0x50,
    0x91, 0x3f, 0x2, 0xe2, 0x80, 0x7f, 0xf0, 0x5a,
    0xfb, 0xff, 0xf7, 0x51, 0x80, 0x7f, 0xf8, 0x4b,
    0xf0, 0x37, 0xc0, 0x3f, 0xfc, 0xc5, 0xba, 0xf,
    0xd0, 0xf, 0xfe, 0x18,

    /* U+FC91 "ﲑ" */
    0x0, 0xc9, 0xf2, 0x1, 0x8f, 0xe8, 0x3, 0xff,
    0x9c, 0xf7, 0x7b, 0xc0, 0x3f, 0xe1, 0x44, 0xc6,
    0x1, 0xff, 0x37, 0xfe, 0xc0, 0xf, 0xff, 0xf8,
    0x7, 0xff, 0x41, 0x6e, 0xce, 0x1, 0xff, 0xc2,
    0x44, 0x68, 0x6, 0x10, 0xf, 0x1f, 0xfe, 0xa0,
    0xd, 0xa1, 0xc0, 0x1f, 0xfc, 0x12, 0x60, 0x60,
    0xb, 0x7c, 0x23, 0xd4, 0x1, 0x79, 0xa3, 0x2,
    0x1, 0xff, 0x21, 0x9a, 0x9c, 0x3, 0x7e, 0x84,
    0xea, 0x80,

    /* U+FC92 "ﲒ" */
    0x0, 0xe2, 0x10, 0xf, 0xfe, 0x12, 0x6c, 0x0,
    0x7f, 0xf4, 0xd3, 0xe4, 0x3, 0xff, 0xa6, 0x9f,
    0x20, 0x18, 0xfe, 0x80, 0x3f, 0xf9, 0xcf, 0x77,
    0xbc, 0x3, 0xfe, 0x14, 0x4c, 0x60, 0x1f, 0xf3,
    0x7f, 0xec, 0x0, 0xff, 0xff, 0x80, 0x7f, 0xf4,
    0x16, 0xec, 0xe0, 0x1f, 0xfc, 0x24, 0x46, 0x80,
    0x61, 0x0, 0xf1, 0xff, 0xea, 0x0, 0xda, 0x1c,
    0x1, 0xff, 0xc1, 0x26, 0x5, 0x0, 0xb7, 0xc2,
    0x3d, 0x40, 0x17, 0x9a, 0x30, 0x40, 0x1f, 0xf2,
    0x19, 0xa9, 0xc0, 0x37, 0xe8, 0x4e, 0xa8, 0x0,

    /* U+FC94 "ﲔ" */
    0x0, 0xf8, 0x84, 0x3, 0xff, 0x94, 0xbb, 0x20,
    0x1f, 0xfe, 0x35, 0xf8, 0x0, 0xaf, 0xcc, 0x3,
    0x57, 0x98, 0x7, 0xff, 0x7b, 0xee, 0xf2, 0x0,
    0x7f, 0xf1, 0xcd, 0x13, 0x8, 0x7, 0xff, 0x1f,
    0x3f, 0xf2, 0x80, 0x78, 0xad, 0x80, 0x3f, 0xf9,
    0x4e, 0x9c, 0x1, 0xff, 0xca, 0x20, 0xe0, 0xf,
    0xfe, 0x56, 0x81, 0x0, 0x7f, 0xf2, 0x98, 0x14,
    0x3, 0xff, 0x94, 0x40, 0x20, 0x1f, 0xfc, 0x5d,
    0xbb, 0x10, 0x8, 0x80, 0x3f, 0xf8, 0xc2, 0x88,
    0x10, 0x1, 0x80, 0x7f, 0xc2, 0x1, 0xab, 0xff,
    0x18, 0x9, 0x0, 0x7f, 0x30, 0x18, 0x7, 0xfc,
    0xe1, 0x0, 0x1f, 0x21, 0x18, 0x80, 0x13, 0xe4,
    0x3f, 0x80, 0x28, 0x17, 0x91, 0x0, 0xcb, 0x41,
    0x0, 0x1f, 0xfc, 0x1, 0xc2, 0x6e, 0xdb, 0xce,
    0xa1, 0xa4, 0x0, 0x93, 0x60, 0x37, 0x0, 0x31,
    0x6d, 0x21, 0xa1, 0x11, 0xf9, 0x40, 0x38, 0x84,
    0x8, 0x80, 0x0,

    /* U+FC96 "ﲖ" */
    0x0, 0xff, 0x9b, 0x3b, 0xff, 0xfc, 0x20, 0x1f,
    0xfc, 0x1b, 0x93, 0x24, 0x4f, 0xc0, 0x1f, 0xfc,
    0x36, 0x44, 0x76, 0x5d, 0xfe, 0x30, 0xf, 0xfe,
    0x16, 0x4, 0x8, 0x7, 0xff, 0x30, 0x40, 0x80,
    0x3f, 0xf9, 0xa2, 0x8, 0x1, 0xff, 0xcd, 0x90,
    0xa8, 0x20, 0xf, 0xfe, 0x19, 0xa8, 0x80, 0x71,
    0xd9, 0x3e, 0xea, 0xc, 0x3, 0xff, 0x81, 0x54,
    0x50, 0xf, 0x26, 0xdb, 0x1b, 0xe5, 0x90, 0x7,
    0xf8, 0x81, 0x80, 0x3f, 0x24, 0xf5, 0xa2, 0x34,
    0x80, 0x3f, 0x98, 0x8, 0x3, 0xfe, 0x4b, 0x90,
    0xb0, 0xd, 0xb7, 0x40, 0x2, 0x10, 0xf, 0xfe,
    0x13, 0x2, 0x0, 0x63, 0x45, 0x10, 0x1, 0x80,
    0x7f, 0xf1, 0xc, 0x1, 0x9f, 0xf8, 0x40, 0x4,
    0x1, 0xff, 0xc4, 0x20, 0xf, 0xe5, 0x7, 0x0,
    0xff, 0xe0, 0xa8, 0x23, 0xfb, 0x97, 0xd8, 0x5,
    0x1, 0x10, 0x10, 0xf, 0xf2, 0x58, 0x50, 0x7,
    0xf1, 0x61, 0x3f, 0x65, 0xdf, 0xee, 0xb1, 0xa2,
    0x6d, 0x62, 0xda, 0x0, 0xc7, 0xb2, 0x84, 0x89,
    0xf8, 0x17, 0x14, 0x4, 0x84, 0x8, 0x40, 0x0,

    /* U+FCFB "ﳻ" */
    0x0, 0xff, 0x9b, 0x3b, 0xff, 0xfb, 0x0, 0x3f,
    0xcd, 0xc8, 0x1, 0xfe, 0xb9, 0x32, 0x44, 0xfc,
    0x1, 0xe6, 0xc4, 0x0, 0xc2, 0x60, 0x1f, 0xcc,
    0x88, 0xfc, 0xbb, 0xfa, 0x80, 0x3d, 0xc6, 0x20,
    0x11, 0x7, 0x0, 0x7f, 0x60, 0x40, 0x7, 0xff,
    0x29, 0x41, 0x40, 0x3f, 0x84, 0x8, 0x3, 0xff,
    0x94, 0x20, 0x20, 0x1f, 0xc2, 0x8, 0x1, 0xff,
    0xcc, 0x30, 0xf, 0xe9, 0xa, 0x82, 0x0, 0xff,
    0xe6, 0x1a, 0x88, 0x7, 0x1d, 0x93, 0xee, 0xa0,
    0xc0, 0x3f, 0xf8, 0x22, 0x1, 0xf5, 0x51, 0x40,
    0x3c, 0x9b, 0x6c, 0x6f, 0x96, 0x40, 0x1f, 0xc2,
    0xe, 0x1, 0xf1, 0x3, 0x0, 0x7e, 0x49, 0xeb,
    0x44, 0x69, 0x0, 0x7e, 0x40, 0x10, 0xf, 0x98,
    0x8, 0x3, 0xfe, 0x4b, 0x90, 0xb0, 0x8, 0xae,
    0xee, 0x20, 0xdb, 0xbc, 0x1, 0x10, 0x80, 0x7f,
    0xf0, 0x98, 0x10, 0x2, 0x14, 0x48, 0x19, 0xc9,
    0x13, 0x0, 0x63, 0x0, 0xff, 0xe2, 0x18, 0xf,
    0xff, 0x74, 0xc6, 0xff, 0xf7, 0x0, 0x8, 0x3,
    0xff, 0x88, 0x40, 0x1f, 0xfc, 0x65, 0x7, 0x0,
    0xff, 0xe0, 0xa8, 0x20, 0x7, 0xff, 0x1a, 0x2,
    0x20, 0x20, 0x1f, 0xe4, 0xb0, 0xa0, 0xf, 0xfe,
    0x31, 0x61, 0x3f, 0x65, 0xdf, 0xee, 0xb1, 0xa2,
    0x0, 0xff, 0xe3, 0x9e, 0xca, 0x12, 0x27, 0xe0,
    0x5c, 0x50, 0xf, 0xfe, 0x30,

    /* U+FCFC "ﳼ" */
    0x0, 0xff, 0x9b, 0x3b, 0xff, 0xfb, 0x0, 0x3f,
    0xcd, 0xc8, 0x1, 0xfe, 0xb9, 0x32, 0x44, 0xfc,
    0x1, 0xe6, 0xc4, 0x0, 0xc2, 0x60, 0x1f, 0xcc,
    0x88, 0xfc, 0xbb, 0xfa, 0x80, 0x3d, 0xc6, 0x20,
    0x11, 0x7, 0x0, 0x7f, 0x60, 0x40, 0x7, 0xff,
    0x29, 0x41, 0x40, 0x3f, 0x84, 0x8, 0x3, 0xff,
    0x94, 0x20, 0x20, 0x1f, 0xc2, 0x8, 0x1, 0xff,
    0xcc, 0x30, 0xf, 0xe9, 0xa, 0x82, 0x0, 0xff,
    0xe6, 0x1a, 0x88, 0x7, 0x1d, 0x93, 0xee, 0xa0,
    0xc0, 0x3f, 0xf8, 0x22, 0x1, 0xf5, 0x51, 0x40,
    0x3c, 0x9b, 0x6c, 0x6f, 0x96, 0x40, 0x1f, 0xc2,
    0xe, 0x1, 0xf1, 0x3, 0x0, 0x7e, 0x49, 0xeb,
    0x44, 0x69, 0x0, 0x7e, 0x40, 0x10, 0xf, 0x98,
    0x8, 0x3, 0xfe, 0x4b, 0x90, 0xb0, 0x8, 0xae,
    0xee, 0x20, 0xdb, 0xbc, 0x1, 0x10, 0x80, 0x7f,
    0xf0, 0x98, 0x10, 0x2, 0x14, 0x48, 0x19, 0xc9,
    0x13, 0x0, 0x63, 0x0, 0xff, 0xe2, 0x18, 0xf,
    0xff, 0x74, 0xc6, 0xff, 0xf7, 0x0, 0x8, 0x3,
    0xff, 0x88, 0x40, 0x1f, 0xfc, 0x65, 0x7, 0x0,
    0xff, 0xe0, 0xa8, 0x20, 0x7, 0xff, 0x1a, 0x2,
    0x20, 0x20, 0x1f, 0xe4, 0xb0, 0xa0, 0xf, 0xfe,
    0x31, 0x61, 0x3f, 0x65, 0xdf, 0xee, 0xb1, 0xa2,
    0x0, 0xff, 0xe3, 0x9e, 0xca, 0x12, 0x27, 0xe0,
    0x5c, 0x50, 0xf, 0xfe, 0x53, 0x5f, 0x7f, 0xfe,
    0xea, 0x30, 0xf, 0xfe, 0x71, 0x7e, 0x6, 0xf8,
    0x7, 0xff, 0xe0, 0xb7, 0x41, 0xfa, 0x1, 0xff,
    0xcc,

    /* U+FCFD "ﳽ" */
    0x0, 0xff, 0xfa, 0xbf, 0xa0, 0x7, 0xff, 0xe8,
    0x9b, 0xd8, 0x80, 0x3f, 0xfa, 0x67, 0xb4, 0x19,
    0xa0, 0x1f, 0xff, 0x83, 0xfb, 0xe, 0xf0, 0xf,
    0xff, 0x4b, 0x67, 0x7f, 0xff, 0x60, 0x7, 0xf9,
    0xb9, 0x0, 0x3f, 0xd7, 0x26, 0x48, 0x9f, 0x80,
    0x3c, 0xd8, 0x80, 0x18, 0x4c, 0x3, 0xf9, 0x91,
    0x1f, 0x97, 0x7f, 0x50, 0x7, 0xb8, 0xc4, 0x2,
    0x20, 0xe0, 0xf, 0xec, 0x8, 0x0, 0xff, 0xe5,
    0x28, 0x28, 0x7, 0xf0, 0x81, 0x0, 0x7f, 0xf2,
    0x84, 0x4, 0x3, 0xf8, 0x41, 0x0, 0x3f, 0xf9,
    0x86, 0x1, 0xfd, 0x21, 0x50, 0x40, 0x1f, 0xfc,
    0xc3, 0x51, 0x0, 0xe3, 0xb2, 0x7d, 0xd4, 0x18,
    0x7, 0xff, 0x4, 0x40, 0x3e, 0xaa, 0x28, 0x7,
    0x93, 0x6d, 0x8d, 0xf2, 0xc8, 0x3, 0xf8, 0x41,
    0xc0, 0x3e, 0x20, 0x60, 0xf, 0xc9, 0x3d, 0x68,
    0x8d, 0x20, 0xf, 0xc8, 0x2, 0x1, 0xf3, 0x1,
    0x0, 0x7f, 0xc9, 0x72, 0x16, 0x1, 0x15, 0xdd,
    0xc4, 0x1b, 0x77, 0x80, 0x22, 0x10, 0xf, 0xfe,
    0x13, 0x2, 0x0, 0x42, 0x89, 0x3, 0x39, 0x22,
    0x60, 0xc, 0x60, 0x1f, 0xfc, 0x43, 0x1, 0xff,
    0xee, 0x98, 0xdf, 0xfe, 0xe0, 0x1, 0x0, 0x7f,
    0xf1, 0x8, 0x3, 0xff, 0x8c, 0xa0, 0xe0, 0x1f,
    0xfc, 0x15, 0x4, 0x0, 0xff, 0xe3, 0x40, 0x44,
    0x4, 0x3, 0xfc, 0x96, 0x14, 0x1, 0xff, 0xc6,
    0x2c, 0x27, 0xec, 0xbb, 0xfd, 0xd6, 0x34, 0x40,
    0x1f, 0xfc, 0x73, 0xd9, 0x42, 0x44, 0xfc, 0xb,
    0x8a, 0x1, 0xff, 0xc6,

    /* U+FCFE "ﳾ" */
    0x0, 0xff, 0xfa, 0xbf, 0xa0, 0x7, 0xff, 0xe8,
    0x9b, 0xd8, 0x80, 0x3f, 0xfa, 0x67, 0xb4, 0x19,
    0xa0, 0x1f, 0xff, 0x83, 0xfb, 0xe, 0xf0, 0xf,
    0xff, 0x4b, 0x67, 0x7f, 0xff, 0x60, 0x7, 0xf9,
    0xb9, 0x0, 0x3f, 0xd7, 0x26, 0x48, 0x9f, 0x80,
    0x3c, 0xd8, 0x80, 0x18, 0x4c, 0x3, 0xf9, 0x91,
    0x1f, 0x97, 0x7f, 0x50, 0x7, 0xb8, 0xc4, 0x2,
    0x20, 0xe0, 0xf, 0xec, 0x8, 0x0, 0xff, 0xe5,
    0x28, 0x28, 0x7, 0xf0, 0x81, 0x0, 0x7f, 0xf2,
    0x84, 0x4, 0x3, 0xf8, 0x41, 0x0, 0x3f, 0xf9,
    0x86, 0x1, 0xfd, 0x21, 0x50, 0x40, 0x1f, 0xfc,
    0xc3, 0x51, 0x0, 0xe3, 0xb2, 0x7d, 0xd4, 0x18,
    0x7, 0xff, 0x4, 0x40, 0x3e, 0xaa, 0x28, 0x7,
    0x93, 0x6d, 0x8d, 0xf2, 0xc8, 0x3, 0xf8, 0x41,
    0xc0, 0x3e, 0x20, 0x60, 0xf, 0xc9, 0x3d, 0x68,
    0x8d, 0x20, 0xf, 0xc8, 0x2, 0x1, 0xf3, 0x1,
    0x0, 0x7f, 0xc9, 0x72, 0x16, 0x1, 0x15, 0xdd,
    0xc4, 0x1b, 0x77, 0x80, 0x22, 0x10, 0xf, 0xfe,
    0x13, 0x2, 0x0, 0x42, 0x89, 0x3, 0x39, 0x22,
    0x60, 0xc, 0x60, 0x1f, 0xfc, 0x43, 0x1, 0xff,
    0xee, 0x98, 0xdf, 0xfe, 0xe0, 0x1, 0x0, 0x7f,
    0xf1, 0x8, 0x3, 0xff, 0x8c, 0xa0, 0xe0, 0x1f,
    0xfc, 0x15, 0x4, 0x0, 0xff, 0xe3, 0x40, 0x44,
    0x4, 0x3, 0xfc, 0x96, 0x14, 0x1, 0xff, 0xc6,
    0x2c, 0x27, 0xec, 0xbb, 0xfd, 0xd6, 0x34, 0x40,
    0x1f, 0xfc, 0x73, 0xd9, 0x42, 0x44, 0xfc, 0xb,
    0x8a, 0x1, 0xff, 0xca, 0x6b, 0xef, 0xff, 0xdd,
    0x46, 0x1, 0xff, 0xce, 0x2f, 0xc0, 0xdf, 0x0,
    0xff, 0xfc, 0x16, 0xe8, 0x3f, 0x40, 0x3f, 0xf9,
    0x80,

    /* U+FD05 "ﴅ" */
    0x0, 0xff, 0x9b, 0x3b, 0xff, 0xfb, 0x0, 0x23,
    0xae, 0xfe, 0xc6, 0x0, 0xff, 0xe0, 0xdc, 0x99,
    0x22, 0x7e, 0x0, 0xd3, 0x8a, 0x68, 0x47, 0x36,
    0x1, 0xff, 0x32, 0x23, 0xf2, 0xef, 0xea, 0x0,
    0xb1, 0x8f, 0x36, 0xf3, 0x8d, 0x1c, 0x3, 0xfd,
    0x81, 0x0, 0x1f, 0xfc, 0xb, 0x37, 0xc3, 0x0,
    0x87, 0x42, 0x40, 0x3f, 0xc2, 0x4, 0x1, 0xff,
    0x1a, 0x44, 0x0, 0x3c, 0x28, 0x24, 0x1, 0xfc,
    0x20, 0x80, 0x1f, 0xfc, 0x7, 0x70, 0x7, 0xe2,
    0x6, 0x0, 0xfe, 0x90, 0xa8, 0x20, 0xf, 0xf4,
    0x0, 0x7f, 0x8, 0x8, 0x1a, 0x88, 0x7, 0x1d,
    0x93, 0xee, 0xa0, 0xc0, 0x3c, 0x60, 0x1f, 0xfc,
    0x2a, 0xa2, 0x80, 0x79, 0x36, 0xd8, 0xdf, 0x2c,
    0x80, 0x3f, 0xf8, 0xe4, 0xc, 0x1, 0xf9, 0x27,
    0xad, 0x11, 0xa4, 0x1, 0xff, 0xc6, 0x60, 0x20,
    0xf, 0xf9, 0x2e, 0x42, 0xc0, 0x22, 0xbb, 0xff,
    0x38, 0x18, 0x10, 0x80, 0x7f, 0xf0, 0x98, 0x10,
    0x2, 0x14, 0x4f, 0xf0, 0x0, 0xc0, 0x6, 0x1,
    0xff, 0xc4, 0x30, 0x1f, 0xff, 0xfe, 0x12, 0x80,
    0x8, 0x3, 0xff, 0x88, 0x40, 0x1f, 0xfc, 0x65,
    0x7, 0x0, 0xff, 0xe0, 0xa8, 0x20, 0x7, 0xff,
    0x1a, 0x2, 0x20, 0x20, 0x1f, 0xe4, 0xb0, 0xa0,
    0xf, 0xfe, 0x31, 0x61, 0x3f, 0x65, 0xdf, 0xee,
    0xb1, 0xa2, 0x0, 0xff, 0xe3, 0x9e, 0xca, 0x12,
    0x27, 0xe0, 0x5c, 0x50, 0xf, 0xfe, 0x30,

    /* U+FD06 "ﴆ" */
    0x0, 0xff, 0x9b, 0x3b, 0xff, 0xfb, 0x0, 0x23,
    0xae, 0xfe, 0xc6, 0x0, 0xff, 0xe0, 0xdc, 0x99,
    0x22, 0x7e, 0x0, 0xd3, 0x8a, 0x68, 0x47, 0x36,
    0x1, 0xff, 0x32, 0x23, 0xf2, 0xef, 0xea, 0x0,
    0xb1, 0x8f, 0x36, 0xf3, 0x8d, 0x1c, 0x3, 0xfd,
    0x81, 0x0, 0x1f, 0xfc, 0xb, 0x37, 0xc3, 0x0,
    0x87, 0x42, 0x40, 0x3f, 0xc2, 0x4, 0x1, 0xff,
    0x1a, 0x44, 0x0, 0x3c, 0x28, 0x24, 0x1, 0xfc,
    0x20, 0x80, 0x1f, 0xfc, 0x7, 0x70, 0x7, 0xe2,
    0x6, 0x0, 0xfe, 0x90, 0xa8, 0x20, 0xf, 0xf4,
    0x0, 0x7f, 0x8, 0x8, 0x1a, 0x88, 0x7, 0x1d,
    0x93, 0xee, 0xa0, 0xc0, 0x3c, 0x60, 0x1f, 0xfc,
    0x2a, 0xa2, 0x80, 0x79, 0x36, 0xd8, 0xdf, 0x2c,
    0x80, 0x3f, 0xf8, 0xe4, 0xc, 0x1, 0xf9, 0x27,
    0xad, 0x11, 0xa4, 0x1, 0xff, 0xc6, 0x60, 0x20,
    0xf, 0xf9, 0x2e, 0x42, 0xc0, 0x22, 0xbb, 0xff,
    0x38, 0x18, 0x10, 0x80, 0x7f, 0xf0, 0x98, 0x10,
    0x2, 0x14, 0x4f, 0xf0, 0x0, 0xc0, 0x6, 0x1,
    0xff, 0xc4, 0x30, 0x1f, 0xff, 0xfe, 0x12, 0x80,
    0x8, 0x3, 0xff, 0x88, 0x40, 0x1f, 0xfc, 0x65,
    0x7, 0x0, 0xff, 0xe0, 0xa8, 0x20, 0x7, 0xff,
    0x1a, 0x2, 0x20, 0x20, 0x1f, 0xe4, 0xb0, 0xa0,
    0xf, 0xfe, 0x31, 0x61, 0x3f, 0x65, 0xdf, 0xee,
    0xb1, 0xa2, 0x0, 0xff, 0xe3, 0x9e, 0xca, 0x12,
    0x27, 0xe0, 0x5c, 0x50, 0xf, 0xfe, 0x53, 0x5f,
    0x7f, 0xfe, 0xea, 0x30, 0xf, 0xfe, 0x71, 0x7e,
    0x6, 0xf8, 0x7, 0xff, 0xe0, 0xb7, 0x41, 0xfa,
    0x1, 0xff, 0xcc,

    /* U+FD07 "ﴇ" */
    0x0, 0xff, 0xe8, 0x4f, 0xa8, 0x7, 0xff, 0xee,
    0x35, 0x40, 0x3f, 0xfa, 0xc2, 0x40, 0x1f, 0xfc,
    0x66, 0xce, 0xff, 0xfe, 0xc0, 0x8, 0xeb, 0xbf,
    0xb1, 0x80, 0x3f, 0xf8, 0x37, 0x26, 0x48, 0x9f,
    0x80, 0x34, 0xe2, 0x9a, 0x11, 0xcd, 0x80, 0x7f,
    0xcc, 0x88, 0xfc, 0xbb, 0xfa, 0x80, 0x2c, 0x63,
    0xcd, 0xbc, 0xe3, 0x47, 0x0, 0xff, 0x60, 0x40,
    0x7, 0xff, 0x2, 0xcd, 0xf0, 0xc0, 0x21, 0xd0,
    0x90, 0xf, 0xf0, 0x81, 0x0, 0x7f, 0xc6, 0x91,
    0x0, 0xf, 0xa, 0x9, 0x0, 0x7f, 0x8, 0x20,
    0x7, 0xff, 0x1, 0xdc, 0x1, 0xf8, 0x81, 0x80,
    0x3f, 0xa4, 0x2a, 0x8, 0x3, 0xfd, 0x0, 0x1f,
    0xc2, 0x2, 0x6, 0xa2, 0x1, 0xc7, 0x64, 0xfb,
    0xa8, 0x30, 0xf, 0x18, 0x7, 0xff, 0xa, 0xa8,
    0xa0, 0x1e, 0x4d, 0xb6, 0x37, 0xcb, 0x20, 0xf,
    0xfe, 0x39, 0x3, 0x0, 0x7e, 0x49, 0xeb, 0x44,
    0x69, 0x0, 0x7f, 0xf1, 0x98, 0x8, 0x3, 0xfe,
    0x4b, 0x90, 0xb0, 0x8, 0xae, 0xff, 0xce, 0x6,
    0x4, 0x20, 0x1f, 0xfc, 0x26, 0x4, 0x0, 0x85,
    0x13, 0xfc, 0x0, 0x30, 0x1, 0x80, 0x7f, 0xf1,
    0xc, 0x7, 0xff, 0xff, 0x84, 0xa0, 0x2, 0x0,
    0xff, 0xe2, 0x10, 0x7, 0xff, 0x19, 0x41, 0xc0,
    0x3f, 0xf8, 0x2a, 0x8, 0x1, 0xff, 0xc6, 0x80,
    0x88, 0x8, 0x7, 0xf9, 0x2c, 0x28, 0x3, 0xff,
    0x8c, 0x58, 0x4f, 0xd9, 0x77, 0xfb, 0xac, 0x68,
    0x80, 0x3f, 0xf8, 0xe7, 0xb2, 0x84, 0x89, 0xf8,
    0x17, 0x14, 0x3, 0xff, 0x8c,

    /* U+FD08 "ﴈ" */
    0x0, 0xff, 0xe8, 0x4f, 0xa8, 0x7, 0xff, 0xee,
    0x35, 0x40, 0x3f, 0xfa, 0xc2, 0x40, 0x1f, 0xfc,
    0x66, 0xce, 0xff, 0xfe, 0xc0, 0x8, 0xeb, 0xbf,
    0xb1, 0x80, 0x3f, 0xf8, 0x37, 0x26, 0x48, 0x9f,
    0x80, 0x34, 0xe2, 0x9a, 0x11, 0xcd, 0x80, 0x7f,
    0xcc, 0x88, 0xfc, 0xbb, 0xfa, 0x80, 0x2c, 0x63,
    0xcd, 0xbc, 0xe3, 0x47, 0x0, 0xff, 0x60, 0x40,
    0x7, 0xff, 0x2, 0xcd, 0xf0, 0xc0, 0x21, 0xd0,
    0x90, 0xf, 0xf0, 0x81, 0x0, 0x7f, 0xc6, 0x91,
    0x0, 0xf, 0xa, 0x9, 0x0, 0x7f, 0x8, 0x20,
    0x7, 0xff, 0x1, 0xdc, 0x1, 0xf8, 0x81, 0x80,
    0x3f, 0xa4, 0x2a, 0x8, 0x3, 0xfd, 0x0, 0x1f,
    0xc2, 0x2, 0x6, 0xa2, 0x1, 0xc7, 0x64, 0xfb,
    0xa8, 0x30, 0xf, 0x18, 0x7, 0xff, 0xa, 0xa8,
    0xa0, 0x1e, 0x4d, 0xb6, 0x37, 0xcb, 0x20, 0xf,
    0xfe, 0x39, 0x3, 0x0, 0x7e, 0x49, 0xeb, 0x44,
    0x69, 0x0, 0x7f, 0xf1, 0x98, 0x8, 0x3, 0xfe,
    0x4b, 0x90, 0xb0, 0x8, 0xae, 0xff, 0xce, 0x6,
    0x4, 0x20, 0x1f, 0xfc, 0x26, 0x4, 0x0, 0x85,
    0x13, 0xfc, 0x0, 0x30, 0x1, 0x80, 0x7f, 0xf1,
    0xc, 0x7, 0xff, 0xff, 0x84, 0xa0, 0x2, 0x0,
    0xff, 0xe2, 0x10, 0x7, 0xff, 0x19, 0x41, 0xc0,
    0x3f, 0xf8, 0x2a, 0x8, 0x1, 0xff, 0xc6, 0x80,
    0x88, 0x8, 0x7, 0xf9, 0x2c, 0x28, 0x3, 0xff,
    0x8c, 0x58, 0x4f, 0xd9, 0x77, 0xfb, 0xac, 0x68,
    0x80, 0x3f, 0xf8, 0xe7, 0xb2, 0x84, 0x89, 0xf8,
    0x17, 0x14, 0x3, 0xff, 0x94, 0xd7, 0xdf, 0xff,
    0xba, 0x8c, 0x3, 0xff, 0x9c, 0x5f, 0x81, 0xbe,
    0x1, 0xff, 0xf8, 0x2d, 0xd0, 0x7e, 0x80, 0x7f,
    0xf3, 0x0,

    /* U+FD0D "ﴍ" */
    0x0, 0xff, 0xf0, 0xcf, 0x90, 0x7, 0xff, 0x98,
    0xa3, 0xc0, 0x80, 0x3f, 0xf9, 0x29, 0xb0, 0x1b,
    0x80, 0x1f, 0xfe, 0x44, 0xf9, 0xf, 0xe0, 0xf,
    0xfe, 0xc2, 0x7c, 0x80, 0x63, 0xfa, 0x0, 0xff,
    0x47, 0x10, 0x7, 0xff, 0x1a, 0x34, 0xc0, 0x30,
    0xb8, 0x7, 0x9e, 0xef, 0x78, 0x7, 0x88, 0x80,
    0x1b, 0x43, 0x40, 0x3c, 0x28, 0x98, 0xc0, 0x3f,
    0xf8, 0xc, 0x4, 0x1, 0xe6, 0xff, 0xd8, 0x1,
    0xff, 0xc0, 0x20, 0x60, 0xf, 0xfe, 0x60, 0x80,
    0x7f, 0xf4, 0x4, 0x3, 0xff, 0xc2, 0x20, 0x20,
    0x1f, 0xfc, 0xc5, 0x2, 0x0, 0xff, 0xe3, 0xa5,
    0xdd, 0xc2, 0x1d, 0x77, 0x80, 0x3f, 0xf8, 0x62,
    0x89, 0x1b, 0x38, 0x22, 0x60, 0xf, 0x8, 0x7,
    0x8f, 0xff, 0xb6, 0x63, 0xbf, 0xfb, 0x40, 0x36,
    0x87, 0x0, 0x7f, 0xf2, 0xc9, 0x81, 0x80, 0x3f,
    0xf9, 0x37, 0x9a, 0x30, 0x20, 0x1f, 0xfc, 0x81,
    0x43, 0x35, 0x38, 0x7, 0xff, 0x24,

    /* U+FD0E "ﴎ" */
    0x0, 0xc9, 0xf2, 0x1, 0x8f, 0xe8, 0x3, 0xfd,
    0x1c, 0x40, 0x1f, 0xfc, 0x68, 0xd3, 0x0, 0xc2,
    0xe0, 0x1e, 0x7b, 0xbd, 0xe0, 0x1e, 0x22, 0x0,
    0x6d, 0xd, 0x0, 0xf0, 0xa2, 0x63, 0x0, 0xff,
    0xe0, 0x30, 0x10, 0x7, 0x9b, 0xff, 0x60, 0x7,
    0xff, 0x0, 0x81, 0x80, 0x3f, 0xf9, 0x82, 0x1,
    0xff, 0xd0, 0x10, 0xf, 0xff, 0x8, 0x80, 0x80,
    0x7f, 0xf3, 0x14, 0x8, 0x3, 0xff, 0x8e, 0x97,
    0x77, 0x8, 0x75, 0xde, 0x0, 0xff, 0xe1, 0x8a,
    0x24, 0x6c, 0xe0, 0x89, 0x80, 0x3c, 0x20, 0x1e,
    0x3f, 0xfe, 0xd9, 0x8e, 0xff, 0xed, 0x0, 0xda,
    0x1c, 0x1, 0xff, 0xcb, 0x26, 0x6, 0x0, 0xff,
    0xe4, 0xde, 0x68, 0xc0, 0x80, 0x7f, 0xf2, 0x5,
    0xc, 0xd4, 0xe0, 0x1f, 0xfc, 0x90,

    /* U+FD0F "ﴏ" */
    0x0, 0xc9, 0xf2, 0x1, 0x8f, 0xe8, 0x2, 0x4a,
    0xef, 0xec, 0x50, 0xf, 0xfe, 0x30, 0xdd, 0x94,
    0xd0, 0x8e, 0xa8, 0x1, 0xf9, 0xee, 0xf7, 0x80,
    0x7, 0x11, 0x1b, 0xab, 0xcd, 0x25, 0x60, 0xf,
    0x85, 0x13, 0x18, 0xe, 0x14, 0xd9, 0x0, 0x45,
    0xe1, 0x60, 0x1f, 0x37, 0xfe, 0xc0, 0x42, 0xa6,
    0x0, 0xf1, 0x19, 0x0, 0x7f, 0xf0, 0xe5, 0x40,
    0x3f, 0x30, 0x10, 0x7, 0xff, 0x9, 0x80, 0x3f,
    0x8c, 0x18, 0x3, 0xff, 0x82, 0xa0, 0x1f, 0xff,
    0xf0, 0xe, 0x4b, 0xbf, 0xf3, 0x0, 0x7f, 0xf0,
    0xc5, 0x13, 0xfc, 0x1, 0xf0, 0x80, 0x78, 0xff,
    0xff, 0xf8, 0x48, 0x1, 0xb4, 0x38, 0x3, 0xff,
    0x96, 0x4c, 0xc, 0x1, 0xff, 0xc9, 0xbc, 0xd1,
    0x81, 0x0, 0xff, 0xe4, 0xa, 0x19, 0xa9, 0xc0,
    0x3f, 0xf9, 0x20,

    /* U+FD10 "ﴐ" */
    0x0, 0xff, 0xe3, 0x57, 0x98, 0x7, 0xff, 0x9e,
    0xf4, 0xc0, 0x3f, 0xf9, 0x82, 0x40, 0x1f, 0xf2,
    0x7c, 0x80, 0x63, 0xfa, 0x0, 0x92, 0xbb, 0xfb,
    0x14, 0x3, 0xff, 0x8c, 0x37, 0x65, 0x34, 0x23,
    0xaa, 0x0, 0x7e, 0x7b, 0xbd, 0xe0, 0x1, 0xc4,
    0x46, 0xea, 0xf3, 0x49, 0x58, 0x3, 0xe1, 0x44,
    0xc6, 0x3, 0x85, 0x36, 0x40, 0x11, 0x78, 0x58,
    0x7, 0xcd, 0xff, 0xb0, 0x10, 0xa9, 0x80, 0x3c,
    0x46, 0x40, 0x1f, 0xfc, 0x39, 0x50, 0xf, 0xcc,
    0x4, 0x1, 0xff, 0xc2, 0x60, 0xf, 0xe3, 0x6,
    0x0, 0xff, 0xe0, 0xa8, 0x7, 0xff, 0xfc, 0x3,
    0x92, 0xef, 0xfc, 0xc0, 0x1f, 0xfc, 0x31, 0x44,
    0xff, 0x0, 0x7c, 0x20, 0x1e, 0x3f, 0xff, 0xfe,
    0x12, 0x0, 0x6d, 0xe, 0x0, 0xff, 0xe5, 0x93,
    0x3, 0x0, 0x7f, 0xf2, 0x6f, 0x34, 0x60, 0x40,
    0x3f, 0xf9, 0x2, 0x86, 0x6a, 0x70, 0xf, 0xfe,
    0x48,

    /* U+FD17 "ﴗ" */
    0x0, 0xff, 0x9b, 0x3b, 0xff, 0xfb, 0x0, 0x3f,
    0xcd, 0xc8, 0x1, 0xff, 0xc2, 0xb9, 0x32, 0x44,
    0xfc, 0x1, 0xe6, 0xc4, 0x0, 0xc2, 0x60, 0x1f,
    0xfc, 0x16, 0x44, 0x7e, 0x5d, 0xfd, 0x40, 0x1e,
    0xe3, 0x10, 0x8, 0x83, 0x80, 0x3f, 0xf8, 0x38,
    0x10, 0x1, 0xff, 0xca, 0x50, 0x50, 0xf, 0xfe,
    0x8, 0x81, 0x0, 0x7f, 0xf2, 0x84, 0x4, 0x3,
    0xff, 0x82, 0x20, 0x80, 0x1f, 0xfc, 0xc3, 0x0,
    0xff, 0xe0, 0xc8, 0x54, 0x10, 0x7, 0xff, 0x40,
    0xd4, 0x40, 0x38, 0xec, 0x9f, 0x75, 0x6, 0x1,
    0xff, 0xc1, 0x10, 0xf, 0xfa, 0xa8, 0xa0, 0x1e,
    0x4d, 0xb6, 0x37, 0xcb, 0x20, 0xf, 0xe1, 0x7,
    0x0, 0xff, 0x88, 0x18, 0x3, 0xf2, 0x4f, 0x5a,
    0x23, 0x48, 0x3, 0xf2, 0x0, 0x80, 0x7f, 0xcc,
    0x4, 0x1, 0xff, 0x25, 0xc8, 0x58, 0x4, 0x57,
    0x77, 0x10, 0x6d, 0xde, 0x1, 0xbb, 0x50, 0x0,
    0x84, 0x3, 0xff, 0x84, 0xc0, 0x80, 0x10, 0xa2,
    0x40, 0xce, 0x48, 0x98, 0x0, 0x89, 0x0, 0x46,
    0x1, 0xff, 0xc4, 0x30, 0x1f, 0xfe, 0xe9, 0x8d,
    0xff, 0xfd, 0xc0, 0x11, 0x0, 0x7f, 0xf1, 0x8,
    0x3, 0xff, 0x94, 0xa0, 0xe0, 0x1f, 0xfc, 0x15,
    0x4, 0x0, 0xff, 0xe5, 0x40, 0x44, 0x4, 0x3,
    0xfc, 0x96, 0x14, 0x1, 0xff, 0xca, 0x2c, 0x27,
    0xec, 0xbb, 0xfd, 0xd6, 0x34, 0x40, 0x1f, 0xfc,
    0xb3, 0xd9, 0x42, 0x44, 0xfc, 0xb, 0x8a, 0x1,
    0xff, 0xca,

    /* U+FD18 "ﴘ" */
    0x0, 0xff, 0x9b, 0x3b, 0xff, 0xfb, 0x0, 0x3f,
    0xcd, 0xc8, 0x1, 0xff, 0xc2, 0xb9, 0x32, 0x44,
    0xfc, 0x1, 0xe6, 0xc4, 0x0, 0xc2, 0x60, 0x1f,
    0xfc, 0x16, 0x44, 0x7e, 0x5d, 0xfd, 0x40, 0x1e,
    0xe3, 0x10, 0x8, 0x83, 0x80, 0x3f, 0xf8, 0x38,
    0x10, 0x1, 0xff, 0xca, 0x50, 0x50, 0xf, 0xfe,
    0x8, 0x81, 0x0, 0x7f, 0xf2, 0x84, 0x4, 0x3,
    0xff, 0x82, 0x20, 0x80, 0x1f, 0xfc, 0xc3, 0x0,
    0xff, 0xe0, 0xc8, 0x54, 0x10, 0x7, 0xff, 0x40,
    0xd4, 0x40, 0x38, 0xec, 0x9f, 0x75, 0x6, 0x1,
    0xff, 0xc1, 0x10, 0xf, 0xfa, 0xa8, 0xa0, 0x1e,
    0x4d, 0xb6, 0x37, 0xcb, 0x20, 0xf, 0xe1, 0x7,
    0x0, 0xff, 0x88, 0x18, 0x3, 0xf2, 0x4f, 0x5a,
    0x23, 0x48, 0x3, 0xf2, 0x0, 0x80, 0x7f, 0xcc,
    0x4, 0x1, 0xff, 0x25, 0xc8, 0x58, 0x4, 0x57,
    0x77, 0x10, 0x6d, 0xde, 0x1, 0xbb, 0x50, 0x0,
    0x84, 0x3, 0xff, 0x84, 0xc0, 0x80, 0x10, 0xa2,
    0x40, 0xce, 0x48, 0x98, 0x0, 0x89, 0x0, 0x46,
    0x1, 0xff, 0xc4, 0x30, 0x1f, 0xfe, 0xe9, 0x8d,
    0xff, 0xfd, 0xc0, 0x11, 0x0, 0x7f, 0xf1, 0x8,
    0x3, 0xff, 0x94, 0xa0, 0xe0, 0x1f, 0xfc, 0x15,
    0x4, 0x0, 0xff, 0xe5, 0x40, 0x44, 0x4, 0x3,
    0xfc, 0x96, 0x14, 0x1, 0xff, 0xca, 0x2c, 0x27,
    0xec, 0xbb, 0xfd, 0xd6, 0x34, 0x40, 0x1f, 0xfc,
    0xb3, 0xd9, 0x42, 0x44, 0xfc, 0xb, 0x8a, 0x1,
    0xff, 0xce, 0x6b, 0xef, 0xff, 0xdd, 0x46, 0x1,
    0xff, 0xd2, 0x2f, 0xc0, 0xdf, 0x0, 0xff, 0xff,
    0x81, 0x6e, 0x83, 0xf4, 0x3, 0xff, 0xa0,

    /* U+FD19 "ﴙ" */
    0x0, 0xff, 0xfc, 0xbf, 0xa0, 0x7, 0xff, 0xfc,
    0x2, 0x26, 0xf6, 0x20, 0xf, 0xfe, 0xb9, 0xed,
    0x6, 0x68, 0x7, 0xff, 0xfc, 0xf, 0xec, 0x3b,
    0xc0, 0x3f, 0xfe, 0x2d, 0x9d, 0xff, 0xfd, 0x80,
    0x1f, 0xe6, 0xe4, 0x0, 0xff, 0xe1, 0x5c, 0x99,
    0x22, 0x7e, 0x0, 0xf3, 0x62, 0x0, 0x61, 0x30,
    0xf, 0xfe, 0xb, 0x22, 0x3f, 0x2e, 0xfe, 0xa0,
    0xf, 0x71, 0x88, 0x4, 0x41, 0xc0, 0x1f, 0xfc,
    0x1c, 0x8, 0x0, 0xff, 0xe5, 0x28, 0x28, 0x7,
    0xff, 0x4, 0x40, 0x80, 0x3f, 0xf9, 0x42, 0x2,
    0x1, 0xff, 0xc1, 0x10, 0x40, 0xf, 0xfe, 0x61,
    0x80, 0x7f, 0xf0, 0x64, 0x2a, 0x8, 0x3, 0xff,
    0xa0, 0x6a, 0x20, 0x1c, 0x76, 0x4f, 0xba, 0x83,
    0x0, 0xff, 0xe0, 0x88, 0x7, 0xfd, 0x54, 0x50,
    0xf, 0x26, 0xdb, 0x1b, 0xe5, 0x90, 0x7, 0xf0,
    0x83, 0x80, 0x7f, 0xc4, 0xc, 0x1, 0xf9, 0x27,
    0xad, 0x11, 0xa4, 0x1, 0xf9, 0x0, 0x40, 0x3f,
    0xe6, 0x2, 0x0, 0xff, 0x92, 0xe4, 0x2c, 0x2,
    0x2b, 0xbb, 0x88, 0x36, 0xef, 0x0, 0xdd, 0xa8,
    0x0, 0x42, 0x1, 0xff, 0xc2, 0x60, 0x40, 0x8,
    0x51, 0x20, 0x67, 0x24, 0x4c, 0x0, 0x44, 0x80,
    0x23, 0x0, 0xff, 0xe2, 0x18, 0xf, 0xff, 0x74,
    0xc6, 0xff, 0xfe, 0xe0, 0x8, 0x80, 0x3f, 0xf8,
    0x84, 0x1, 0xff, 0xca, 0x50, 0x70, 0xf, 0xfe,
    0xa, 0x82, 0x0, 0x7f, 0xf2, 0xa0, 0x22, 0x2,
    0x1, 0xfe, 0x4b, 0xa, 0x0, 0xff, 0xe5, 0x16,
    0x13, 0xf6, 0x5d, 0xfe, 0xeb, 0x1a, 0x20, 0xf,
    0xfe, 0x59, 0xec, 0xa1, 0x22, 0x7e, 0x5, 0xc5,
    0x0, 0xff, 0xe5, 0x0,

    /* U+FD1A "ﴚ" */
    0x0, 0xff, 0xfc, 0xbf, 0xa0, 0x7, 0xff, 0xfc,
    0x2, 0x26, 0xf6, 0x20, 0xf, 0xfe, 0xb9, 0xed,
    0x6, 0x68, 0x7, 0xff, 0xfc, 0xf, 0xec, 0x3b,
    0xc0, 0x3f, 0xfe, 0x2d, 0x9d, 0xff, 0xfd, 0x80,
    0x1f, 0xe6, 0xe4, 0x0, 0xff, 0xe1, 0x5c, 0x99,
    0x22, 0x7e, 0x0, 0xf3, 0x62, 0x0, 0x61, 0x30,
    0xf, 0xfe, 0xb, 0x22, 0x3f, 0x2e, 0xfe, 0xa0,
    0xf, 0x71, 0x88, 0x4, 0x41, 0xc0, 0x1f, 0xfc,
    0x1c, 0x8, 0x0, 0xff, 0xe5, 0x28, 0x28, 0x7,
    0xff, 0x4, 0x40, 0x80, 0x3f, 0xf9, 0x42, 0x2,
    0x1, 0xff, 0xc1, 0x10, 0x40, 0xf, 0xfe, 0x61,
    0x80, 0x7f, 0xf0, 0x64, 0x2a, 0x8, 0x3, 0xff,
    0xa0, 0x6a, 0x20, 0x1c, 0x76, 0x4f, 0xba, 0x83,
    0x0, 0xff, 0xe0, 0x88, 0x7, 0xfd, 0x54, 0x50,
    0xf, 0x26, 0xdb, 0x1b, 0xe5, 0x90, 0x7, 0xf0,
    0x83, 0x80, 0x7f, 0xc4, 0xc, 0x1, 0xf9, 0x27,
    0xad, 0x11, 0xa4, 0x1, 0xf9, 0x0, 0x40, 0x3f,
    0xe6, 0x2, 0x0, 0xff, 0x92, 0xe4, 0x2c, 0x2,
    0x2b, 0xbb, 0x88, 0x36, 0xef, 0x0, 0xdd, 0xa8,
    0x0, 0x42, 0x1, 0xff, 0xc2, 0x60, 0x40, 0x8,
    0x51, 0x20, 0x67, 0x24, 0x4c, 0x0, 0x44, 0x80,
    0x23, 0x0, 0xff, 0xe2, 0x18, 0xf, 0xff, 0x74,
    0xc6, 0xff, 0xfe, 0xe0, 0x8, 0x80, 0x3f, 0xf8,
    0x84, 0x1, 0xff, 0xca, 0x50, 0x70, 0xf, 0xfe,
    0xa, 0x82, 0x0, 0x7f, 0xf2, 0xa0, 0x22, 0x2,
    0x1, 0xfe, 0x4b, 0xa, 0x0, 0xff, 0xe5, 0x16,
    0x13, 0xf6, 0x5d, 0xfe, 0xeb, 0x1a, 0x20, 0xf,
    0xfe, 0x59, 0xec, 0xa1, 0x22, 0x7e, 0x5, 0xc5,
    0x0, 0xff, 0xe7, 0x35, 0xf7, 0xff, 0xee, 0xa3,
    0x0, 0xff, 0xe9, 0x17, 0xe0, 0x6f, 0x80, 0x7f,
    0xff, 0xc0, 0xb7, 0x41, 0xfa, 0x1, 0xff, 0xd0,

    /* U+FD21 "ﴡ" */
    0x0, 0xff, 0x9b, 0x3b, 0xff, 0xfb, 0x0, 0x23,
    0xae, 0xfe, 0xc6, 0x0, 0xff, 0xe2, 0x5c, 0x99,
    0x22, 0x7e, 0x0, 0xd3, 0x8a, 0x68, 0x47, 0x36,
    0x1, 0xff, 0xc2, 0x64, 0x47, 0xe5, 0xdf, 0xd4,
    0x1, 0x63, 0x1e, 0x6d, 0xe7, 0x1a, 0x38, 0x7,
    0xff, 0x7, 0x2, 0x0, 0x3f, 0xf8, 0x16, 0x6f,
    0x86, 0x1, 0xe, 0x84, 0x80, 0x7f, 0xf0, 0x44,
    0x8, 0x3, 0xfe, 0x34, 0x88, 0x0, 0x78, 0x50,
    0x48, 0x3, 0xff, 0x80, 0x20, 0x80, 0x1f, 0xfc,
    0x7, 0x70, 0x7, 0xe2, 0x6, 0x0, 0xff, 0xe0,
    0x48, 0x54, 0x10, 0x7, 0xfa, 0x0, 0x3f, 0x84,
    0x4, 0x3, 0x1a, 0x88, 0x7, 0x1d, 0x93, 0xee,
    0xa0, 0xc0, 0x3c, 0x60, 0x1f, 0xfc, 0x5a, 0xa2,
    0x80, 0x79, 0x36, 0xd8, 0xdf, 0x2c, 0x80, 0x3f,
    0xf9, 0x44, 0xc, 0x1, 0xf9, 0x27, 0xad, 0x11,
    0xa4, 0x1, 0xff, 0xc9, 0x60, 0x20, 0xf, 0xf9,
    0x2e, 0x42, 0xc0, 0x22, 0xbb, 0xff, 0x38, 0x45,
    0xd8, 0xc0, 0x84, 0x3, 0xff, 0x84, 0xc0, 0x80,
    0x10, 0xa2, 0x7f, 0x80, 0x4, 0x88, 0x60, 0x1,
    0x80, 0x7f, 0xf1, 0xc, 0x7, 0xff, 0xff, 0x8a,
    0xa0, 0x2, 0x0, 0xff, 0xe2, 0x10, 0x7, 0xff,
    0x25, 0x41, 0xc0, 0x3f, 0xf8, 0x2a, 0x8, 0x1,
    0xff, 0xc9, 0x80, 0x88, 0x8, 0x7, 0xf9, 0x2c,
    0x28, 0x3, 0xff, 0x92, 0x58, 0x4f, 0xd9, 0x77,
    0xfb, 0xac, 0x68, 0x80, 0x3f, 0xf9, 0x47, 0xb2,
    0x84, 0x89, 0xf8, 0x17, 0x14, 0x3, 0xff, 0x92,

    /* U+FD22 "ﴢ" */
    0x0, 0xff, 0x9b, 0x3b, 0xff, 0xfb, 0x0, 0x23,
    0xae, 0xfe, 0xc6, 0x0, 0xff, 0xe2, 0x5c, 0x99,
    0x22, 0x7e, 0x0, 0xd3, 0x8a, 0x68, 0x47, 0x36,
    0x1, 0xff, 0xc2, 0x64, 0x47, 0xe5, 0xdf, 0xd4,
    0x1, 0x63, 0x1e, 0x6d, 0xe7, 0x1a, 0x38, 0x7,
    0xff, 0x7, 0x2, 0x0, 0x3f, 0xf8, 0x16, 0x6f,
    0x86, 0x1, 0xe, 0x84, 0x80, 0x7f, 0xf0, 0x44,
    0x8, 0x3, 0xfe, 0x34, 0x88, 0x0, 0x78, 0x50,
    0x48, 0x3, 0xff, 0x80, 0x20, 0x80, 0x1f, 0xfc,
    0x7, 0x70, 0x7, 0xe2, 0x6, 0x0, 0xff, 0xe0,
    0x48, 0x54, 0x10, 0x7, 0xfa, 0x0, 0x3f, 0x84,
    0x4, 0x3, 0x1a, 0x88, 0x7, 0x1d, 0x93, 0xee,
    0xa0, 0xc0, 0x3c, 0x60, 0x1f, 0xfc, 0x5a, 0xa2,
    0x80, 0x79, 0x36, 0xd8, 0xdf, 0x2c, 0x80, 0x3f,
    0xf9, 0x44, 0xc, 0x1, 0xf9, 0x27, 0xad, 0x11,
    0xa4, 0x1, 0xff, 0xc9, 0x60, 0x20, 0xf, 0xf9,
    0x2e, 0x42, 0xc0, 0x22, 0xbb, 0xff, 0x38, 0x45,
    0xd8, 0xc0, 0x84, 0x3, 0xff, 0x84, 0xc0, 0x80,
    0x10, 0xa2, 0x7f, 0x80, 0x4, 0x88, 0x60, 0x1,
    0x80, 0x7f, 0xf1, 0xc, 0x7, 0xff, 0xff, 0x8a,
    0xa0, 0x2, 0x0, 0xff, 0xe2, 0x10, 0x7, 0xff,
    0x25, 0x41, 0xc0, 0x3f, 0xf8, 0x2a, 0x8, 0x1,
    0xff, 0xc9, 0x80, 0x88, 0x8, 0x7, 0xf9, 0x2c,
    0x28, 0x3, 0xff, 0x92, 0x58, 0x4f, 0xd9, 0x77,
    0xfb, 0xac, 0x68, 0x80, 0x3f, 0xf9, 0x47, 0xb2,
    0x84, 0x89, 0xf8, 0x17, 0x14, 0x3, 0xff, 0x9a,
    0xd7, 0xdf, 0xff, 0xba, 0x8c, 0x3, 0xff, 0xa2,
    0x5f, 0x81, 0xbe, 0x1, 0xff, 0xfe, 0x2d, 0xd0,
    0x7e, 0x80, 0x7f, 0xf3, 0xc0,

    /* U+FD23 "ﴣ" */
    0x0, 0xff, 0xe8, 0x4f, 0xa8, 0x7, 0xff, 0xfc,
    0x1, 0x1a, 0xa0, 0x1f, 0xfd, 0x91, 0x20, 0xf,
    0xfe, 0x4b, 0x67, 0x7f, 0xff, 0x60, 0x4, 0x75,
    0xdf, 0xd8, 0xc0, 0x1f, 0xfc, 0x4b, 0x93, 0x24,
    0x4f, 0xc0, 0x1a, 0x71, 0x4d, 0x8, 0xe6, 0xc0,
    0x3f, 0xf8, 0x4c, 0x88, 0xfc, 0xbb, 0xfa, 0x80,
    0x2c, 0x63, 0xcd, 0xbc, 0xe3, 0x47, 0x0, 0xff,
    0xe0, 0xe0, 0x40, 0x7, 0xff, 0x2, 0xcd, 0xf0,
    0xc0, 0x21, 0xd0, 0x90, 0xf, 0xfe, 0x8, 0x81,
    0x0, 0x7f, 0xc6, 0x91, 0x0, 0xf, 0xa, 0x9,
    0x0, 0x7f, 0xf0, 0x4, 0x10, 0x3, 0xff, 0x80,
    0xee, 0x0, 0xfc, 0x40, 0xc0, 0x1f, 0xfc, 0x9,
    0xa, 0x82, 0x0, 0xff, 0x40, 0x7, 0xf0, 0x80,
    0x80, 0x63, 0x51, 0x0, 0xe3, 0xb2, 0x7d, 0xd4,
    0x18, 0x7, 0x8c, 0x3, 0xff, 0x8b, 0x54, 0x50,
    0xf, 0x26, 0xdb, 0x1b, 0xe5, 0x90, 0x7, 0xff,
    0x28, 0x81, 0x80, 0x3f, 0x24, 0xf5, 0xa2, 0x34,
    0x80, 0x3f, 0xf9, 0x2c, 0x4, 0x1, 0xff, 0x25,
    0xc8, 0x58, 0x4, 0x57, 0x7f, 0xe7, 0x8, 0xbb,
    0x18, 0x10, 0x80, 0x7f, 0xf0, 0x98, 0x10, 0x2,
    0x14, 0x4f, 0xf0, 0x0, 0x91, 0xc, 0x0, 0x30,
    0xf, 0xfe, 0x21, 0x80, 0xff, 0xff, 0xf1, 0x54,
    0x0, 0x40, 0x1f, 0xfc, 0x42, 0x0, 0xff, 0xe4,
    0xa8, 0x38, 0x7, 0xff, 0x5, 0x41, 0x0, 0x3f,
    0xf9, 0x30, 0x11, 0x1, 0x0, 0xff, 0x25, 0x85,
    0x0, 0x7f, 0xf2, 0x4b, 0x9, 0xfb, 0x2e, 0xff,
    0x75, 0x8d, 0x10, 0x7, 0xff, 0x28, 0xf6, 0x50,
    0x91, 0x3f, 0x2, 0xe2, 0x80, 0x7f, 0xf2, 0x40,

    /* U+FD24 "ﴤ" */
    0x0, 0xff, 0xe8, 0x4f, 0xa8, 0x7, 0xff, 0xfc,
    0x1, 0x1a, 0xa0, 0x1f, 0xfd, 0x91, 0x20, 0xf,
    0xfe, 0x4b, 0x67, 0x7f, 0xff, 0x60, 0x4, 0x75,
    0xdf, 0xd8, 0xc0, 0x1f, 0xfc, 0x4b, 0x93, 0x24,
    0x4f, 0xc0, 0x1a, 0x71, 0x4d, 0x8, 0xe6, 0xc0,
    0x3f, 0xf8, 0x4c, 0x88, 0xfc, 0xbb, 0xfa, 0x80,
    0x2c, 0x63, 0xcd, 0xbc, 0xe3, 0x47, 0x0, 0xff,
    0xe0, 0xe0, 0x40, 0x7, 0xff, 0x2, 0xcd, 0xf0,
    0xc0, 0x21, 0xd0, 0x90, 0xf, 0xfe, 0x8, 0x81,
    0x0, 0x7f, 0xc6, 0x91, 0x0, 0xf, 0xa, 0x9,
    0x0, 0x7f, 0xf0, 0x4, 0x10, 0x3, 0xff, 0x80,
    0xee, 0x0, 0xfc, 0x40, 0xc0, 0x1f, 0xfc, 0x9,
    0xa, 0x82, 0x0, 0xff, 0x40, 0x7, 0xf0, 0x80,
    0x80, 0x63, 0x51, 0x0, 0xe3, 0xb2, 0x7d, 0xd4,
    0x18, 0x7, 0x8c, 0x3, 0xff, 0x8b, 0x54, 0x50,
    0xf, 0x26, 0xdb, 0x1b, 0xe5, 0x90, 0x7, 0xff,
    0x28, 0x81, 0x80, 0x3f, 0x24, 0xf5, 0xa2, 0x34,
    0x80, 0x3f, 0xf9, 0x2c, 0x4, 0x1, 0xff, 0x25,
    0xc8, 0x58, 0x4, 0x57, 0x7f, 0xe7, 0x8, 0xbb,
    0x18, 0x10, 0x80, 0x7f, 0xf0, 0x98, 0x10, 0x2,
    0x14, 0x4f, 0xf0, 0x0, 0x91, 0xc, 0x0, 0x30,
    0xf, 0xfe, 0x21, 0x80, 0xff, 0xff, 0xf1, 0x54,
    0x0, 0x40, 0x1f, 0xfc, 0x42, 0x0, 0xff, 0xe4,
    0xa8, 0x38, 0x7, 0xff, 0x5, 0x41, 0x0, 0x3f,
    0xf9, 0x30, 0x11, 0x1, 0x0, 0xff, 0x25, 0x85,
    0x0, 0x7f, 0xf2, 0x4b, 0x9, 0xfb, 0x2e, 0xff,
    0x75, 0x8d, 0x10, 0x7, 0xff, 0x28, 0xf6, 0x50,
    0x91, 0x3f, 0x2, 0xe2, 0x80, 0x7f, 0xf3, 0x5a,
    0xfb, 0xff, 0xf7, 0x51, 0x80, 0x7f, 0xf4, 0x4b,
    0xf0, 0x37, 0xc0, 0x3f, 0xff, 0xc5, 0xba, 0xf,
    0xd0, 0xf, 0xfe, 0x78,

    /* U+FD29 "ﴩ" */
    0x0, 0xff, 0xf2, 0x4f, 0x90, 0x7, 0xff, 0xb0,
    0xa3, 0xc0, 0x80, 0x3f, 0xf9, 0x89, 0xb0, 0x1b,
    0x80, 0x1f, 0xfe, 0xa4, 0xf9, 0xf, 0xe0, 0xf,
    0xfe, 0xf2, 0x7c, 0x80, 0x63, 0xfa, 0x0, 0xff,
    0x47, 0x10, 0x7, 0xff, 0x26, 0x34, 0xc0, 0x30,
    0xb8, 0x7, 0xf3, 0xdd, 0xef, 0x0, 0xf1, 0x10,
    0x3, 0x68, 0x68, 0x7, 0xf0, 0xa2, 0x63, 0x0,
    0xff, 0xe0, 0x30, 0x10, 0x7, 0xf3, 0x7f, 0xec,
    0x0, 0xff, 0xe0, 0x10, 0x30, 0x7, 0xff, 0x3c,
    0x40, 0x3f, 0xfa, 0x62, 0x1, 0xff, 0xe7, 0x10,
    0x10, 0xf, 0xfe, 0x7a, 0x81, 0x0, 0x7f, 0xf2,
    0x92, 0xee, 0xe1, 0xe, 0xbb, 0xc0, 0x57, 0x69,
    0x0, 0xff, 0xe0, 0x8a, 0x24, 0x6c, 0xe0, 0x89,
    0x80, 0x8, 0x90, 0x6, 0x10, 0xf, 0x1f, 0xff,
    0x6c, 0xc7, 0x7f, 0xfe, 0xd0, 0xd, 0xa1, 0xc0,
    0x1f, 0xfc, 0xe2, 0x60, 0x60, 0xf, 0xfe, 0x65,
    0xe6, 0x8c, 0x8, 0x7, 0xff, 0x2c, 0x50, 0xcd,
    0x4e, 0x1, 0xff, 0xcc,

    /* U+FD2A "ﴪ" */
    0x0, 0xc9, 0xf2, 0x1, 0x8f, 0xe8, 0x3, 0xfd,
    0x1c, 0x40, 0x1f, 0xfc, 0x98, 0xd3, 0x0, 0xc2,
    0xe0, 0x1f, 0xcf, 0x77, 0xbc, 0x3, 0xc4, 0x40,
    0xd, 0xa1, 0xa0, 0x1f, 0xc2, 0x89, 0x8c, 0x3,
    0xff, 0x80, 0xc0, 0x40, 0x1f, 0xcd, 0xff, 0xb0,
    0x3, 0xff, 0x80, 0x40, 0xc0, 0x1f, 0xfc, 0xf1,
    0x0, 0xff, 0xe9, 0x88, 0x7, 0xff, 0x9c, 0x40,
    0x40, 0x3f, 0xf9, 0xea, 0x4, 0x1, 0xff, 0xca,
    0x4b, 0xbb, 0x84, 0x3a, 0xef, 0x1, 0x5d, 0xa4,
    0x3, 0xff, 0x82, 0x28, 0x91, 0xb3, 0x82, 0x26,
    0x0, 0x22, 0x40, 0x18, 0x40, 0x3c, 0x7f, 0xfd,
    0xb3, 0x1d, 0xff, 0xfb, 0x40, 0x36, 0x87, 0x0,
    0x7f, 0xf3, 0x89, 0x81, 0x80, 0x3f, 0xf9, 0x97,
    0x9a, 0x30, 0x20, 0x1f, 0xfc, 0xb1, 0x43, 0x35,
    0x38, 0x7, 0xff, 0x30,

    /* U+FD2B "ﴫ" */
    0x0, 0xc9, 0xf2, 0x1, 0x8f, 0xe8, 0x2, 0x4a,
    0xef, 0xec, 0x50, 0xf, 0xfe, 0x48, 0xdd, 0x94,
    0xd0, 0x8e, 0xa8, 0x1, 0xff, 0x3d, 0xde, 0xf0,
    0x0, 0xe2, 0x23, 0x75, 0x79, 0xa4, 0xac, 0x1,
    0xfe, 0x14, 0x4c, 0x60, 0x38, 0x53, 0x64, 0x1,
    0x17, 0x85, 0x80, 0x7f, 0x9b, 0xff, 0x60, 0x21,
    0x53, 0x0, 0x78, 0x8c, 0x80, 0x3f, 0xf8, 0xd2,
    0xa0, 0x1f, 0x98, 0x8, 0x3, 0xff, 0x8a, 0xc0,
    0x1f, 0xc6, 0xc, 0x1, 0xff, 0xc4, 0x50, 0xf,
    0xff, 0xf8, 0x7, 0xff, 0x9, 0x2e, 0xff, 0xcc,
    0x11, 0x76, 0x20, 0xf, 0xfe, 0x8, 0xa2, 0x7f,
    0x80, 0x6, 0x88, 0x60, 0xc, 0x20, 0x1e, 0x3f,
    0xff, 0xfe, 0x2a, 0x0, 0x6d, 0xe, 0x0, 0xff,
    0xe7, 0x13, 0x3, 0x0, 0x7f, 0xf3, 0x2f, 0x34,
    0x60, 0x40, 0x3f, 0xf9, 0x62, 0x86, 0x6a, 0x70,
    0xf, 0xfe, 0x60,

    /* U+FD2C "ﴬ" */
    0x0, 0xff, 0xe3, 0x57, 0x98, 0x7, 0xff, 0xb6,
    0xf4, 0xc0, 0x3f, 0xf9, 0xe2, 0x40, 0x1f, 0xfc,
    0x24, 0xf9, 0x0, 0xc7, 0xf4, 0x1, 0x25, 0x77,
    0xf6, 0x28, 0x7, 0xff, 0x24, 0x6e, 0xca, 0x68,
    0x47, 0x54, 0x0, 0xff, 0x9e, 0xef, 0x78, 0x0,
    0x71, 0x11, 0xba, 0xbc, 0xd2, 0x56, 0x0, 0xff,
    0xa, 0x26, 0x30, 0x1c, 0x29, 0xb2, 0x0, 0x8b,
    0xc2, 0xc0, 0x3f, 0xcd, 0xff, 0xb0, 0x10, 0xa9,
    0x80, 0x3c, 0x46, 0x40, 0x1f, 0xfc, 0x69, 0x50,
    0xf, 0xcc, 0x4, 0x1, 0xff, 0xc5, 0x60, 0xf,
    0xe3, 0x6, 0x0, 0xff, 0xe2, 0x28, 0x7, 0xff,
    0xfc, 0x3, 0xff, 0x84, 0x97, 0x7f, 0xe6, 0x8,
    0xbb, 0x10, 0x7, 0xff, 0x4, 0x51, 0x3f, 0xc0,
    0x3, 0x44, 0x30, 0x6, 0x10, 0xf, 0x1f, 0xff,
    0xff, 0x15, 0x0, 0x36, 0x87, 0x0, 0x7f, 0xf3,
    0x89, 0x81, 0x80, 0x3f, 0xf9, 0x97, 0x9a, 0x30,
    0x20, 0x1f, 0xfc, 0xb1, 0x43, 0x35, 0x38, 0x7,
    0xff, 0x30,

    /* U+FD3E "﴾" */
    0x0, 0xf, 0xe0, 0x1, 0xc2, 0xc0, 0x14, 0xa,
    0x2, 0x62, 0x40, 0xe0, 0x80, 0xf, 0xc, 0x0,
    0x20, 0x28, 0x0, 0x80, 0xc0, 0x80, 0x40, 0x2,
    0x4, 0x0, 0x70, 0x70, 0xc, 0xe0, 0x7, 0x1,
    0x0, 0x10, 0x10, 0x0, 0x44, 0x4, 0x0, 0x50,
    0x70, 0x6, 0x6, 0x80, 0x14, 0x14, 0x0, 0x45,
    0x8, 0x2, 0x81, 0xc0, 0xc, 0x14,

    /* U+FD3F "﴿" */
    0x3f, 0xa0, 0x1, 0x92, 0x80, 0x48, 0xa, 0x0,
    0xd0, 0xf0, 0x2, 0x2, 0x80, 0x46, 0x6, 0x0,
    0x50, 0x50, 0x7, 0x86, 0x0, 0x8, 0x18, 0x0,
    0xe0, 0x20, 0x2, 0x3, 0x0, 0x18, 0x6, 0x10,
    0x20, 0x3, 0x3, 0x80, 0x34, 0xc, 0x0, 0x61,
    0x80, 0x5, 0x5, 0x3, 0x13, 0x10, 0xb0, 0xb0,
    0x2, 0x83, 0x1, 0x11, 0x44, 0x0,

    /* U+FDF2 "ﷲ" */
    0x0, 0xff, 0xe5, 0x67, 0x90, 0x1, 0xbd, 0xc0,
    0x3f, 0xf8, 0x86, 0x40, 0x1f, 0xfc, 0xf2, 0xc9,
    0x0, 0xff, 0xff, 0xc, 0x6f, 0x7f, 0xf2, 0x0,
    0x7f, 0xf2, 0x31, 0xcc, 0x91, 0x20, 0xf, 0xfe,
    0x53, 0x93, 0x76, 0x5d, 0xcc, 0x1, 0xff, 0xc9,
    0xb0, 0x80, 0xf, 0xfe, 0x79, 0x88, 0x80, 0x3f,
    0xfa, 0x6, 0x1, 0xff, 0xef, 0x30, 0xf, 0xfe,
    0x81, 0x88, 0x80, 0x3f, 0xf9, 0xe8, 0x10, 0x1,
    0xff, 0xcf, 0x82, 0x6e, 0xcb, 0xb9, 0x82, 0xed,
    0xfd, 0x20, 0xb9, 0xfd, 0x64, 0x1, 0xfd, 0x8e,
    0x64, 0x89, 0x0, 0x48, 0x2, 0x80, 0x26, 0x2,
    0x82, 0x1, 0xf0,

    /* U+FE82 "ﺂ" */
    0x1e, 0xe1, 0x9a, 0x40, 0x12, 0x61, 0x98, 0x10,
    0x4, 0xe7, 0x66, 0xc0, 0x0, 0x44, 0x6, 0x40,
    0x1d, 0x7e, 0x40, 0x1f, 0xff, 0xf0, 0xf, 0xff,
    0x4, 0xdd, 0x94, 0x3, 0x22, 0x44,

    /* U+FE84 "ﺄ" */
    0x0, 0xff, 0x4f, 0xf0, 0x80, 0x4e, 0xd5, 0x41,
    0x0, 0xb4, 0xd5, 0x0, 0x22, 0x53, 0xff, 0x48,
    0x0, 0xb2, 0xf3, 0x16, 0x1, 0x1a, 0x19, 0x88,
    0x3, 0x5f, 0x90, 0x7, 0xff, 0xfc, 0x3, 0xff,
    0xc1, 0x37, 0x65, 0x0, 0xc8, 0x91, 0x0,

    /* U+FE86 "ﺆ" */
    0x0, 0xff, 0xe4, 0x3f, 0x7a, 0x0, 0x7f, 0x8e,
    0x26, 0xd0, 0x3, 0xfc, 0xa0, 0xc8, 0x1, 0xff,
    0x48, 0x77, 0xf0, 0x7, 0xfb, 0x2f, 0x31, 0xa0,
    0x1f, 0xe3, 0x43, 0x38, 0x3, 0xf0, 0xc6, 0xf7,
    0xff, 0x20, 0x7, 0x63, 0x99, 0x22, 0x40, 0x1f,
    0x39, 0x37, 0x65, 0xdc, 0xc0, 0x1e, 0xb0, 0x80,
    0xf, 0xfe, 0x1, 0x88, 0x80, 0x3f, 0xf8, 0x26,
    0x1, 0xff, 0xd1, 0x30, 0xf, 0xfe, 0x9, 0x88,
    0x80, 0x3f, 0xf8, 0x8, 0x10, 0x1, 0xff, 0xc0,
    0x82, 0x6e, 0xcb, 0xb9, 0xc2, 0x2e, 0xc4, 0x0,
    0xc7, 0x32, 0x44, 0x84, 0xd, 0x10, 0xc0, 0x1,
    0x8d, 0xef, 0xf9, 0x42, 0xff, 0xc8, 0x1, 0xfc,
    0xe0, 0xc0, 0x1f, 0xf4, 0x11, 0x90, 0x6, 0x1e,
    0xdb, 0xb6, 0x7b, 0x8f, 0x0, 0x79, 0x1, 0x50,
    0x8e, 0x38, 0x80, 0x30,

    /* U+FE88 "ﺈ" */
    0x0, 0x5f, 0x90, 0x7, 0xff, 0xfc, 0x3, 0xff,
    0xc1, 0x37, 0x65, 0x0, 0xc8, 0x91, 0x0, 0x2f,
    0xff, 0x38, 0x7, 0xfa, 0x7f, 0x84, 0x2, 0x76,
    0xaa, 0x8, 0x5, 0xa6, 0xa8, 0x1, 0x12, 0x9f,
    0xfa, 0x40, 0x5, 0x97, 0x98, 0xb0, 0x0,

    /* U+FE8A "ﺊ" */
    0x0, 0xff, 0xe5, 0xaf, 0x7b, 0x0, 0x7f, 0xf1,
    0x46, 0x9e, 0xdc, 0x3, 0xff, 0x8a, 0xa1, 0x68,
    0x20, 0x1f, 0xfc, 0x59, 0xd, 0xff, 0x0, 0x7f,
    0xf1, 0x7e, 0xf3, 0x20, 0xf, 0xfe, 0x29, 0x29,
    0x19, 0x80, 0x3f, 0xf8, 0xd3, 0xca, 0x1, 0xff,
    0xc7, 0x30, 0x70, 0xf, 0xf0, 0x80, 0x7e, 0x60,
    0x20, 0xf, 0xe2, 0xed, 0xbb, 0xe6, 0x2, 0x10,
    0xf, 0xf9, 0x4d, 0x13, 0xbc, 0x0, 0x60, 0x1f,
    0xe2, 0xae, 0xff, 0x0, 0xfc, 0x80, 0x8, 0x3,
    0xff, 0x84, 0x20, 0x40, 0x12, 0x83, 0x0, 0x7f,
    0xf0, 0x5c, 0x10, 0x2, 0x80, 0x98, 0x0, 0xff,
    0x92, 0x2, 0x80, 0x22, 0xc1, 0x7f, 0xcb, 0xbf,
    0xdb, 0x63, 0x44, 0x1, 0x8f, 0xa5, 0x9, 0x13,
    0xf1, 0xae, 0x28, 0x4,

    /* U+FE8B "ﺋ" */
    0x0, 0xff, 0x3f, 0x7a, 0x0, 0xe, 0x26, 0xd0,
    0x0, 0xa0, 0xc8, 0x1, 0x48, 0x77, 0xf0, 0x3,
    0x2f, 0x31, 0xa0, 0x3, 0x43, 0x38, 0x2, 0x4a,
    0x50, 0xc, 0x4a, 0x40, 0x1f, 0xfe, 0xd4, 0xbb,
    0x48, 0x4, 0x48, 0x80, 0xc,

    /* U+FE8C "ﺌ" */
    0x0, 0xff, 0xe0, 0x3f, 0x7a, 0x0, 0x63, 0x89,
    0xb4, 0x0, 0xca, 0xc, 0x80, 0x1d, 0x21, 0xdf,
    0xc0, 0x1b, 0x2f, 0x31, 0xa0, 0x18, 0xd0, 0xce,
    0x0, 0xe4, 0xa5, 0x0, 0xf1, 0x29, 0x0, 0x7f,
    0xff, 0xd2, 0xed, 0x21, 0x57, 0x64, 0x24, 0x40,
    0x0, 0x91, 0x6,

    /* U+FE8E "ﺎ" */
    0xbf, 0x20, 0xf, 0xff, 0xf8, 0x7, 0xff, 0xa,
    0x6e, 0xca, 0x0, 0x44, 0x88,

    /* U+FE90 "ﺐ" */
    0x0, 0xff, 0xe1, 0xef, 0x80, 0x7f, 0xf3, 0x88,
    0xc0, 0x3f, 0xf8, 0xf7, 0x88, 0x1, 0xff, 0xc6,
    0x50, 0x50, 0xf, 0xfe, 0x31, 0x80, 0x80, 0x7f,
    0xf1, 0xc8, 0x3, 0xff, 0x90, 0x60, 0x1f, 0xfc,
    0x73, 0x12, 0x0, 0xff, 0xe3, 0x48, 0x7a, 0x0,
    0x7f, 0xf1, 0x56, 0xa, 0xfb, 0x2e, 0xff, 0x10,
    0x5d, 0xa8, 0x2, 0x7d, 0x72, 0x22, 0x27, 0xe0,
    0x2, 0x21, 0x40, 0x31, 0x46, 0x77, 0xff, 0xff,
    0x4, 0x3, 0xff, 0xa5, 0xfe, 0x0, 0xff, 0xee,
    0x6e, 0x80, 0x3f, 0xe0,

    /* U+FE91 "ﺑ" */
    0x0, 0x9b, 0xdc, 0x3, 0xff, 0xd4, 0x97, 0x69,
    0x0, 0x12, 0x20, 0x2, 0x6f, 0xfc, 0xe0, 0x1f,
    0xcd, 0xee, 0x1, 0xfc, 0xfa, 0xc0,

    /* U+FE92 "ﺒ" */
    0x0, 0x9b, 0xdc, 0x3, 0xff, 0xfe, 0x1, 0xfc,
    0x97, 0x69, 0xa, 0xbb, 0x21, 0x22, 0x0, 0x4,
    0x88, 0x36, 0xff, 0xf9, 0xc0, 0x3f, 0xf8, 0xd,
    0xee, 0x1, 0xff, 0xc3, 0x7d, 0x60, 0x8,

    /* U+FE94 "ﺔ" */
    0x0, 0xc4, 0x40, 0x12, 0x0, 0xff, 0x6f, 0x85,
    0x69, 0x0, 0x7f, 0xf3, 0x3f, 0x42, 0xfc, 0x80,
    0x3f, 0xf9, 0x43, 0x1b, 0xdf, 0xfc, 0x80, 0x1d,
    0x8e, 0x64, 0x89, 0x0, 0x7c, 0xe4, 0xdd, 0x97,
    0x73, 0x0, 0x7a, 0xc2, 0x0, 0x3f, 0xf8, 0x6,
    0x22, 0x0, 0xff, 0xe0, 0x98, 0x7, 0xff, 0x44,
    0xc0, 0x3f, 0xf8, 0x26, 0x22, 0x0, 0xff, 0xe0,
    0x20, 0x40, 0x7, 0xff, 0x2, 0x9, 0xbb, 0x2e,
    0xe6, 0xb, 0xb8, 0x80, 0x18, 0xe6, 0x48, 0x90,
    0x4, 0x88, 0x60,

    /* U+FE96 "ﺖ" */
    0x0, 0xf4, 0xfa, 0x23, 0xe4, 0x3, 0xff, 0xb1,
    0x1a, 0x88, 0xd8, 0x0, 0xb7, 0xc0, 0x3f, 0xc2,
    0x40, 0x2, 0x10, 0xf, 0xf1, 0x18, 0x7, 0xff,
    0x1e, 0xf1, 0x0, 0x3f, 0xf8, 0xca, 0xa, 0x1,
    0xff, 0xc6, 0x30, 0x10, 0xf, 0xfe, 0x39, 0x0,
    0x7f, 0xf2, 0xc, 0x3, 0xff, 0x8e, 0x62, 0x40,
    0x1f, 0xfc, 0x69, 0xf, 0x40, 0xf, 0xfe, 0x2a,
    0xc1, 0x5f, 0x65, 0xdf, 0xe2, 0xb, 0xb5, 0x0,
    0x4f, 0xae, 0x44, 0x44, 0xfc, 0x0, 0x44, 0x28,
    0x0,

    /* U+FE97 "ﺗ" */
    0x0, 0x11, 0x0, 0x48, 0x2, 0xdf, 0xd, 0xd1,
    0x0, 0x7f, 0xbf, 0x43, 0x3c, 0x80, 0x3f, 0xe5,
    0xe6, 0x0, 0xe3, 0x11, 0x0, 0x7f, 0xfd, 0x92,
    0xed, 0x20, 0x18, 0x91, 0x0, 0x1c,

    /* U+FE98 "ﺘ" */
    0x0, 0x11, 0x0, 0x48, 0x3, 0x6f, 0x86, 0xe8,
    0x80, 0x3f, 0xf8, 0x1f, 0xa1, 0x9e, 0x40, 0x1f,
    0xfc, 0x15, 0xe6, 0x0, 0xf1, 0x88, 0x80, 0x3f,
    0xff, 0xe9, 0x76, 0x90, 0xab, 0xb2, 0x12, 0x20,
    0x0, 0x48, 0x83,

    /* U+FE9A "ﺚ" */
    0x0, 0xfd, 0xba, 0x0, 0xff, 0xee, 0x6e, 0x80,
    0x3f, 0xf8, 0xb3, 0xe8, 0x8f, 0x90, 0xf, 0xfe,
    0xc4, 0x6a, 0x23, 0x60, 0x2, 0xdf, 0x0, 0xff,
    0x9, 0x0, 0x8, 0x40, 0x3f, 0xc4, 0x60, 0x1f,
    0xfc, 0x7b, 0xc4, 0x0, 0xff, 0xe3, 0x28, 0x28,
    0x7, 0xff, 0x18, 0xc0, 0x40, 0x3f, 0xf8, 0xe4,
    0x1, 0xff, 0xc8, 0x30, 0xf, 0xfe, 0x39, 0x89,
    0x0, 0x7f, 0xf1, 0xa4, 0x3d, 0x0, 0x3f, 0xf8,
    0xab, 0x5, 0x7d, 0x97, 0x7f, 0x88, 0x2e, 0xd4,
    0x1, 0x3e, 0xb9, 0x11, 0x13, 0xf0, 0x1, 0x10,
    0xa0,

    /* U+FE9B "ﺛ" */
    0x0, 0xff, 0x97, 0xd8, 0x3, 0xff, 0x80, 0x4f,
    0xee, 0x40, 0x1, 0xdf, 0xd, 0xd0, 0x80, 0x7f,
    0xf, 0xe8, 0x67, 0x88, 0x7, 0xfc, 0xbc, 0xc0,
    0x1c, 0x62, 0x20, 0xf, 0xff, 0xb2, 0x5d, 0xa4,
    0x3, 0x12, 0x20, 0x3, 0x80,

    /* U+FE9C "ﺜ" */
    0x0, 0xff, 0xe0, 0x2f, 0xb0, 0x7, 0xff, 0x8,
    0x9f, 0xdc, 0x80, 0x21, 0xdf, 0xd, 0xd0, 0x80,
    0x7f, 0xc3, 0xfa, 0x19, 0xe2, 0x1, 0xff, 0xc1,
    0x5e, 0x60, 0xf, 0x18, 0x88, 0x3, 0xff, 0xfe,
    0x97, 0x69, 0xa, 0xbb, 0x21, 0x22, 0x0, 0x4,
    0x88, 0x30,

    /* U+FE9E "ﺞ" */
    0x0, 0x2d, 0x6f, 0x7f, 0x64, 0x8, 0x7, 0xdc,
    0xa6, 0x48, 0x66, 0x7f, 0x30, 0xf, 0x57, 0xf6,
    0x5e, 0xfb, 0x8f, 0x0, 0x78, 0x40, 0x3d, 0xa,
    0x48, 0x1, 0xff, 0xc1, 0xd0, 0x30, 0xf, 0xfe,
    0x8, 0x80, 0x7f, 0xff, 0x5, 0xa6, 0xae, 0xf0,
    0x55, 0xd9, 0x40, 0xd, 0xd2, 0xca, 0x89, 0x10,
    0x12, 0x20, 0x81, 0x64, 0x6b, 0xbf, 0xff, 0x9c,
    0x24, 0x35, 0x44, 0x3, 0xfe, 0x31, 0x30, 0xd,
    0x94, 0x1, 0xff, 0xc2, 0x21, 0x0, 0xf8, 0xc4,
    0xc0, 0x37, 0x58, 0x7, 0xd2, 0x1a, 0xa2, 0x0,
    0x20, 0xf, 0xcb, 0x23, 0x5d, 0xfe, 0xd2, 0x0,
    0xfc, 0xdd, 0x2c, 0xaa, 0x70, 0xf, 0x80,

    /* U+FE9F "ﺟ" */
    0x0, 0x14, 0xe6, 0xff, 0xb6, 0x8c, 0x3, 0x33,
    0xc, 0xc, 0xe5, 0xc8, 0x0, 0x93, 0xfd, 0xb9,
    0x8e, 0xc1, 0x74, 0x0, 0xfe, 0x3a, 0xe, 0x0,
    0xff, 0x20, 0x38, 0x7, 0xff, 0x0, 0xc0, 0x3f,
    0xfd, 0x9, 0x77, 0xfe, 0x0, 0x12, 0x27, 0xf8,
    0x0, 0xdf, 0xff, 0xf7, 0x0, 0x7f, 0xf1, 0xfb,
    0xc0, 0x3f, 0xf9, 0x99, 0xa0, 0x1c,

    /* U+FEA0 "ﺠ" */
    0x0, 0x14, 0xe6, 0xff, 0xb6, 0x8c, 0x3, 0xe6,
    0x61, 0x81, 0x9c, 0xb9, 0x0, 0x1e, 0x4f, 0xf6,
    0xe6, 0x3b, 0x5, 0xd0, 0x3, 0xff, 0x80, 0x74,
    0x1c, 0x1, 0xff, 0xc1, 0x40, 0x70, 0xf, 0xfe,
    0x19, 0x80, 0x7f, 0xfd, 0xd2, 0xef, 0xfc, 0x3,
    0x76, 0x92, 0x44, 0xff, 0x0, 0x11, 0xe, 0xdf,
    0xff, 0xfc, 0x2e, 0x0, 0xff, 0xe5, 0x77, 0x80,
    0x7f, 0xf4, 0xb3, 0x40, 0x3f, 0x0,

    /* U+FEA2 "ﺢ" */
    0x0, 0x2d, 0x6f, 0x7f, 0x64, 0x8, 0x7, 0xdc,
    0xa6, 0x48, 0x66, 0x7f, 0x30, 0xf, 0x57, 0xf6,
    0x5e, 0xfb, 0x8f, 0x0, 0x78, 0x40, 0x3d, 0xa,
    0x48, 0x1, 0xff, 0xc1, 0xd0, 0x30, 0xf, 0xfe,
    0x8, 0x80, 0x7f, 0xff, 0x5, 0xa6, 0xae, 0xf0,
    0x55, 0xd9, 0x40, 0xd, 0xd2, 0xca, 0x89, 0x10,
    0x12, 0x20, 0x81, 0x64, 0x6b, 0xbf, 0xff, 0x9c,
    0x24, 0x35, 0x44, 0x3, 0xfe, 0x31, 0x30, 0xf,
    0xfe, 0x89, 0x89, 0x80, 0x7f, 0xf0, 0x64, 0x35,
    0x44, 0x0, 0x26, 0x20, 0x1e, 0x59, 0x1a, 0xef,
    0xf7, 0x63, 0x80, 0x7c, 0xdd, 0x2c, 0xaa, 0x79,
    0x70, 0xe,

    /* U+FEA3 "ﺣ" */
    0x0, 0x14, 0xe6, 0xff, 0xb6, 0x8c, 0x3, 0x33,
    0xc, 0xc, 0xe5, 0xc8, 0x0, 0x93, 0xfd, 0xb9,
    0x8e, 0xc1, 0x74, 0x0, 0xfe, 0x3a, 0xe, 0x0,
    0xff, 0x20, 0x38, 0x7, 0xff, 0x0, 0xc0, 0x3f,
    0xfd, 0x9, 0x77, 0xfe, 0x0, 0x12, 0x27, 0xf8,
    0x0,

    /* U+FEA4 "ﺤ" */
    0x0, 0x14, 0xe6, 0xff, 0xb6, 0x8c, 0x3, 0xe6,
    0x61, 0x81, 0x9c, 0xb9, 0x0, 0x1e, 0x4f, 0xf6,
    0xe6, 0x3b, 0x5, 0xd0, 0x3, 0xff, 0x80, 0x74,
    0x1c, 0x1, 0xff, 0xc1, 0x40, 0x70, 0xf, 0xfe,
    0x19, 0x80, 0x7f, 0xfd, 0xd2, 0xef, 0xfc, 0x3,
    0x76, 0x92, 0x44, 0xff, 0x0, 0x11, 0xe,

    /* U+FEA6 "ﺦ" */
    0x0, 0xe5, 0xf9, 0x0, 0xff, 0xe8, 0xae, 0xc0,
    0x7, 0xff, 0x8, 0x84, 0x3, 0xfc, 0xb5, 0xbd,
    0xfd, 0x90, 0x20, 0x1f, 0x72, 0x99, 0x21, 0x99,
    0xfc, 0xc0, 0x3d, 0x5f, 0xd9, 0x7b, 0xee, 0x3c,
    0x1, 0xe1, 0x0, 0xf4, 0x29, 0x20, 0x7, 0xff,
    0x7, 0x40, 0xc0, 0x3f, 0xf8, 0x22, 0x1, 0xff,
    0xfc, 0x16, 0x9a, 0xbb, 0xc1, 0x57, 0x65, 0x0,
    0x37, 0x4b, 0x2a, 0x24, 0x40, 0x48, 0x82, 0x5,
    0x91, 0xae, 0xff, 0xfe, 0x70, 0x90, 0xd5, 0x10,
    0xf, 0xf8, 0xc4, 0xc0, 0x3f, 0xfa, 0x26, 0x26,
    0x1, 0xff, 0xc1, 0x90, 0xd5, 0x10, 0x0, 0x98,
    0x80, 0x79, 0x64, 0x6b, 0xbf, 0xdd, 0x8e, 0x1,
    0xf3, 0x74, 0xb2, 0xa9, 0xe5, 0xc0, 0x38,

    /* U+FEA7 "ﺧ" */
    0x0, 0xf7, 0x78, 0x7, 0xff, 0x33, 0x34, 0x3,
    0xfe, 0x22, 0x0, 0x7c, 0x53, 0x9b, 0xfe, 0xda,
    0x30, 0xc, 0xcc, 0x30, 0x33, 0x97, 0x20, 0x2,
    0x4f, 0xf6, 0xe6, 0x3b, 0x5, 0xd0, 0x3, 0xf8,
    0xe8, 0x38, 0x3, 0xfc, 0x80, 0xe0, 0x1f, 0xfc,
    0x3, 0x0, 0xff, 0xf4, 0x25, 0xdf, 0xf8, 0x0,
    0x48, 0x9f, 0xe0, 0x0,

    /* U+FEA8 "ﺨ" */
    0x0, 0xf7, 0x78, 0x7, 0xff, 0x4b, 0x34, 0x3,
    0xff, 0x84, 0x44, 0x0, 0xff, 0x14, 0xe6, 0xff,
    0xb6, 0x8c, 0x3, 0xe6, 0x61, 0x81, 0x9c, 0xb9,
    0x0, 0x1e, 0x4f, 0xf6, 0xe6, 0x3b, 0x5, 0xd0,
    0x3, 0xff, 0x80, 0x74, 0x1c, 0x1, 0xff, 0xc1,
    0x40, 0x70, 0xf, 0xfe, 0x19, 0x80, 0x7f, 0xfd,
    0xd2, 0xef, 0xfc, 0x3, 0x76, 0x92, 0x44, 0xff,
    0x0, 0x11, 0xe,

    /* U+FEAA "ﺪ" */
    0x0, 0x67, 0xfb, 0xa9, 0x40, 0x3f, 0x22, 0x46,
    0xb5, 0x40, 0xf, 0xa2, 0xed, 0xba, 0x35, 0x60,
    0xf, 0xf1, 0x70, 0x58, 0x7, 0xfc, 0x45, 0x8,
    0x7, 0xfc, 0xc0, 0x40, 0x1f, 0xf0, 0x80, 0x7f,
    0xf0, 0xdc, 0x3, 0xff, 0xa9, 0x77, 0xf2, 0x84,
    0x5d, 0x88, 0x11, 0x3e, 0x0, 0x1a, 0x20, 0x40,

    /* U+FEAC "ﺬ" */
    0x0, 0x88, 0x40, 0x3f, 0xe3, 0xdb, 0x0, 0xff,
    0xe6, 0x9f, 0xd0, 0x7, 0xff, 0x37, 0x3f, 0xdd,
    0x4a, 0x1, 0xf9, 0x12, 0x35, 0xaa, 0x0, 0x7d,
    0x17, 0x6d, 0xd1, 0xab, 0x0, 0x7f, 0x8b, 0x82,
    0xc0, 0x3f, 0xe2, 0x28, 0x40, 0x3f, 0xe6, 0x2,
    0x0, 0xff, 0x84, 0x3, 0xff, 0x86, 0xe0, 0x1f,
    0xfd, 0x4b, 0xbf, 0x94, 0x22, 0xec, 0x40, 0x89,
    0xf0, 0x0, 0xd1, 0x2,

    /* U+FEAE "ﺮ" */
    0x0, 0xc9, 0xf2, 0x1, 0xff, 0xff, 0x0, 0xff,
    0xe6, 0x35, 0xd9, 0x80, 0x3e, 0x44, 0x78, 0x6,
    0x10, 0x6f, 0xf4, 0x80, 0x6d, 0xe, 0x0, 0xf1,
    0x30, 0x30, 0x6, 0xbc, 0xd1, 0x81, 0x0, 0x85,
    0xc, 0xd4, 0xe0, 0x18,

    /* U+FEB0 "ﺰ" */
    0x0, 0xe2, 0x10, 0xf, 0x93, 0x60, 0x3, 0xff,
    0x8a, 0x9f, 0x20, 0x1f, 0xfc, 0x53, 0xe8, 0x0,
    0xf9, 0xc4, 0x40, 0x1f, 0xff, 0xf0, 0xf, 0xfe,
    0x13, 0x5d, 0x98, 0x3, 0xe4, 0x47, 0x80, 0x79,
    0xbf, 0xd2, 0x1, 0x8c, 0x38, 0x3, 0xc5, 0x20,
    0xa0, 0x1a, 0xf3, 0x46, 0x8, 0x2, 0x14, 0x33,
    0x53, 0x80, 0x60,

    /* U+FEB2 "ﺲ" */
    0x0, 0xff, 0xe7, 0x8, 0x7, 0xff, 0x40, 0x7e,
    0x80, 0x3f, 0xf9, 0x43, 0xf8, 0x1, 0x8, 0x28,
    0x7, 0xff, 0x11, 0x60, 0x40, 0x3f, 0xc4, 0x20,
    0x1f, 0xfc, 0x4e, 0x72, 0x0, 0xff, 0x38, 0x18,
    0x7, 0xff, 0x40, 0x81, 0xc0, 0x31, 0x4a, 0x80,
    0x7f, 0xf2, 0xc4, 0x3, 0x3b, 0x60, 0x7, 0xff,
    0x40, 0x83, 0xc0, 0x3f, 0xf8, 0x46, 0xe, 0x1,
    0xff, 0x70, 0x10, 0x7, 0xff, 0x8, 0x40, 0x40,
    0x3f, 0xe5, 0x6, 0x0, 0xff, 0xe1, 0x20, 0x8,
    0x7, 0xfc, 0x40, 0x40, 0x1f, 0xef, 0xbb, 0x64,
    0x2, 0x65, 0xdc, 0xe1, 0x37, 0x63, 0x1, 0x10,
    0x7, 0xfc, 0x68, 0x83, 0x48, 0x43, 0x44, 0x80,
    0x6, 0x88, 0x60, 0x1, 0x80, 0x7f, 0xdb, 0xff,
    0x5b, 0xdf, 0xff, 0xf2, 0x80, 0x90, 0x7, 0xf3,
    0x1, 0x80, 0x7f, 0xf1, 0x5c, 0x20, 0x3, 0xe4,
    0x22, 0x8, 0x7, 0xff, 0x16, 0x5, 0xe4, 0x40,
    0x32, 0xd0, 0x48, 0x7, 0xff, 0x18, 0x70, 0x9b,
    0xb6, 0xf3, 0xa8, 0x69, 0x0, 0x3f, 0xf8, 0xe5,
    0xb2, 0x86, 0x84, 0x47, 0xe5, 0x0, 0xff, 0xe3,
    0x0,

    /* U+FEB3 "ﺳ" */
    0x0, 0xff, 0xe2, 0x88, 0x7, 0xff, 0x19, 0xb9,
    0x80, 0x3f, 0xe6, 0xf7, 0x0, 0x88, 0x3c, 0x3,
    0x9d, 0xc0, 0x1f, 0xe5, 0x5, 0x0, 0xe8, 0x90,
    0xf, 0xf0, 0x81, 0x0, 0x7f, 0xf1, 0x88, 0x40,
    0x3f, 0xfc, 0xe2, 0x2, 0x1, 0xff, 0xc5, 0xf0,
    0x30, 0xf, 0xfe, 0x2a, 0x0, 0x80, 0x7c, 0x97,
    0x70, 0xd, 0xdd, 0xa6, 0x17, 0x7c, 0x40, 0x2,
    0x44, 0x80, 0x8, 0x91, 0xac, 0x12, 0x26, 0x0,
    0x80,

    /* U+FEB4 "ﺴ" */
    0x0, 0xff, 0xe2, 0x88, 0x7, 0xff, 0x25, 0xb9,
    0x80, 0x3f, 0xf8, 0x4d, 0xee, 0x1, 0x10, 0x78,
    0x7, 0xe7, 0x70, 0x7, 0xf9, 0x41, 0x40, 0x3f,
    0x44, 0x80, 0x7f, 0x84, 0x8, 0x3, 0xff, 0x92,
    0x42, 0x1, 0xff, 0xf0, 0x10, 0x10, 0xf, 0xfe,
    0x47, 0x81, 0x80, 0x7f, 0xf2, 0x10, 0x4, 0x3,
    0xfc, 0x97, 0x70, 0xd, 0xdd, 0xa6, 0x17, 0x7c,
    0x41, 0x76, 0xa0, 0x24, 0x48, 0x0, 0x89, 0x1a,
    0xc1, 0x22, 0x60, 0x2, 0x21, 0x44,

    /* U+FEB6 "ﺶ" */
    0x0, 0xff, 0xf2, 0x8f, 0xd0, 0x7, 0xff, 0xb8,
    0x4f, 0xec, 0x80, 0x3f, 0xf9, 0xdb, 0xa1, 0x9d,
    0x60, 0xf, 0xff, 0x66, 0x78, 0xc7, 0xb0, 0x7,
    0xff, 0xcc, 0x6a, 0x40, 0x3f, 0xf9, 0x43, 0x70,
    0x1, 0xa, 0xa0, 0x7, 0xff, 0x11, 0x60, 0x40,
    0x32, 0x20, 0x3, 0x11, 0x0, 0x3f, 0xf8, 0x9c,
    0xe4, 0x1, 0xfe, 0x60, 0x20, 0xf, 0xfe, 0x81,
    0x3, 0x0, 0x62, 0x95, 0x0, 0xff, 0xe4, 0x88,
    0x8, 0x6, 0x76, 0xc0, 0xf, 0xfe, 0x81, 0x7,
    0x80, 0x7f, 0xf0, 0x8c, 0x1c, 0x3, 0xfe, 0xe0,
    0x20, 0xf, 0xfe, 0x10, 0x80, 0x80, 0x7f, 0xca,
    0xc, 0x1, 0xff, 0xc2, 0x40, 0x10, 0xf, 0xf8,
    0x80, 0x80, 0x3f, 0xdf, 0x76, 0xc8, 0x4, 0xcb,
    0xb9, 0xc2, 0x6e, 0xc6, 0x2, 0x20, 0xf, 0xf8,
    0xd1, 0x6, 0x68, 0x43, 0x44, 0x80, 0x6, 0x88,
    0x60, 0x1, 0x80, 0x7f, 0xdb, 0xff, 0x63, 0xdf,
    0xff, 0xf2, 0x80, 0x90, 0x7, 0xf3, 0x1, 0x80,
    0x7f, 0xf1, 0x5c, 0x20, 0x3, 0xe4, 0x22, 0x8,
    0x7, 0xff, 0x16, 0x5, 0xe4, 0x40, 0x32, 0xd0,
    0x48, 0x7, 0xff, 0x18, 0x70, 0x9b, 0xb6, 0xf3,
    0xa8, 0x69, 0x0, 0x3f, 0xf8, 0xe5, 0xb2, 0x86,
    0x84, 0x47, 0xe5, 0x0, 0xff, 0xe3, 0x0,

    /* U+FEB7 "ﺷ" */
    0x0, 0xff, 0xe9, 0x2f, 0xb0, 0x7, 0xff, 0x60,
    0x93, 0xdc, 0x80, 0x3f, 0xf8, 0x43, 0xba, 0xd,
    0xd0, 0x80, 0x7f, 0xf5, 0x47, 0xf0, 0x33, 0xc4,
    0x3, 0xff, 0xba, 0x96, 0xa0, 0x1f, 0xf2, 0x5a,
    0x0, 0x42, 0x9a, 0x1, 0xce, 0xe0, 0xc, 0x48,
    0x60, 0x13, 0x81, 0x80, 0x74, 0x48, 0x7, 0xf8,
    0x81, 0x80, 0x3f, 0xf8, 0xc2, 0x40, 0x1f, 0xfc,
    0x63, 0x0, 0xff, 0xea, 0x8, 0x8, 0x7, 0xff,
    0x17, 0xc0, 0xc0, 0x3f, 0xf8, 0xa8, 0x2, 0x1,
    0xf2, 0x5d, 0xc0, 0x37, 0x76, 0x98, 0x5d, 0xf1,
    0x0, 0x9, 0x12, 0x0, 0x22, 0x46, 0xb0, 0x48,
    0x98, 0x2,

    /* U+FEB8 "ﺸ" */
    0x0, 0xff, 0xea, 0xaf, 0xb0, 0x7, 0xff, 0x78,
    0x93, 0xdc, 0x80, 0x3f, 0xf8, 0xa3, 0xba, 0xd,
    0xd0, 0x80, 0x7f, 0xf6, 0xc7, 0xf0, 0x33, 0xc4,
    0x3, 0xff, 0xc6, 0x96, 0xa0, 0x1f, 0xfc, 0x24,
    0xb4, 0x0, 0x85, 0x34, 0x3, 0xf3, 0xb8, 0x3,
    0x12, 0x18, 0x4, 0xe0, 0x60, 0x1f, 0xa2, 0x40,
    0x3f, 0xc4, 0xc, 0x1, 0xff, 0xc9, 0x12, 0x0,
    0xff, 0xe4, 0x98, 0x7, 0xff, 0x68, 0x40, 0x40,
    0x3f, 0xf9, 0x1e, 0x6, 0x1, 0xff, 0xc8, 0x40,
    0x10, 0xf, 0xf2, 0x5d, 0xc0, 0x37, 0x76, 0x98,
    0x5d, 0xf1, 0x5, 0xda, 0x80, 0x91, 0x20, 0x2,
    0x24, 0x6b, 0x4, 0x89, 0x80, 0x8, 0x85, 0x10,

    /* U+FEBA "ﺺ" */
    0x0, 0xff, 0xe0, 0x5f, 0x98, 0x0, 0x5f, 0x3f,
    0xdb, 0x22, 0x1, 0xff, 0xc9, 0x5e, 0x83, 0x32,
    0x1b, 0x71, 0x80, 0x7f, 0xf1, 0xde, 0x86, 0x3f,
    0x2f, 0xa0, 0x38, 0x3, 0xff, 0x8d, 0x70, 0x5e,
    0xe0, 0x19, 0xd4, 0x94, 0x3, 0xff, 0x8a, 0xe7,
    0xa2, 0x1, 0xee, 0xd, 0x0, 0xc5, 0x4a, 0x1,
    0xff, 0x68, 0x7, 0xe6, 0x2, 0x0, 0xce, 0xb8,
    0x1, 0xfe, 0x91, 0x0, 0xfc, 0x60, 0xc0, 0x18,
    0x83, 0xc0, 0x3f, 0xca, 0x1, 0xff, 0xc4, 0xd0,
    0x20, 0xf, 0xfe, 0x7b, 0x2, 0x80, 0x7f, 0xf3,
    0xc8, 0x4, 0x3, 0xfd, 0xf7, 0x7f, 0xda, 0x7,
    0x76, 0x80, 0x11, 0x0, 0x7f, 0xc6, 0x89, 0xfc,
    0x60, 0x4, 0x48, 0x0, 0x60, 0x1f, 0xf6, 0xff,
    0xff, 0xf0, 0xb0, 0x4, 0x80, 0x3f, 0x98, 0xc,
    0x3, 0xff, 0x88, 0xe1, 0x0, 0x1f, 0x21, 0x18,
    0x80, 0x7f, 0xf1, 0x20, 0x5e, 0x44, 0x3, 0x2d,
    0x4, 0x0, 0x7f, 0xf1, 0x47, 0x9, 0xbb, 0x6f,
    0x3a, 0x86, 0x90, 0x3, 0xff, 0x8c, 0x5b, 0x28,
    0x68, 0x44, 0x7e, 0x50, 0xf, 0xfe, 0x28,

    /* U+FEBB "ﺻ" */
    0x0, 0xd3, 0xe8, 0x1, 0x36, 0x7f, 0xba, 0x48,
    0x3, 0xfc, 0x7d, 0x26, 0x64, 0x6, 0xd4, 0x0,
    0xfc, 0xb8, 0x2f, 0xf9, 0x7d, 0x21, 0x42, 0x1,
    0xec, 0xa2, 0xd8, 0x0, 0xcc, 0xe2, 0xc0, 0x1e,
    0x72, 0xc2, 0x0, 0xf5, 0x86, 0x80, 0x7d, 0xe2,
    0x1, 0xf1, 0x83, 0x0, 0x79, 0x88, 0x3, 0xfc,
    0x20, 0x1e, 0xd0, 0xf, 0xf8, 0xc0, 0x3f, 0xfb,
    0x49, 0x77, 0x38, 0x45, 0xdf, 0xf8, 0x4, 0x91,
    0x21, 0x3, 0x44, 0xff, 0x0, 0x80,

    /* U+FEBC "ﺼ" */
    0x0, 0xd3, 0xe8, 0x1, 0x36, 0x7f, 0xba, 0x48,
    0x3, 0xff, 0x82, 0x7d, 0x26, 0x64, 0x6, 0xd4,
    0x0, 0xff, 0x97, 0x5, 0xff, 0x2f, 0xa4, 0x28,
    0x40, 0x3f, 0xb2, 0x8b, 0x60, 0x3, 0x33, 0x8b,
    0x0, 0x7f, 0x39, 0x61, 0x0, 0x7a, 0xc3, 0x40,
    0x3f, 0xde, 0x20, 0x1f, 0x18, 0x30, 0x7, 0xf3,
    0x10, 0x7, 0xf8, 0x40, 0x3f, 0xb4, 0x3, 0xfe,
    0x30, 0xf, 0xff, 0x1a, 0x5d, 0xce, 0x11, 0x77,
    0xfe, 0x1, 0xbb, 0x49, 0x22, 0x42, 0x6, 0x89,
    0xfe, 0x0, 0x22, 0x1c,

    /* U+FEBE "ﺾ" */
    0x0, 0xff, 0xe3, 0x90, 0x80, 0x7f, 0xf3, 0xcb,
    0x68, 0x3, 0xff, 0xda, 0x5f, 0x60, 0x1f, 0xfe,
    0x7b, 0xf3, 0x0, 0xb, 0xe7, 0xfb, 0x64, 0x40,
    0x3f, 0xf9, 0x2b, 0xd0, 0x66, 0x43, 0x6e, 0x30,
    0xf, 0xfe, 0x3b, 0xd0, 0xc7, 0xe5, 0xf4, 0x7,
    0x0, 0x7f, 0xf1, 0xae, 0xb, 0xdc, 0x3, 0x3a,
    0x92, 0x80, 0x7f, 0xf1, 0x5c, 0xf4, 0x40, 0x3d,
    0xc1, 0xa0, 0x18, 0xa9, 0x40, 0x3f, 0xed, 0x0,
    0xfc, 0xc0, 0x40, 0x19, 0xd7, 0x0, 0x3f, 0xd2,
    0x20, 0x1f, 0x8c, 0x18, 0x3, 0x10, 0x78, 0x7,
    0xf9, 0x40, 0x3f, 0xf8, 0x9a, 0x4, 0x1, 0xff,
    0xcf, 0x60, 0x50, 0xf, 0xfe, 0x79, 0x0, 0x80,
    0x7f, 0xbe, 0xef, 0xfb, 0x40, 0xee, 0xd0, 0x2,
    0x20, 0xf, 0xf8, 0xd1, 0x3f, 0x8c, 0x0, 0x89,
    0x0, 0xc, 0x3, 0xfe, 0xdf, 0xff, 0xfe, 0x16,
    0x0, 0x90, 0x7, 0xf3, 0x1, 0x80, 0x7f, 0xf1,
    0x1c, 0x20, 0x3, 0xe4, 0x23, 0x10, 0xf, 0xfe,
    0x24, 0xb, 0xc8, 0x80, 0x65, 0xa0, 0x80, 0xf,
    0xfe, 0x28, 0xe1, 0x37, 0x6d, 0xe7, 0x50, 0xd2,
    0x0, 0x7f, 0xf1, 0x8b, 0x65, 0xd, 0x8, 0x8f,
    0xca, 0x1, 0xff, 0xc5,

    /* U+FEBF "ﺿ" */
    0x0, 0xff, 0x88, 0x80, 0x1f, 0xfc, 0x5d, 0xf0,
    0xf, 0xfe, 0xc7, 0xe8, 0x7, 0xff, 0x46, 0x7d,
    0x0, 0x26, 0xcf, 0xf7, 0x49, 0x0, 0x7f, 0x8f,
    0xa4, 0xcc, 0x80, 0xda, 0x80, 0x1f, 0x97, 0x5,
    0xff, 0x2f, 0xa4, 0x28, 0x40, 0x3d, 0x94, 0x5b,
    0x0, 0x19, 0x9c, 0x58, 0x3, 0xce, 0x58, 0x40,
    0x1e, 0xb0, 0xd0, 0xf, 0xbc, 0x40, 0x3e, 0x30,
    0x60, 0xf, 0x31, 0x0, 0x7f, 0x84, 0x3, 0xda,
    0x1, 0xff, 0x18, 0x7, 0xff, 0x69, 0x2e, 0xe7,
    0x8, 0xbb, 0xff, 0x0, 0x92, 0x24, 0x20, 0x68,
    0x9f, 0xe0, 0x10,

    /* U+FEC0 "ﻀ" */
    0x0, 0xff, 0x88, 0x80, 0x1f, 0xfc, 0x8d, 0xf0,
    0xf, 0xfe, 0xf7, 0xe8, 0x7, 0xff, 0x5e, 0x7d,
    0x0, 0x26, 0xcf, 0xf7, 0x49, 0x0, 0x7f, 0xf0,
    0x4f, 0xa4, 0xcc, 0x80, 0xda, 0x80, 0x1f, 0xf2,
    0xe0, 0xbf, 0xe5, 0xf4, 0x85, 0x8, 0x7, 0xf6,
    0x51, 0x6c, 0x0, 0x66, 0x71, 0x60, 0xf, 0xe7,
    0x2c, 0x20, 0xf, 0x58, 0x68, 0x7, 0xfb, 0xc4,
    0x3, 0xe3, 0x6, 0x0, 0xfe, 0x62, 0x0, 0xff,
    0x8, 0x7, 0xf6, 0x80, 0x7f, 0xc6, 0x1, 0xff,
    0xe3, 0x4b, 0xb9, 0xc2, 0x2e, 0xff, 0xc0, 0x37,
    0x69, 0x24, 0x48, 0x40, 0xd1, 0x3f, 0xc0, 0x4,
    0x43, 0x80,

    /* U+FEC2 "ﻂ" */
    0x0, 0x7f, 0x80, 0x3f, 0xff, 0xe0, 0x1f, 0xfd,
    0x2, 0x9d, 0xff, 0x6b, 0x80, 0x7f, 0xf0, 0x23,
    0x58, 0xd0, 0xca, 0x34, 0x40, 0x3f, 0xa5, 0xca,
    0xba, 0xf3, 0xd4, 0xac, 0x3, 0xf4, 0xb2, 0x6a,
    0x80, 0x6a, 0x15, 0x10, 0xf, 0x99, 0x6c, 0x3,
    0xe6, 0x5, 0x0, 0xf8, 0xe8, 0x3, 0xf7, 0x1,
    0x0, 0x7d, 0xa0, 0x1f, 0xc6, 0x1c, 0x1, 0xf0,
    0x80, 0x7f, 0xfa, 0xd6, 0xc0, 0x17, 0x7f, 0xea,
    0x6, 0xbb, 0x2e, 0xa0, 0x1, 0x13, 0xfc, 0x0,
    0x14, 0x46, 0x80,

    /* U+FEC3 "ﻃ" */
    0x0, 0x37, 0xb8, 0x7, 0xff, 0xfc, 0x3, 0xff,
    0x8c, 0xd7, 0xdf, 0xd4, 0x60, 0x1f, 0xc5, 0xb2,
    0x84, 0x86, 0xb8, 0xc0, 0x1f, 0x16, 0x13, 0x76,
    0x5e, 0xd8, 0xc9, 0x0, 0x77, 0x60, 0xdc, 0x88,
    0x4, 0x90, 0x16, 0x1, 0xcc, 0x38, 0x80, 0x1e,
    0x60, 0x40, 0xf, 0x51, 0x80, 0x7e, 0x22, 0x0,
    0x79, 0x40, 0x3f, 0xf8, 0x90, 0x1, 0xff, 0xe5,
    0x4b, 0x80, 0x9b, 0xbf, 0xf1, 0x0, 0x9, 0x4,
    0x5, 0x13, 0xfc, 0x1, 0x0,

    /* U+FEC4 "ﻄ" */
    0x0, 0x37, 0xb8, 0x7, 0xff, 0xfc, 0x3, 0xff,
    0xa0, 0xd7, 0xdf, 0xd4, 0x60, 0x1f, 0xf1, 0x6c,
    0xa1, 0x21, 0xae, 0x30, 0x7, 0xf1, 0x61, 0x37,
    0x65, 0xed, 0x8c, 0x90, 0x7, 0xdd, 0x83, 0x72,
    0x20, 0x12, 0x40, 0x58, 0x7, 0xcc, 0x38, 0x80,
    0x1e, 0x60, 0x40, 0xf, 0xd4, 0x60, 0x1f, 0x88,
    0x80, 0x1f, 0x94, 0x3, 0xff, 0x8d, 0x0, 0x1f,
    0xfe, 0xb4, 0xb8, 0x9, 0xbb, 0xff, 0x10, 0x5d,
    0x8c, 0x90, 0x40, 0x51, 0x3f, 0xc0, 0x4, 0x42,
    0x80,

    /* U+FEC6 "ﻆ" */
    0x0, 0x7f, 0x80, 0x38, 0x84, 0x3, 0xff, 0x8a,
    0xda, 0xc0, 0x1f, 0xfd, 0x96, 0xf7, 0x0, 0xff,
    0xec, 0x14, 0xef, 0xfb, 0x5c, 0x3, 0xff, 0x81,
    0x1a, 0xc6, 0x86, 0x51, 0xa2, 0x1, 0xfd, 0x2e,
    0x55, 0xd7, 0x9e, 0xa5, 0x60, 0x1f, 0xa5, 0x93,
    0x54, 0x3, 0x50, 0xa8, 0x80, 0x7c, 0xcb, 0x60,
    0x1f, 0x30, 0x28, 0x7, 0xc7, 0x40, 0x1f, 0xb8,
    0x8, 0x3, 0xed, 0x0, 0xfe, 0x30, 0xe0, 0xf,
    0x84, 0x3, 0xff, 0xd6, 0xb6, 0x0, 0xbb, 0xff,
    0x50, 0x35, 0xd9, 0x75, 0x0, 0x8, 0x9f, 0xe0,
    0x0, 0xa2, 0x34,

    /* U+FEC7 "ﻇ" */
    0x0, 0x37, 0xb8, 0x6, 0x22, 0x0, 0x7f, 0xf1,
    0x3f, 0x40, 0x3f, 0xfa, 0xdb, 0xe0, 0x1f, 0xfd,
    0x56, 0xbe, 0xfe, 0xa3, 0x0, 0xfe, 0x2d, 0x94,
    0x24, 0x35, 0xc6, 0x0, 0xf8, 0xb0, 0x9b, 0xb2,
    0xf6, 0xc6, 0x48, 0x3, 0xbb, 0x6, 0xe4, 0x40,
    0x24, 0x80, 0xb0, 0xe, 0x61, 0xc4, 0x0, 0xf3,
    0x2, 0x0, 0x7a, 0x8c, 0x3, 0xf1, 0x10, 0x3,
    0xca, 0x1, 0xff, 0xc4, 0x80, 0xf, 0xff, 0x2a,
    0x5c, 0x4, 0xdd, 0xff, 0x88, 0x0, 0x48, 0x20,
    0x28, 0x9f, 0xe0, 0x8,

    /* U+FEC8 "ﻈ" */
    0x0, 0x37, 0xb8, 0x6, 0x22, 0x0, 0x7f, 0xf1,
    0xbf, 0x40, 0x3f, 0xfb, 0x5b, 0xe0, 0x1f, 0xfd,
    0x96, 0xbe, 0xfe, 0xa3, 0x0, 0xff, 0x8b, 0x65,
    0x9, 0xd, 0x71, 0x80, 0x3f, 0x8b, 0x9, 0xbb,
    0x2f, 0x6c, 0x64, 0x80, 0x3e, 0xec, 0x1b, 0x91,
    0x0, 0x92, 0x2, 0xc0, 0x3e, 0x61, 0xc4, 0x0,
    0xf3, 0x2, 0x0, 0x7e, 0xa3, 0x0, 0xfc, 0x44,
    0x0, 0xfc, 0xa0, 0x1f, 0xfc, 0x68, 0x0, 0xff,
    0xf5, 0xa5, 0xc0, 0x4d, 0xdf, 0xf8, 0x82, 0xec,
    0x64, 0x82, 0x2, 0x89, 0xfe, 0x0, 0x22, 0x14,

    /* U+FECA "ﻊ" */
    0x0, 0x92, 0x33, 0xbf, 0xb6, 0x54, 0x3, 0x93,
    0x6d, 0xcc, 0x90, 0x8d, 0xab, 0xdc, 0x2, 0xd2,
    0x1c, 0xfc, 0xbc, 0xed, 0x70, 0xa0, 0x8, 0x42,
    0xcc, 0x3, 0x8a, 0x40, 0x40, 0x2c, 0xc, 0x0,
    0xf9, 0x41, 0x80, 0x24, 0x16, 0x10, 0xf, 0x40,
    0x70, 0x6, 0x80, 0xa0, 0xe, 0xa3, 0x44, 0x0,
    0x66, 0x54, 0xa0, 0x0, 0xe2, 0x95, 0x0, 0x7a,
    0x8d, 0x72, 0x78, 0xd7, 0x44, 0x3, 0xee, 0x3,
    0x60, 0x7a, 0x0, 0xfd, 0x1a, 0x1, 0x9f, 0xb2,
    0xee, 0x50, 0x5, 0xb8, 0xd7, 0xfa, 0x94, 0xcc,
    0x89, 0x68, 0x3a, 0x1f, 0x28, 0x1, 0x6b, 0x7f,
    0xf4, 0x5, 0x7, 0x0, 0x7f, 0xf0, 0x48, 0xa0,
    0xf, 0xfe, 0x11, 0x80, 0x7f, 0xf0, 0x8c, 0x4c,
    0x3, 0xff, 0x83, 0x21, 0xaa, 0x20, 0x1, 0x31,
    0x0, 0xf2, 0xc0, 0xd7, 0x7f, 0xbb, 0x1c, 0x3,
    0xe7, 0xe9, 0x65, 0x53, 0xcb, 0x80, 0x70,

    /* U+FECB "ﻋ" */
    0x0, 0xf0, 0xce, 0xff, 0x63, 0x80, 0x79, 0x79,
    0x8d, 0x8, 0xc0, 0x3c, 0x74, 0x13, 0xd7, 0x9e,
    0xe0, 0x1d, 0xe1, 0x4c, 0x1, 0xfc, 0x46, 0x65,
    0x0, 0xff, 0x20, 0x20, 0x7, 0xff, 0x7, 0xc0,
    0x3f, 0xe3, 0xe, 0x0, 0xff, 0x90, 0x10, 0x3,
    0xfe, 0x14, 0x27, 0x0, 0xf9, 0x2e, 0xe6, 0x8,
    0xeb, 0xbe, 0x12, 0x44, 0x88, 0x0, 0x28, 0x9c,
    0x60,

    /* U+FECC "ﻌ" */
    0x0, 0xc7, 0x19, 0xdf, 0xdb, 0x2a, 0x1, 0xe3,
    0xcc, 0x39, 0x92, 0x11, 0xb5, 0x7c, 0x0, 0x64,
    0x30, 0xbf, 0xcb, 0xce, 0xd8, 0x6, 0x0, 0xc2,
    0x10, 0x80, 0x1c, 0x4e, 0x6, 0x1, 0x94, 0x30,
    0x3, 0xe4, 0x7, 0x0, 0xc6, 0x48, 0x40, 0x1e,
    0xf0, 0xe0, 0xe, 0x90, 0xe0, 0xe, 0x64, 0x48,
    0x3, 0x91, 0x8e, 0xc0, 0x25, 0x91, 0xa0, 0xf,
    0xa5, 0x11, 0x85, 0x14, 0x3a, 0x20, 0x1f, 0xad,
    0x4f, 0x5c, 0x30, 0xc0, 0x32, 0x5d, 0xed, 0x50,
    0xd, 0x98, 0xbb, 0x9c, 0x91, 0x31, 0xa4, 0x75,
    0x31, 0x99, 0x12, 0xd0,

    /* U+FECE "ﻎ" */
    0x0, 0xf8, 0x84, 0x3, 0xff, 0x82, 0x9b, 0x0,
    0x1f, 0xfd, 0x14, 0xf9, 0x0, 0xff, 0xe7, 0x24,
    0x67, 0x7f, 0x6c, 0xa8, 0x7, 0x26, 0xdb, 0x99,
    0x21, 0x1b, 0x57, 0xb8, 0x5, 0xa4, 0x39, 0xf9,
    0x79, 0xda, 0xe1, 0x40, 0x10, 0x85, 0x98, 0x7,
    0x14, 0x80, 0x80, 0x58, 0x18, 0x1, 0xf2, 0x83,
    0x0, 0x48, 0x2c, 0x20, 0x1e, 0x80, 0xe0, 0xd,
    0x1, 0x40, 0x1d, 0x46, 0x88, 0x0, 0xcc, 0xa9,
    0x40, 0x1, 0xc5, 0x2a, 0x0, 0xf5, 0x1a, 0xe4,
    0xf1, 0xae, 0x88, 0x7, 0xdc, 0x6, 0xc0, 0xf4,
    0x1, 0xfa, 0x34, 0x3, 0x3f, 0x65, 0xdc, 0xa0,
    0xb, 0x71, 0xaf, 0xf5, 0x29, 0x99, 0x12, 0xd0,
    0x74, 0x3e, 0x50, 0x2, 0xd6, 0xff, 0xe8, 0xa,
    0xe, 0x0, 0xff, 0xe0, 0x91, 0x40, 0x1f, 0xfc,
    0x23, 0x0, 0xff, 0xe1, 0x18, 0x98, 0x7, 0xff,
    0x6, 0x43, 0x54, 0x40, 0x2, 0x62, 0x1, 0xe5,
    0x81, 0xae, 0xff, 0x76, 0x38, 0x7, 0xcf, 0xd2,
    0xca, 0xa7, 0x97, 0x0, 0xe0,

    /* U+FECF "ﻏ" */
    0x0, 0xfc, 0x44, 0x0, 0xff, 0xe0, 0x6f, 0x80,
    0x7f, 0xf3, 0xbf, 0x40, 0x3f, 0xf9, 0x83, 0x3b,
    0xfd, 0x8e, 0x1, 0xe5, 0xe6, 0x34, 0x23, 0x0,
    0xf1, 0xd0, 0x4f, 0x5e, 0x7b, 0x80, 0x77, 0x85,
    0x30, 0x7, 0xf1, 0x19, 0x94, 0x3, 0xfc, 0x80,
    0x80, 0x1f, 0xfc, 0x1f, 0x0, 0xff, 0x8c, 0x38,
    0x3, 0xfe, 0x40, 0x40, 0xf, 0xf8, 0x50, 0x9c,
    0x3, 0xe4, 0xbb, 0x98, 0x23, 0xae, 0xf8, 0x49,
    0x12, 0x20, 0x0, 0xa2, 0x71, 0x80,

    /* U+FED0 "ﻐ" */
    0x0, 0xfc, 0x42, 0x1, 0xff, 0xc2, 0x4d, 0x80,
    0xf, 0xfe, 0x9a, 0x7c, 0x80, 0x7f, 0xf4, 0xe,
    0x33, 0xbf, 0xb6, 0x54, 0x3, 0xc7, 0x98, 0x73,
    0x24, 0x23, 0x6a, 0xf8, 0x0, 0xc8, 0x61, 0x7f,
    0x97, 0x9d, 0xb0, 0xc, 0x1, 0x84, 0x21, 0x0,
    0x38, 0x9c, 0xc, 0x3, 0x28, 0x60, 0x7, 0xc8,
    0xe, 0x1, 0x8c, 0x90, 0x80, 0x3d, 0xe1, 0xc0,
    0x1d, 0x21, 0xc0, 0x1c, 0xc8, 0x90, 0x7, 0x23,
    0x1d, 0x80, 0x4b, 0x23, 0x40, 0x1f, 0x4a, 0x23,
    0xa, 0x28, 0x74, 0x40, 0x3f, 0x5a, 0x9e, 0xb8,
    0x61, 0x80, 0x64, 0xbb, 0xda, 0xa0, 0x1b, 0x31,
    0x77, 0x39, 0x22, 0x63, 0x48, 0xea, 0x63, 0x32,
    0x25, 0xa0,

    /* U+FED2 "ﻒ" */
    0x0, 0xff, 0xe2, 0x11, 0x0, 0x3f, 0xf9, 0x7f,
    0xa2, 0x1, 0xff, 0xe3, 0xdf, 0x10, 0xf, 0xff,
    0x2, 0x5f, 0x7f, 0xf5, 0x80, 0x7f, 0xf0, 0xda,
    0xd0, 0xd1, 0x22, 0x0, 0xf2, 0x8, 0x7, 0xf4,
    0x8e, 0xea, 0xee, 0xf0, 0xe, 0x4b, 0xb0, 0x7,
    0xe4, 0x6, 0x20, 0xf, 0xf1, 0x86, 0x80, 0x7e,
    0x30, 0xd0, 0xf, 0xfb, 0x80, 0xc0, 0x3f, 0x78,
    0x8, 0x7, 0xfc, 0x60, 0xe0, 0x1f, 0x84, 0x3,
    0xff, 0x98, 0x20, 0x20, 0x1f, 0xf6, 0x85, 0x80,
    0x7e, 0xe0, 0xd0, 0xf, 0xf9, 0x81, 0xd8, 0x3,
    0xe4, 0x6, 0x20, 0xf, 0xf0, 0xe0, 0xcf, 0xed,
    0xdf, 0x48, 0xe, 0xff, 0xae, 0xde, 0xb, 0x76,
    0x70, 0x3e, 0x94, 0x34, 0x4f, 0x0, 0x72, 0x20,
    0x80, 0x51, 0x18,

    /* U+FED3 "ﻓ" */
    0x0, 0xfc, 0x24, 0x1, 0xff, 0xc0, 0xdd, 0x8,
    0x7, 0xff, 0x37, 0x3c, 0x40, 0x3f, 0xf9, 0x49,
    0x5d, 0xff, 0xd8, 0x1, 0x9a, 0xd4, 0xd1, 0x22,
    0x0, 0xf4, 0xe, 0xea, 0xee, 0xf0, 0xe, 0x41,
    0x62, 0x0, 0xff, 0x18, 0x70, 0x7, 0xfd, 0xe0,
    0x60, 0x1f, 0xfc, 0xf3, 0x0, 0xff, 0xb8, 0x38,
    0x3, 0xfe, 0x40, 0x62, 0x0, 0xf9, 0x2e, 0xd2,
    0x3, 0xbf, 0xeb, 0xb7, 0x80, 0x9, 0x12, 0x0,
    0xe4, 0x41, 0x0, 0x0,

    /* U+FED4 "ﻔ" */
    0x0, 0xfc, 0x24, 0x1, 0xff, 0xc3, 0xdd, 0x8,
    0x7, 0xff, 0x4f, 0x3c, 0x40, 0x3f, 0xfa, 0x9,
    0x5d, 0xff, 0xd8, 0x1, 0xf3, 0x5a, 0x9a, 0x24,
    0x40, 0x1f, 0xd0, 0x3b, 0xab, 0xbb, 0xc0, 0x3f,
    0x20, 0xb1, 0x0, 0x7f, 0xf0, 0x4c, 0x38, 0x3,
    0xff, 0x85, 0xe0, 0x60, 0x1f, 0xfd, 0x53, 0x0,
    0xff, 0xe1, 0x70, 0x70, 0x7, 0xff, 0x9, 0x1,
    0x88, 0x3, 0xfc, 0x97, 0x69, 0x1, 0xdf, 0xf5,
    0xdb, 0xc0, 0xae, 0xd0, 0x48, 0x90, 0x7, 0x22,
    0x8, 0x5, 0x10, 0x60,

    /* U+FED6 "ﻖ" */
    0x0, 0xff, 0xe0, 0x10, 0x81, 0x10, 0x3, 0xff,
    0x88, 0x9b, 0x1, 0xb8, 0x1, 0xff, 0xda, 0x4f,
    0x90, 0xfe, 0x0, 0xff, 0xec, 0x9d, 0x77, 0xff,
    0x70, 0x7, 0xff, 0x1, 0x31, 0x4d, 0x13, 0x0,
    0x7f, 0xf0, 0xa8, 0x2f, 0x6e, 0xf0, 0x7, 0xff,
    0x4, 0x85, 0x10, 0x1, 0xff, 0xc6, 0x70, 0x30,
    0xf, 0xfe, 0x39, 0x87, 0x80, 0x7f, 0xf0, 0xb,
    0xe8, 0x3, 0xff, 0x8e, 0xe0, 0x40, 0x18, 0xc3,
    0xc0, 0x3f, 0xf8, 0x4, 0x1c, 0x1, 0x9c, 0xc,
    0x3, 0xff, 0x81, 0xc0, 0xa0, 0x18, 0x85, 0x10,
    0x1, 0xff, 0x28, 0x10, 0x7, 0x58, 0x5e, 0xdd,
    0xe0, 0x1b, 0xb4, 0x81, 0x0, 0x80, 0x72, 0xe2,
    0x9a, 0x26, 0x0, 0x22, 0x1c, 0x4, 0x40, 0x1f,
    0x1d, 0x77, 0xfe, 0x1, 0xff, 0x70, 0x7, 0xff,
    0x2c, 0x46, 0x0, 0xff, 0xe0, 0x8, 0x10, 0x6,
    0x60, 0x80, 0xf, 0xfe, 0x4, 0x5, 0x80, 0x69,
    0x26, 0xb4, 0x10, 0xf, 0x8e, 0x98, 0x9c, 0x3,
    0xe, 0x22, 0x2f, 0xbf, 0xfe, 0xc5, 0x4c, 0x0,
    0xf0, 0xde, 0xc2, 0xa2, 0x79, 0x5f, 0x2c, 0x40,
    0x30,

    /* U+FED7 "ﻗ" */
    0x0, 0xf0, 0x90, 0x81, 0x8, 0x7, 0xe6, 0xd6,
    0x2d, 0xa0, 0xf, 0xfe, 0x53, 0xfb, 0x97, 0xd8,
    0x7, 0xff, 0x25, 0x2b, 0xbf, 0xfb, 0x0, 0x33,
    0x5a, 0x9a, 0x24, 0x40, 0x1e, 0x81, 0xdd, 0x5d,
    0xde, 0x1, 0xc8, 0x2c, 0x40, 0x1f, 0xe3, 0xe,
    0x0, 0xff, 0xbc, 0xc, 0x3, 0xff, 0x9e, 0x60,
    0x1f, 0xf7, 0x7, 0x0, 0x7f, 0xc8, 0xc, 0x40,
    0x1f, 0x25, 0xda, 0x40, 0x77, 0xfd, 0x76, 0xf0,
    0x1, 0x22, 0x40, 0x1c, 0x88, 0x20, 0x0,

    /* U+FED8 "ﻘ" */
    0x0, 0xf0, 0x90, 0x81, 0x8, 0x7, 0xfc, 0xda,
    0xc5, 0xb4, 0x1, 0xff, 0xd0, 0x7f, 0x72, 0xfb,
    0x0, 0xff, 0xe7, 0xa5, 0x77, 0xff, 0x60, 0x7,
    0xcd, 0x6a, 0x68, 0x91, 0x0, 0x7f, 0x40, 0xee,
    0xae, 0xef, 0x0, 0xfc, 0x82, 0xc4, 0x1, 0xff,
    0xc1, 0x30, 0xe0, 0xf, 0xfe, 0x17, 0x81, 0x80,
    0x7f, 0xf5, 0x4c, 0x3, 0xff, 0x85, 0xc1, 0xc0,
    0x1f, 0xfc, 0x24, 0x6, 0x20, 0xf, 0xf2, 0x5d,
    0xa4, 0x7, 0x7f, 0xd7, 0x6f, 0x2, 0xbb, 0x41,
    0x22, 0x40, 0x1c, 0x88, 0x20, 0x14, 0x41, 0x80,

    /* U+FEDA "ﻚ" */
    0x0, 0xff, 0xe1, 0xef, 0x80, 0x7f, 0xff, 0x8b,
    0x3f, 0x0, 0x3f, 0xf8, 0xb2, 0x37, 0xe0, 0x1f,
    0xfc, 0x55, 0x44, 0x18, 0x7, 0xfc, 0xd6, 0x60,
    0x6, 0x16, 0xff, 0x28, 0x7, 0xfb, 0x10, 0x2,
    0x7b, 0xb6, 0x61, 0x0, 0x3f, 0xce, 0x6, 0x0,
    0x14, 0x41, 0x98, 0x40, 0x3f, 0xc4, 0x20, 0x1f,
    0xfc, 0x83, 0x0, 0xff, 0xe4, 0x18, 0x7, 0xff,
    0x1d, 0x4, 0xc0, 0x3f, 0xf8, 0xde, 0x1a, 0x80,
    0x1f, 0xfc, 0x54, 0x91, 0xbf, 0xcb, 0xbf, 0xc4,
    0x17, 0x6a, 0x0, 0x9b, 0x9c, 0xc9, 0x13, 0xf0,
    0x1, 0x10, 0xa0,

    /* U+FEDB "ﻛ" */
    0x0, 0xf1, 0x80, 0x7f, 0xf0, 0x5f, 0x1c, 0x3,
    0xfe, 0x28, 0x5, 0x0, 0xff, 0xa0, 0x20, 0x80,
    0x3f, 0xc8, 0xa4, 0xe0, 0x1f, 0xf4, 0x4, 0x80,
    0x7f, 0xc6, 0x72, 0x0, 0x7f, 0xc6, 0x27, 0xff,
    0xdb, 0x0, 0x1e, 0xc4, 0x4f, 0x1b, 0xe8, 0x7,
    0x15, 0xdf, 0xb9, 0x4a, 0x0, 0x3f, 0xf8, 0x16,
    0xc, 0x1, 0xff, 0xc0, 0x13, 0x11, 0x0, 0x7f,
    0xf0, 0x18, 0xc, 0x3, 0xff, 0x84, 0x20, 0x1f,
    0xfd, 0x24, 0xbb, 0xff, 0x94, 0x0, 0x48, 0x9f,
    0xf0, 0x4,

    /* U+FEDC "ﻜ" */
    0x0, 0xf1, 0x80, 0x7f, 0xf1, 0x1f, 0x1c, 0x3,
    0xff, 0x84, 0x50, 0xa, 0x1, 0xff, 0xc2, 0x80,
    0x82, 0x0, 0xff, 0xe0, 0xa2, 0x93, 0x80, 0x7f,
    0xf0, 0xa0, 0x24, 0x3, 0xff, 0x84, 0x67, 0x20,
    0x7, 0xff, 0x8, 0xc4, 0xff, 0xfb, 0x60, 0x3,
    0xfb, 0x11, 0x3c, 0x6f, 0xa0, 0x1f, 0x8a, 0xef,
    0xdc, 0xa5, 0x0, 0x1f, 0xfc, 0x3b, 0x6, 0x0,
    0xff, 0xe1, 0x89, 0x88, 0x80, 0x3f, 0xf8, 0x6c,
    0x6, 0x1, 0xff, 0xc5, 0x10, 0xf, 0xfe, 0xda,
    0x5d, 0xff, 0xca, 0x1f, 0x76, 0x12, 0x44, 0xff,
    0x80, 0x6, 0x88, 0x20,

    /* U+FEDE "ﻞ" */
    0x0, 0xff, 0xe0, 0x5f, 0x98, 0x7, 0xff, 0xfc,
    0x3, 0xff, 0xfe, 0x1, 0xff, 0xc4, 0x29, 0x50,
    0xf, 0xfe, 0x1b, 0xb6, 0x0, 0x7f, 0xf0, 0xc8,
    0x3c, 0x3, 0xff, 0x87, 0xc0, 0x40, 0x1f, 0xfc,
    0x35, 0x6, 0x0, 0xff, 0xe1, 0x90, 0x10, 0x7,
    0xfb, 0xee, 0xc2, 0x2, 0x20, 0xf, 0xf8, 0xd1,
    0x6, 0x0, 0x30, 0xf, 0xfb, 0x7f, 0xc4, 0x2,
    0x40, 0x1f, 0xcc, 0x6, 0x1, 0x9c, 0x20, 0x3,
    0xe4, 0x22, 0x8, 0x6, 0x81, 0x79, 0x10, 0xc,
    0xb4, 0x12, 0x1, 0xc3, 0x84, 0xdd, 0xb7, 0x9d,
    0x43, 0x28, 0x1, 0xe2, 0xd9, 0x43, 0x42, 0x23,
    0xf3, 0x0, 0x70,

    /* U+FEDF "ﻟ" */
    0x0, 0x87, 0xf0, 0x3, 0xff, 0xfe, 0x1, 0xfc,
    0x97, 0x6a, 0x0, 0x12, 0x24, 0x0,

    /* U+FEE0 "ﻠ" */
    0x0, 0x87, 0xf0, 0x3, 0xff, 0xfe, 0x1, 0xff,
    0xea, 0x4b, 0xb5, 0x1, 0x5d, 0xa0, 0x91, 0x20,
    0x14, 0x48,

    /* U+FEE2 "ﻢ" */
    0x0, 0xa2, 0xf7, 0xfd, 0xb6, 0xa0, 0x1f, 0x91,
    0xd0, 0xd, 0x1, 0x2a, 0xc0, 0x3e, 0x20, 0x8d,
    0xcb, 0xde, 0x44, 0x40, 0x7, 0xb8, 0x8, 0x3,
    0xd, 0x3, 0x0, 0x78, 0x81, 0x80, 0x38, 0x4c,
    0x44, 0x1, 0xc2, 0x2, 0x1, 0xe6, 0x2, 0x0,
    0xff, 0xed, 0x88, 0x8, 0x7, 0xff, 0x8, 0x81,
    0x80, 0x3f, 0xf8, 0x5c, 0x15, 0x77, 0xe5, 0xf,
    0xbb, 0x10, 0x2, 0x80, 0x8, 0x9e, 0x0, 0x1a,
    0x20, 0x41, 0x8c, 0xd9, 0xff, 0xff, 0x18, 0x50,
    0x71, 0x80, 0x7f, 0xf0, 0x4c, 0x48, 0x3, 0xff,
    0x86, 0x60, 0x1f, 0xfc, 0x43, 0x0, 0xff, 0xe1,
    0x90, 0x80, 0x7f, 0xf0, 0xd8, 0x8, 0x3, 0xff,
    0x84, 0x60, 0xe0, 0x1f, 0xfc, 0x10,

    /* U+FEE3 "ﻣ" */
    0x0, 0xcb, 0x5b, 0xdf, 0xd9, 0x2, 0x1, 0xe8,
    0x53, 0x24, 0x23, 0x7f, 0x30, 0xe, 0x21, 0xec,
    0xbc, 0xf8, 0x1e, 0x0, 0xc4, 0xa, 0x1, 0xce,
    0x84, 0x60, 0x13, 0x1, 0x0, 0x7b, 0x41, 0x0,
    0x21, 0x1, 0x0, 0xf1, 0x7, 0x80, 0x77, 0x80,
    0x7e, 0x10, 0xe, 0xf0, 0xf, 0xfe, 0x0, 0x80,
    0x80, 0x7f, 0xf0, 0x18, 0x8, 0x3, 0xf9, 0x2e,
    0xd2, 0x9, 0x77, 0xf0, 0x0, 0x91, 0x20, 0x2,
    0x27, 0x80, 0x20,

    /* U+FEE4 "ﻤ" */
    0x0, 0xcb, 0x5b, 0xdf, 0xd9, 0x2, 0x1, 0xfd,
    0xa, 0x64, 0x84, 0x6f, 0xe6, 0x1, 0xf8, 0x87,
    0xb2, 0xf3, 0xe0, 0x78, 0x3, 0xe2, 0x5, 0x0,
    0xe7, 0x42, 0x30, 0xf, 0x30, 0x10, 0x7, 0xb4,
    0x10, 0x3, 0xc2, 0x2, 0x1, 0xe2, 0xf, 0x0,
    0xfd, 0xe0, 0x1f, 0x84, 0x3, 0xf7, 0x80, 0x7f,
    0xf0, 0xc4, 0x4, 0x3, 0xff, 0x86, 0xc0, 0x40,
    0x1f, 0xfc, 0x4, 0xbb, 0x48, 0x25, 0xdf, 0xc0,
    0xf7, 0x66, 0x24, 0x48, 0x0, 0x89, 0xe0, 0x0,
    0xa2, 0x3c,

    /* U+FEE6 "ﻦ" */
    0x0, 0xf8, 0x84, 0x3, 0xff, 0x86, 0xbb, 0x20,
    0x1f, 0xfd, 0x55, 0xf8, 0x0, 0xaf, 0xcc, 0x3,
    0xff, 0xfe, 0x5, 0x4a, 0x1, 0xff, 0xc3, 0x75,
    0xc0, 0xf, 0xfe, 0x19, 0x7, 0x80, 0x7f, 0xf0,
    0xf4, 0x8, 0x3, 0xff, 0x86, 0xc0, 0xa0, 0x1f,
    0xfc, 0x32, 0x1, 0x0, 0xff, 0x7d, 0xd8, 0x40,
    0x44, 0x1, 0xff, 0x1a, 0x20, 0xc0, 0x6, 0x1,
    0xff, 0x6f, 0xf8, 0x80, 0x48, 0x3, 0xf9, 0x80,
    0xc0, 0x33, 0x84, 0x0, 0x7c, 0x84, 0x62, 0x1,
    0xa0, 0x5e, 0x44, 0x3, 0x2d, 0x4, 0x0, 0x70,
    0xe1, 0x37, 0x6d, 0xe7, 0x50, 0xd2, 0x0, 0x78,
    0xb6, 0x50, 0xd0, 0x88, 0xfc, 0xa0, 0x1c,

    /* U+FEE7 "ﻧ" */
    0x0, 0x84, 0x84, 0x2, 0x7d, 0x60, 0xf, 0xe6,
    0xf7, 0x0, 0xfe, 0x5e, 0x60, 0x8, 0xc4, 0x40,
    0x1f, 0xfe, 0x44, 0xbb, 0x48, 0x0, 0x91, 0x0,
    0x10,

    /* U+FEE8 "ﻨ" */
    0x0, 0x84, 0x84, 0x3, 0xcf, 0xac, 0x1, 0xff,
    0xc3, 0x6f, 0x70, 0xf, 0xfe, 0x1a, 0xf3, 0x0,
    0x78, 0xc4, 0x40, 0x1f, 0xff, 0xf4, 0xbb, 0x48,
    0x55, 0xd9, 0x9, 0x10, 0x0, 0x24, 0x41, 0x80,

    /* U+FEEA "ﻪ" */
    0x0, 0xc, 0x6f, 0x7f, 0xf2, 0x0, 0x76, 0x39,
    0x92, 0x24, 0x1, 0xf3, 0x93, 0x76, 0x5d, 0xcc,
    0x1, 0xeb, 0x8, 0x0, 0xff, 0xe0, 0x18, 0x88,
    0x3, 0xff, 0x82, 0x60, 0x1f, 0xfd, 0x13, 0x0,
    0xff, 0xe0, 0x98, 0x88, 0x3, 0xff, 0x80, 0x81,
    0x0, 0x1f, 0xfc, 0x8, 0x26, 0xec, 0xbb, 0x98,
    0x2e, 0xe2, 0x0, 0x63, 0x99, 0x22, 0x40, 0x12,
    0x21, 0x80,

    /* U+FEEB "ﻫ" */
    0x0, 0xc2, 0xb3, 0x7b, 0xfe, 0xeb, 0x71, 0x0,
    0xfd, 0x74, 0xca, 0x6, 0x72, 0x47, 0x38, 0x7,
    0xd1, 0x9f, 0xdb, 0x98, 0xde, 0x91, 0x87, 0x0,
    0xf1, 0x18, 0x7, 0x85, 0xbc, 0x60, 0x80, 0x3f,
    0xf8, 0x63, 0x61, 0x0, 0x1e, 0x19, 0xef, 0xc5,
    0x0, 0xca, 0xa, 0x1, 0xc3, 0xec, 0x68, 0x75,
    0x0, 0x19, 0x0, 0x80, 0x35, 0x8b, 0x6d, 0xe8,
    0xb9, 0x80, 0x42, 0x2, 0x1, 0x94, 0x64, 0x0,
    0x56, 0x16, 0x1, 0x18, 0x38, 0x4, 0x40, 0xa0,
    0x19, 0x80, 0x80, 0x3f, 0xf9, 0xa9, 0x76, 0x90,
    0x5b, 0xbd, 0xe0, 0x97, 0x73, 0x0, 0x9, 0x12,
    0x1, 0x44, 0xc6, 0x2, 0x89, 0x0, 0x40,

    /* U+FEEC "ﻬ" */
    0x0, 0xd1, 0x7d, 0xfe, 0xeb, 0x50, 0xf, 0xe3,
    0x74, 0x33, 0x21, 0x25, 0x58, 0x7, 0xe5, 0x8,
    0xdc, 0xbc, 0xe4, 0x44, 0x0, 0x7d, 0xc0, 0x40,
    0x18, 0x68, 0x18, 0x3, 0xe2, 0x1, 0x0, 0xe1,
    0x41, 0x10, 0x7, 0xe7, 0x0, 0xf0, 0x81, 0x0,
    0x78, 0x40, 0x40, 0x3c, 0x60, 0x1f, 0x84, 0x4,
    0x3, 0xf3, 0x80, 0x78, 0xc1, 0xc0, 0x3f, 0xf8,
    0x62, 0x2, 0x1, 0xff, 0xc0, 0x4b, 0xb3, 0x85,
    0x5d, 0xf9, 0x82, 0xee, 0x22, 0x22, 0x0, 0x24,
    0x4f, 0x0, 0x48, 0x81, 0x6f, 0xf3, 0x5, 0xff,
    0xf9, 0x82, 0xff, 0xc6, 0x1, 0x10, 0x30, 0x7,
    0xff, 0xc, 0x40, 0x40, 0x3c, 0x60, 0xe0, 0x1e,
    0x30, 0x60, 0xe, 0x35, 0x3, 0x0, 0xf6, 0x5,
    0x65, 0xdd, 0xb8, 0x12, 0x1, 0xf2, 0x20, 0x88,
    0x89, 0x2, 0xe3, 0x0, 0x60,

    /* U+FEEE "ﻮ" */
    0x0, 0xc, 0x6f, 0x7f, 0xf2, 0x0, 0x76, 0x39,
    0x92, 0x24, 0x1, 0xf3, 0x93, 0x76, 0x5d, 0xcc,
    0x1, 0xeb, 0x8, 0x0, 0xff, 0xe0, 0x18, 0x88,
    0x3, 0xff, 0x82, 0x60, 0x1f, 0xfd, 0x13, 0x0,
    0xff, 0xe0, 0x98, 0x88, 0x3, 0xff, 0x80, 0x81,
    0x0, 0x1f, 0xfc, 0x8, 0x26, 0xec, 0xbb, 0x9c,
    0x22, 0xec, 0x40, 0xc, 0x73, 0x24, 0x48, 0x40,
    0xd1, 0xc, 0x0, 0x18, 0xde, 0xff, 0x94, 0x2f,
    0xfc, 0x80, 0x1f, 0xce, 0xc, 0x1, 0xff, 0x41,
    0x19, 0x0, 0x61, 0xed, 0xbb, 0x67, 0xb8, 0xf0,
    0x7, 0x90, 0x15, 0x8, 0xe3, 0x88, 0x3, 0x0,

    /* U+FEF0 "ﻰ" */
    0x3, 0x51, 0x0, 0xff, 0xe3, 0xd5, 0x14, 0x3,
    0xff, 0x8e, 0x40, 0xc0, 0x1f, 0xe1, 0x0, 0xfc,
    0xc0, 0x40, 0x1f, 0xc5, 0xdb, 0x77, 0xcc, 0x4,
    0x20, 0x1f, 0xf2, 0x9a, 0x27, 0x78, 0x0, 0xc0,
    0x3f, 0xc5, 0x5d, 0xfe, 0x1, 0xf9, 0x0, 0x10,
    0x7, 0xff, 0x8, 0x40, 0x80, 0x25, 0x7, 0x0,
    0xff, 0xe0, 0xb8, 0x20, 0x5, 0x1, 0x10, 0x10,
    0xf, 0xf2, 0x40, 0x50, 0x4, 0x58, 0x4f, 0xd9,
    0x77, 0xfb, 0x6c, 0x68, 0x80, 0x31, 0xec, 0xa1,
    0x22, 0x7e, 0x35, 0xc5, 0x0, 0x80,

    /* U+FEF2 "ﻲ" */
    0x3, 0x51, 0x0, 0xff, 0xe3, 0xd5, 0x14, 0x3,
    0xff, 0x8e, 0x40, 0xc0, 0x1f, 0xe1, 0x0, 0xfc,
    0xc0, 0x40, 0x1f, 0xc5, 0xdb, 0x77, 0xcc, 0x4,
    0x20, 0x1f, 0xf2, 0x9a, 0x27, 0x78, 0x0, 0xc0,
    0x3f, 0xc5, 0x5d, 0xfe, 0x1, 0xf9, 0x0, 0x10,
    0x7, 0xff, 0x8, 0x40, 0x80, 0x25, 0x7, 0x0,
    0xff, 0xe0, 0xb8, 0x20, 0x5, 0x1, 0x10, 0x10,
    0xf, 0xf2, 0x40, 0x50, 0x4, 0x58, 0x4f, 0xd9,
    0x77, 0xfb, 0x6c, 0x68, 0x80, 0x31, 0xec, 0xa1,
    0x22, 0x7e, 0x35, 0xc5, 0x0, 0xf9, 0xaf, 0xbf,
    0xff, 0x75, 0x18, 0x7, 0xff, 0x54, 0xbf, 0x3,
    0x7c, 0x3, 0xff, 0xb4, 0x5b, 0xa0, 0xfd, 0x0,
    0xfe,

    /* U+FEF3 "ﻳ" */
    0x0, 0x9b, 0xdc, 0x3, 0xff, 0xfc, 0x97, 0x69,
    0x0, 0xc4, 0x88, 0x0, 0xe6, 0xff, 0xce, 0x1,
    0xff, 0xc0, 0xfd, 0xc, 0xf2, 0x0, 0xff, 0x6f,
    0x86, 0xe8, 0x80,

    /* U+FEF4 "ﻴ" */
    0x0, 0x9b, 0xdc, 0x3, 0xff, 0xfe, 0x1, 0xfc,
    0x97, 0x69, 0xa, 0xbb, 0x21, 0x22, 0x0, 0x4,
    0x88, 0x36, 0xff, 0xf9, 0xc0, 0x3f, 0xef, 0xd0,
    0xcf, 0x20, 0xf, 0xfe, 0x6, 0xf8, 0x6e, 0x88,
    0x0,

    /* U+FEF5 "ﻵ" */
    0x0, 0xf8, 0x40, 0x3f, 0xaf, 0x7f, 0xe2, 0x0,
    0x2f, 0xc0, 0x5, 0xfb, 0x75, 0xe4, 0x1, 0xf9,
    0x1, 0x14, 0x40, 0x3f, 0xc7, 0xf4, 0x1, 0xff,
    0xff, 0x0, 0xff, 0xff, 0x80, 0x7f, 0xf0, 0x2e,
    0xe8, 0x36, 0xbb, 0xd4, 0x1, 0x22, 0x63, 0x32,
    0x26, 0x0, 0x80,

    /* U+FEF6 "ﻶ" */
    0x0, 0xf8, 0x40, 0x3f, 0xf8, 0x17, 0xbf, 0xf1,
    0x0, 0x17, 0xe0, 0x3, 0xdf, 0xb7, 0x5e, 0x40,
    0x1f, 0xf2, 0x2, 0x28, 0x80, 0x7f, 0xf0, 0x4f,
    0xe8, 0x3, 0xff, 0xfe, 0x1, 0xff, 0xff, 0x0,
    0xff, 0xf2, 0x5d, 0xd0, 0x6d, 0x77, 0xa8, 0x16,
    0xec, 0xa0, 0x89, 0x8c, 0xc8, 0x98, 0x0, 0x48,
    0x8d,

    /* U+FEF7 "ﻷ" */
    0x0, 0xff, 0xe3, 0x27, 0x7c, 0x0, 0x7f, 0xad,
    0x2e, 0x80, 0x3f, 0x88, 0x39, 0x8, 0x3, 0xfa,
    0x2, 0xff, 0xc2, 0x0, 0x5f, 0x80, 0xa, 0x2f,
    0x32, 0x10, 0xf, 0xc4, 0x86, 0x70, 0x7, 0xf8,
    0xfe, 0x80, 0x3f, 0xff, 0xe0, 0x1f, 0xff, 0xf0,
    0xf, 0xfe, 0x5, 0xdd, 0x6, 0xd7, 0x7a, 0x80,
    0x24, 0x4c, 0x66, 0x44, 0xc0, 0x10,

    /* U+FEF8 "ﻸ" */
    0x0, 0xff, 0xe4, 0xa7, 0x7c, 0x0, 0x7f, 0xf0,
    0x6d, 0x2e, 0x80, 0x3f, 0xf8, 0x4, 0x1c, 0x84,
    0x1, 0xff, 0xc0, 0x80, 0xbf, 0xf0, 0x80, 0x17,
    0xe0, 0x3, 0xd1, 0x79, 0x90, 0x80, 0x7f, 0xc4,
    0x86, 0x70, 0x7, 0xff, 0x4, 0xfe, 0x80, 0x3f,
    0xff, 0xe0, 0x1f, 0xff, 0xf0, 0xf, 0xff, 0x25,
    0xdd, 0x6, 0xd7, 0x7a, 0x81, 0x6e, 0xca, 0x8,
    0x98, 0xcc, 0x89, 0x80, 0x4, 0x88, 0xd0,

    /* U+FEF9 "ﻹ" */
    0x0, 0xff, 0x97, 0xe0, 0x3, 0xff, 0xa8, 0x7f,
    0x40, 0x1f, 0xff, 0xf0, 0xf, 0xff, 0xf8, 0x7,
    0xff, 0x2, 0xee, 0x83, 0x6b, 0xbd, 0x40, 0x12,
    0x26, 0x33, 0x22, 0x60, 0xd, 0xff, 0xff, 0xc0,
    0x80, 0xf, 0xfe, 0x31, 0xf7, 0xc0, 0x7, 0xfb,
    0x12, 0xe4, 0x3, 0xf8, 0x83, 0x90, 0x40, 0x3f,
    0xa0, 0x2f, 0xfc, 0x20, 0x1f, 0xa2, 0xf3, 0x21,
    0x0, 0xe0,

    /* U+FEFA "ﻺ" */
    0x0, 0xff, 0x97, 0xe0, 0x3, 0xff, 0xba, 0x7f,
    0x40, 0x1f, 0xff, 0xf0, 0xf, 0xff, 0xf8, 0x7,
    0xff, 0x92, 0xee, 0x83, 0x6b, 0xbd, 0x40, 0xb7,
    0x65, 0x4, 0x4c, 0x66, 0x44, 0xc0, 0x2, 0x44,
    0x68, 0x7f, 0xff, 0xf0, 0xe0, 0x3, 0xff, 0x92,
    0x7d, 0xf0, 0x1, 0xff, 0xc1, 0xc4, 0xb9, 0x0,
    0xff, 0xe0, 0x10, 0x72, 0x8, 0x7, 0xff, 0x2,
    0x2, 0xff, 0xc2, 0x1, 0xff, 0x45, 0xe6, 0x42,
    0x1, 0xf8,

    /* U+FEFB "ﻻ" */
    0x0, 0xff, 0x97, 0xe0, 0x3, 0xff, 0xa8, 0x7f,
    0x40, 0x1f, 0xff, 0xf0, 0xf, 0xff, 0xf8, 0x7,
    0xff, 0x2, 0xee, 0x83, 0x6b, 0xbd, 0x40, 0x12,
    0x26, 0x33, 0x22, 0x60, 0x8,

    /* U+FEFC "ﻼ" */
    0x0, 0xff, 0x97, 0xe0, 0x3, 0xff, 0xba, 0x7f,
    0x40, 0x1f, 0xff, 0xf0, 0xf, 0xff, 0xf8, 0x7,
    0xff, 0x92, 0xee, 0x83, 0x6b, 0xbd, 0x40, 0xb7,
    0x65, 0x4, 0x4c, 0x66, 0x44, 0xc0, 0x2, 0x44,
    0x68
};


/*---------------------
 *  GLYPH DESCRIPTION
 *--------------------*/

static const lv_font_fmt_txt_glyph_dsc_t glyph_dsc[] = {
    {.bitmap_index = 0, .adv_w = 0, .box_w = 0, .box_h = 0, .ofs_x = 0, .ofs_y = 0} /* id = 0 reserved */,
    {.bitmap_index = 0, .adv_w = 84, .box_w = 0, .box_h = 0, .ofs_x = 0, .ofs_y = 0},
    {.bitmap_index = 0, .adv_w = 96, .box_w = 4, .box_h = 16, .ofs_x = 1, .ofs_y = 0},
    {.bitmap_index = 22, .adv_w = 144, .box_w = 7, .box_h = 6, .ofs_x = 1, .ofs_y = 10},
    {.bitmap_index = 40, .adv_w = 215, .box_w = 13, .box_h = 16, .ofs_x = 0, .ofs_y = 0},
    {.bitmap_index = 98, .adv_w = 215, .box_w = 11, .box_h = 22, .ofs_x = 1, .ofs_y = -3},
    {.bitmap_index = 203, .adv_w = 215, .box_w = 13, .box_h = 18, .ofs_x = 0, .ofs_y = -1},
    {.bitmap_index = 301, .adv_w = 265, .box_w = 16, .box_h = 16, .ofs_x = 1, .ofs_y = 0},
    {.bitmap_index = 411, .adv_w = 80, .box_w = 3, .box_h = 6, .ofs_x = 1, .ofs_y = 10},
    {.bitmap_index = 419, .adv_w = 102, .box_w = 5, .box_h = 21, .ofs_x = 1, .ofs_y = -3},
    {.bitmap_index = 472, .adv_w = 102, .box_w = 6, .box_h = 21, .ofs_x = 0, .ofs_y = -3},
    {.bitmap_index = 527, .adv_w = 161, .box_w = 8, .box_h = 9, .ofs_x = 1, .ofs_y = 8},
    {.bitmap_index = 563, .adv_w = 215, .box_w = 12, .box_h = 12, .ofs_x = 1, .ofs_y = 0},
    {.bitmap_index = 588, .adv_w = 86, .box_w = 4, .box_h = 6, .ofs_x = 0, .ofs_y = -3},
    {.bitmap_index = 600, .adv_w = 167, .box_w = 8, .box_h = 2, .ofs_x = 1, .ofs_y = 6},
    {.bitmap_index = 606, .adv_w = 84, .box_w = 3, .box_h = 3, .ofs_x = 1, .ofs_y = 0},
    {.bitmap_index = 611, .adv_w = 159, .box_w = 10, .box_h = 18, .ofs_x = 0, .ofs_y = -1},
    {.bitmap_index = 672, .adv_w = 215, .box_w = 13, .box_h = 16, .ofs_x = 0, .ofs_y = 0},
    {.bitmap_index = 759, .adv_w = 215, .box_w = 8, .box_h = 16, .ofs_x = 2, .ofs_y = 0},
    {.bitmap_index = 785, .adv_w = 215, .box_w = 11, .box_h = 16, .ofs_x = 1, .ofs_y = 0},
    {.bitmap_index = 854, .adv_w = 215, .box_w = 11, .box_h = 16, .ofs_x = 1, .ofs_y = 0},
    {.bitmap_index = 927, .adv_w = 215, .box_w = 13, .box_h = 16, .ofs_x = 0, .ofs_y = 0},
    {.bitmap_index = 992, .adv_w = 215, .box_w = 12, .box_h = 16, .ofs_x = 1, .ofs_y = 0},
    {.bitmap_index = 1067, .adv_w = 215, .box_w = 12, .box_h = 16, .ofs_x = 1, .ofs_y = 0},
    {.bitmap_index = 1151, .adv_w = 215, .box_w = 11, .box_h = 17, .ofs_x = 1, .ofs_y = -1},
    {.bitmap_index = 1209, .adv_w = 215, .box_w = 13, .box_h = 16, .ofs_x = 0, .ofs_y = 0},
    {.bitmap_index = 1305, .adv_w = 215, .box_w = 13, .box_h = 16, .ofs_x = 0, .ofs_y = 0},
    {.bitmap_index = 1396, .adv_w = 84, .box_w = 3, .box_h = 10, .ofs_x = 1, .ofs_y = 0},
    {.bitmap_index = 1408, .adv_w = 96, .box_w = 4, .box_h = 13, .ofs_x = 1, .ofs_y = -3},
    {.bitmap_index = 1430, .adv_w = 215, .box_w = 11, .box_h = 12, .ofs_x = 1, .ofs_y = 0},
    {.bitmap_index = 1485, .adv_w = 215, .box_w = 11, .box_h = 6, .ofs_x = 1, .ofs_y = 3},
    {.bitmap_index = 1503, .adv_w = 215, .box_w = 11, .box_h = 12, .ofs_x = 1, .ofs_y = 0},
    {.bitmap_index = 1555, .adv_w = 171, .box_w = 10, .box_h = 16, .ofs_x = 0, .ofs_y = 0},
    {.bitmap_index = 1614, .adv_w = 375, .box_w = 22, .box_h = 22, .ofs_x = 1, .ofs_y = -5},
    {.bitmap_index = 1803, .adv_w = 229, .box_w = 14, .box_h = 16, .ofs_x = 0, .ofs_y = 0},
    {.bitmap_index = 1892, .adv_w = 236, .box_w = 12, .box_h = 16, .ofs_x = 2, .ofs_y = 0},
    {.bitmap_index = 1958, .adv_w = 209, .box_w = 12, .box_h = 16, .ofs_x = 1, .ofs_y = 0},
    {.bitmap_index = 2025, .adv_w = 247, .box_w = 13, .box_h = 16, .ofs_x = 2, .ofs_y = 0},
    {.bitmap_index = 2092, .adv_w = 212, .box_w = 11, .box_h = 16, .ofs_x = 2, .ofs_y = 0},
    {.bitmap_index = 2123, .adv_w = 202, .box_w = 10, .box_h = 16, .ofs_x = 2, .ofs_y = 0},
    {.bitmap_index = 2147, .adv_w = 237, .box_w = 13, .box_h = 16, .ofs_x = 1, .ofs_y = 0},
    {.bitmap_index = 2226, .adv_w = 259, .box_w = 13, .box_h = 16, .ofs_x = 2, .ofs_y = 0},
    {.bitmap_index = 2250, .adv_w = 95, .box_w = 2, .box_h = 16, .ofs_x = 2, .ofs_y = 0},
    {.bitmap_index = 2255, .adv_w = 111, .box_w = 6, .box_h = 18, .ofs_x = 0, .ofs_y = -2},
    {.bitmap_index = 2272, .adv_w = 219, .box_w = 12, .box_h = 16, .ofs_x = 2, .ofs_y = 0},
    {.bitmap_index = 2336, .adv_w = 184, .box_w = 10, .box_h = 16, .ofs_x = 2, .ofs_y = 0},
    {.bitmap_index = 2349, .adv_w = 323, .box_w = 17, .box_h = 16, .ofs_x = 2, .ofs_y = 0},
    {.bitmap_index = 2444, .adv_w = 260, .box_w = 13, .box_h = 16, .ofs_x = 2, .ofs_y = 0},
    {.bitmap_index = 2507, .adv_w = 253, .box_w = 14, .box_h = 16, .ofs_x = 1, .ofs_y = 0},
    {.bitmap_index = 2599, .adv_w = 227, .box_w = 12, .box_h = 16, .ofs_x = 2, .ofs_y = 0},
    {.bitmap_index = 2653, .adv_w = 253, .box_w = 14, .box_h = 20, .ofs_x = 1, .ofs_y = -4},
    {.bitmap_index = 2763, .adv_w = 237, .box_w = 12, .box_h = 16, .ofs_x = 2, .ofs_y = 0},
    {.bitmap_index = 2829, .adv_w = 208, .box_w = 11, .box_h = 16, .ofs_x = 1, .ofs_y = 0},
    {.bitmap_index = 2903, .adv_w = 202, .box_w = 13, .box_h = 16, .ofs_x = 0, .ofs_y = 0},
    {.bitmap_index = 2927, .adv_w = 248, .box_w = 13, .box_h = 16, .ofs_x = 1, .ofs_y = 0},
    {.bitmap_index = 2967, .adv_w = 224, .box_w = 14, .box_h = 16, .ofs_x = 0, .ofs_y = 0},
    {.bitmap_index = 3057, .adv_w = 341, .box_w = 21, .box_h = 16, .ofs_x = 0, .ofs_y = 0},
    {.bitmap_index = 3204, .adv_w = 215, .box_w = 13, .box_h = 16, .ofs_x = 0, .ofs_y = 0},
    {.bitmap_index = 3291, .adv_w = 207, .box_w = 13, .box_h = 16, .ofs_x = 0, .ofs_y = 0},
    {.bitmap_index = 3349, .adv_w = 206, .box_w = 11, .box_h = 16, .ofs_x = 1, .ofs_y = 0},
    {.bitmap_index = 3408, .adv_w = 127, .box_w = 6, .box_h = 21, .ofs_x = 1, .ofs_y = -3},
    {.bitmap_index = 3428, .adv_w = 169, .box_w = 10, .box_h = 18, .ofs_x = 0, .ofs_y = -1},
    {.bitmap_index = 3488, .adv_w = 127, .box_w = 7, .box_h = 21, .ofs_x = 0, .ofs_y = -3},
    {.bitmap_index = 3508, .adv_w = 215, .box_w = 12, .box_h = 8, .ofs_x = 1, .ofs_y = 8},
    {.bitmap_index = 3548, .adv_w = 242, .box_w = 11, .box_h = 2, .ofs_x = 2, .ofs_y = -4},
    {.bitmap_index = 3554, .adv_w = 91, .box_w = 7, .box_h = 5, .ofs_x = -1, .ofs_y = 13},
    {.bitmap_index = 3571, .adv_w = 193, .box_w = 12, .box_h = 12, .ofs_x = 0, .ofs_y = 0},
    {.bitmap_index = 3632, .adv_w = 202, .box_w = 11, .box_h = 17, .ofs_x = 1, .ofs_y = 0},
    {.bitmap_index = 3687, .adv_w = 167, .box_w = 9, .box_h = 12, .ofs_x = 1, .ofs_y = 0},
    {.bitmap_index = 3731, .adv_w = 204, .box_w = 10, .box_h = 17, .ofs_x = 1, .ofs_y = 0},
    {.bitmap_index = 3785, .adv_w = 194, .box_w = 11, .box_h = 12, .ofs_x = 1, .ofs_y = 0},
    {.bitmap_index = 3840, .adv_w = 127, .box_w = 8, .box_h = 17, .ofs_x = 0, .ofs_y = 0},
    {.bitmap_index = 3875, .adv_w = 198, .box_w = 11, .box_h = 17, .ofs_x = 1, .ofs_y = -5},
    {.bitmap_index = 3960, .adv_w = 207, .box_w = 11, .box_h = 17, .ofs_x = 1, .ofs_y = 0},
    {.bitmap_index = 3992, .adv_w = 85, .box_w = 3, .box_h = 16, .ofs_x = 1, .ofs_y = 0},
    {.bitmap_index = 4003, .adv_w = 85, .box_w = 6, .box_h = 22, .ofs_x = -2, .ofs_y = -6},
    {.bitmap_index = 4034, .adv_w = 185, .box_w = 11, .box_h = 17, .ofs_x = 1, .ofs_y = 0},
    {.bitmap_index = 4083, .adv_w = 89, .box_w = 3, .box_h = 17, .ofs_x = 1, .ofs_y = 0},
    {.bitmap_index = 4088, .adv_w = 321, .box_w = 18, .box_h = 12, .ofs_x = 1, .ofs_y = 0},
    {.bitmap_index = 4140, .adv_w = 207, .box_w = 11, .box_h = 12, .ofs_x = 1, .ofs_y = 0},
    {.bitmap_index = 4170, .adv_w = 203, .box_w = 11, .box_h = 12, .ofs_x = 1, .ofs_y = 0},
    {.bitmap_index = 4229, .adv_w = 203, .box_w = 11, .box_h = 17, .ofs_x = 1, .ofs_y = -5},
    {.bitmap_index = 4288, .adv_w = 202, .box_w = 10, .box_h = 17, .ofs_x = 1, .ofs_y = -5},
    {.bitmap_index = 4342, .adv_w = 133, .box_w = 7, .box_h = 13, .ofs_x = 1, .ofs_y = 0},
    {.bitmap_index = 4363, .adv_w = 179, .box_w = 10, .box_h = 12, .ofs_x = 1, .ofs_y = 0},
    {.bitmap_index = 4417, .adv_w = 135, .box_w = 9, .box_h = 16, .ofs_x = 0, .ofs_y = 0},
    {.bitmap_index = 4455, .adv_w = 204, .box_w = 11, .box_h = 12, .ofs_x = 1, .ofs_y = 0},
    {.bitmap_index = 4485, .adv_w = 185, .box_w = 11, .box_h = 12, .ofs_x = 0, .ofs_y = 0},
    {.bitmap_index = 4544, .adv_w = 293, .box_w = 18, .box_h = 12, .ofs_x = 0, .ofs_y = 0},
    {.bitmap_index = 4646, .adv_w = 174, .box_w = 11, .box_h = 12, .ofs_x = 0, .ofs_y = 0},
    {.bitmap_index = 4703, .adv_w = 186, .box_w = 12, .box_h = 17, .ofs_x = 0, .ofs_y = -5},
    {.bitmap_index = 4784, .adv_w = 175, .box_w = 9, .box_h = 12, .ofs_x = 1, .ofs_y = 0},
    {.bitmap_index = 4827, .adv_w = 135, .box_w = 8, .box_h = 21, .ofs_x = 0, .ofs_y = -3},
    {.bitmap_index = 4891, .adv_w = 89, .box_w = 3, .box_h = 22, .ofs_x = 1, .ofs_y = -5},
    {.bitmap_index = 4896, .adv_w = 135, .box_w = 8, .box_h = 21, .ofs_x = 0, .ofs_y = -3},
    {.bitmap_index = 4963, .adv_w = 215, .box_w = 11, .box_h = 3, .ofs_x = 1, .ofs_y = 5},
    {.bitmap_index = 4980, .adv_w = 86, .box_w = 4, .box_h = 6, .ofs_x = 1, .ofs_y = 0},
    {.bitmap_index = 4993, .adv_w = 86, .box_w = 4, .box_h = 6, .ofs_x = 0, .ofs_y = -3},
    {.bitmap_index = 5005, .adv_w = 0, .box_w = 7, .box_h = 6, .ofs_x = 0, .ofs_y = 10},
    {.bitmap_index = 5024, .adv_w = 96, .box_w = 4, .box_h = 14, .ofs_x = 1, .ofs_y = 0},
    {.bitmap_index = 5047, .adv_w = 171, .box_w = 10, .box_h = 17, .ofs_x = 0, .ofs_y = 0},
    {.bitmap_index = 5109, .adv_w = 209, .box_w = 13, .box_h = 10, .ofs_x = 0, .ofs_y = 0},
    {.bitmap_index = 5157, .adv_w = 103, .box_w = 7, .box_h = 21, .ofs_x = 0, .ofs_y = 0},
    {.bitmap_index = 5180, .adv_w = 103, .box_w = 6, .box_h = 24, .ofs_x = 0, .ofs_y = 0},
    {.bitmap_index = 5209, .adv_w = 209, .box_w = 12, .box_h = 24, .ofs_x = 0, .ofs_y = -5},
    {.bitmap_index = 5307, .adv_w = 103, .box_w = 6, .box_h = 24, .ofs_x = 0, .ofs_y = -7},
    {.bitmap_index = 5334, .adv_w = 344, .box_w = 20, .box_h = 18, .ofs_x = 0, .ofs_y = -6},
    {.bitmap_index = 5466, .adv_w = 103, .box_w = 3, .box_h = 17, .ofs_x = 2, .ofs_y = 0},
    {.bitmap_index = 5471, .adv_w = 303, .box_w = 18, .box_h = 17, .ofs_x = 0, .ofs_y = -5},
    {.bitmap_index = 5541, .adv_w = 224, .box_w = 14, .box_h = 17, .ofs_x = 0, .ofs_y = 0},
    {.bitmap_index = 5614, .adv_w = 303, .box_w = 18, .box_h = 14, .ofs_x = 0, .ofs_y = 0},
    {.bitmap_index = 5682, .adv_w = 303, .box_w = 18, .box_h = 17, .ofs_x = 0, .ofs_y = 0},
    {.bitmap_index = 5759, .adv_w = 223, .box_w = 13, .box_h = 20, .ofs_x = 0, .ofs_y = -8},
    {.bitmap_index = 5843, .adv_w = 223, .box_w = 13, .box_h = 20, .ofs_x = 0, .ofs_y = -8},
    {.bitmap_index = 5923, .adv_w = 223, .box_w = 13, .box_h = 24, .ofs_x = 0, .ofs_y = -8},
    {.bitmap_index = 6015, .adv_w = 185, .box_w = 11, .box_h = 12, .ofs_x = 0, .ofs_y = 0},
    {.bitmap_index = 6057, .adv_w = 185, .box_w = 11, .box_h = 17, .ofs_x = 0, .ofs_y = 0},
    {.bitmap_index = 6111, .adv_w = 101, .box_w = 7, .box_h = 18, .ofs_x = -2, .ofs_y = -5},
    {.bitmap_index = 6137, .adv_w = 101, .box_w = 7, .box_h = 22, .ofs_x = -2, .ofs_y = -5},
    {.bitmap_index = 6172, .adv_w = 465, .box_w = 28, .box_h = 19, .ofs_x = 0, .ofs_y = -6},
    {.bitmap_index = 6317, .adv_w = 465, .box_w = 28, .box_h = 26, .ofs_x = 0, .ofs_y = -6},
    {.bitmap_index = 6484, .adv_w = 457, .box_w = 27, .box_h = 18, .ofs_x = 0, .ofs_y = -6},
    {.bitmap_index = 6629, .adv_w = 457, .box_w = 27, .box_h = 23, .ofs_x = 0, .ofs_y = -6},
    {.bitmap_index = 6787, .adv_w = 293, .box_w = 17, .box_h = 17, .ofs_x = 0, .ofs_y = 0},
    {.bitmap_index = 6855, .adv_w = 293, .box_w = 17, .box_h = 17, .ofs_x = 0, .ofs_y = 0},
    {.bitmap_index = 6932, .adv_w = 212, .box_w = 12, .box_h = 20, .ofs_x = 0, .ofs_y = -8},
    {.bitmap_index = 7020, .adv_w = 212, .box_w = 12, .box_h = 25, .ofs_x = 0, .ofs_y = -8},
    {.bitmap_index = 7121, .adv_w = 96, .box_w = 8, .box_h = 2, .ofs_x = -1, .ofs_y = 0},
    {.bitmap_index = 7127, .adv_w = 397, .box_w = 22, .box_h = 17, .ofs_x = 1, .ofs_y = 0},
    {.bitmap_index = 7228, .adv_w = 331, .box_w = 19, .box_h = 24, .ofs_x = 0, .ofs_y = -7},
    {.bitmap_index = 7364, .adv_w = 301, .box_w = 18, .box_h = 17, .ofs_x = 0, .ofs_y = 0},
    {.bitmap_index = 7442, .adv_w = 256, .box_w = 15, .box_h = 23, .ofs_x = 0, .ofs_y = -6},
    {.bitmap_index = 7521, .adv_w = 240, .box_w = 14, .box_h = 20, .ofs_x = 0, .ofs_y = -8},
    {.bitmap_index = 7611, .adv_w = 256, .box_w = 15, .box_h = 21, .ofs_x = 0, .ofs_y = -6},
    {.bitmap_index = 7697, .adv_w = 224, .box_w = 14, .box_h = 12, .ofs_x = 0, .ofs_y = 0},
    {.bitmap_index = 7752, .adv_w = 209, .box_w = 12, .box_h = 17, .ofs_x = 0, .ofs_y = -5},
    {.bitmap_index = 7823, .adv_w = 344, .box_w = 20, .box_h = 18, .ofs_x = 0, .ofs_y = -6},
    {.bitmap_index = 7943, .adv_w = 344, .box_w = 20, .box_h = 22, .ofs_x = 0, .ofs_y = -10},
    {.bitmap_index = 8085, .adv_w = 0, .box_w = 6, .box_h = 3, .ofs_x = 0, .ofs_y = 12},
    {.bitmap_index = 8093, .adv_w = 0, .box_w = 7, .box_h = 3, .ofs_x = 0, .ofs_y = 13},
    {.bitmap_index = 8104, .adv_w = 0, .box_w = 6, .box_h = 3, .ofs_x = 0, .ofs_y = -2},
    {.bitmap_index = 8112, .adv_w = 0, .box_w = 6, .box_h = 1, .ofs_x = 0, .ofs_y = 13},
    {.bitmap_index = 8115, .adv_w = 0, .box_w = 6, .box_h = 3, .ofs_x = 0, .ofs_y = 13},
    {.bitmap_index = 8124, .adv_w = 0, .box_w = 6, .box_h = 1, .ofs_x = 0, .ofs_y = 0},
    {.bitmap_index = 8127, .adv_w = 0, .box_w = 7, .box_h = 4, .ofs_x = -1, .ofs_y = 10},
    {.bitmap_index = 8142, .adv_w = 0, .box_w = 5, .box_h = 4, .ofs_x = 0, .ofs_y = 11},
    {.bitmap_index = 8151, .adv_w = 0, .box_w = 7, .box_h = 3, .ofs_x = 0, .ofs_y = 13},
    {.bitmap_index = 8161, .adv_w = 0, .box_w = 6, .box_h = 6, .ofs_x = 0, .ofs_y = 11},
    {.bitmap_index = 8178, .adv_w = 0, .box_w = 6, .box_h = 6, .ofs_x = 0, .ofs_y = -4},
    {.bitmap_index = 8195, .adv_w = 0, .box_w = 2, .box_h = 4, .ofs_x = 0, .ofs_y = 12},
    {.bitmap_index = 8199, .adv_w = 0, .box_w = 5, .box_h = 4, .ofs_x = 0, .ofs_y = 9},
    {.bitmap_index = 8209, .adv_w = 96, .box_w = 4, .box_h = 3, .ofs_x = 1, .ofs_y = 7},
    {.bitmap_index = 8215, .adv_w = 119, .box_w = 3, .box_h = 16, .ofs_x = 2, .ofs_y = 0},
    {.bitmap_index = 8222, .adv_w = 202, .box_w = 10, .box_h = 16, .ofs_x = 2, .ofs_y = 0},
    {.bitmap_index = 8238, .adv_w = 260, .box_w = 13, .box_h = 16, .ofs_x = 2, .ofs_y = 0},
    {.bitmap_index = 8290, .adv_w = 180, .box_w = 9, .box_h = 17, .ofs_x = 1, .ofs_y = 0},
    {.bitmap_index = 8356, .adv_w = 260, .box_w = 14, .box_h = 16, .ofs_x = 1, .ofs_y = 0},
    {.bitmap_index = 8448, .adv_w = 185, .box_w = 9, .box_h = 16, .ofs_x = 0, .ofs_y = 0},
    {.bitmap_index = 8464, .adv_w = 240, .box_w = 15, .box_h = 16, .ofs_x = 0, .ofs_y = 0},
    {.bitmap_index = 8554, .adv_w = 240, .box_w = 15, .box_h = 16, .ofs_x = 0, .ofs_y = 0},
    {.bitmap_index = 8642, .adv_w = 199, .box_w = 11, .box_h = 16, .ofs_x = 0, .ofs_y = 0},
    {.bitmap_index = 8693, .adv_w = 215, .box_w = 10, .box_h = 18, .ofs_x = 2, .ofs_y = -1},
    {.bitmap_index = 8760, .adv_w = 86, .box_w = 4, .box_h = 6, .ofs_x = 0, .ofs_y = -3},
    {.bitmap_index = 8772, .adv_w = 74, .box_w = 4, .box_h = 5, .ofs_x = 0, .ofs_y = -3},
    {.bitmap_index = 8783, .adv_w = 161, .box_w = 8, .box_h = 9, .ofs_x = 1, .ofs_y = 8},
    {.bitmap_index = 8819, .adv_w = 303, .box_w = 18, .box_h = 12, .ofs_x = 0, .ofs_y = 0},
    {.bitmap_index = 8874, .adv_w = 331, .box_w = 19, .box_h = 19, .ofs_x = 0, .ofs_y = -7},
    {.bitmap_index = 8991, .adv_w = 0, .box_w = 2, .box_h = 4, .ofs_x = 0, .ofs_y = 11},
    {.bitmap_index = 8995, .adv_w = 103, .box_w = 7, .box_h = 23, .ofs_x = 0, .ofs_y = 0},
    {.bitmap_index = 9021, .adv_w = 303, .box_w = 18, .box_h = 17, .ofs_x = 0, .ofs_y = 0},
    {.bitmap_index = 9107, .adv_w = 303, .box_w = 18, .box_h = 20, .ofs_x = 0, .ofs_y = -8},
    {.bitmap_index = 9192, .adv_w = 223, .box_w = 13, .box_h = 20, .ofs_x = 0, .ofs_y = -8},
    {.bitmap_index = 9281, .adv_w = 185, .box_w = 11, .box_h = 19, .ofs_x = 0, .ofs_y = 0},
    {.bitmap_index = 9349, .adv_w = 101, .box_w = 9, .box_h = 24, .ofs_x = -2, .ofs_y = -5},
    {.bitmap_index = 9402, .adv_w = 101, .box_w = 9, .box_h = 25, .ofs_x = -2, .ofs_y = -5},
    {.bitmap_index = 9455, .adv_w = 397, .box_w = 22, .box_h = 12, .ofs_x = 1, .ofs_y = 0},
    {.bitmap_index = 9542, .adv_w = 397, .box_w = 22, .box_h = 20, .ofs_x = 1, .ofs_y = 0},
    {.bitmap_index = 9652, .adv_w = 301, .box_w = 18, .box_h = 18, .ofs_x = 0, .ofs_y = 0},
    {.bitmap_index = 9754, .adv_w = 301, .box_w = 18, .box_h = 19, .ofs_x = 0, .ofs_y = 0},
    {.bitmap_index = 9867, .adv_w = 256, .box_w = 15, .box_h = 18, .ofs_x = 0, .ofs_y = -6},
    {.bitmap_index = 9943, .adv_w = 302, .box_w = 18, .box_h = 13, .ofs_x = 0, .ofs_y = 0},
    {.bitmap_index = 10035, .adv_w = 224, .box_w = 14, .box_h = 12, .ofs_x = 0, .ofs_y = 0},
    {.bitmap_index = 10090, .adv_w = 224, .box_w = 14, .box_h = 19, .ofs_x = 0, .ofs_y = 0},
    {.bitmap_index = 10175, .adv_w = 224, .box_w = 14, .box_h = 17, .ofs_x = 0, .ofs_y = 0},
    {.bitmap_index = 10248, .adv_w = 344, .box_w = 20, .box_h = 18, .ofs_x = 0, .ofs_y = -6},
    {.bitmap_index = 10368, .adv_w = 279, .box_w = 17, .box_h = 15, .ofs_x = 0, .ofs_y = -6},
    {.bitmap_index = 10439, .adv_w = 279, .box_w = 17, .box_h = 15, .ofs_x = 0, .ofs_y = -6},
    {.bitmap_index = 10522, .adv_w = 142, .box_w = 7, .box_h = 3, .ofs_x = 1, .ofs_y = 0},
    {.bitmap_index = 10529, .adv_w = 96, .box_w = 4, .box_h = 3, .ofs_x = 1, .ofs_y = 7},
    {.bitmap_index = 10535, .adv_w = 119, .box_w = 3, .box_h = 16, .ofs_x = 2, .ofs_y = 0},
    {.bitmap_index = 10542, .adv_w = 202, .box_w = 10, .box_h = 16, .ofs_x = 2, .ofs_y = 0},
    {.bitmap_index = 10558, .adv_w = 260, .box_w = 13, .box_h = 16, .ofs_x = 2, .ofs_y = 0},
    {.bitmap_index = 10610, .adv_w = 255, .box_w = 13, .box_h = 16, .ofs_x = 2, .ofs_y = 0},
    {.bitmap_index = 10672, .adv_w = 210, .box_w = 11, .box_h = 16, .ofs_x = 1, .ofs_y = 0},
    {.bitmap_index = 10747, .adv_w = 184, .box_w = 9, .box_h = 16, .ofs_x = 1, .ofs_y = 0},
    {.bitmap_index = 10808, .adv_w = 240, .box_w = 15, .box_h = 16, .ofs_x = 0, .ofs_y = 0},
    {.bitmap_index = 10898, .adv_w = 240, .box_w = 15, .box_h = 16, .ofs_x = 0, .ofs_y = 0},
    {.bitmap_index = 10986, .adv_w = 199, .box_w = 11, .box_h = 16, .ofs_x = 0, .ofs_y = 0},
    {.bitmap_index = 11037, .adv_w = 113, .box_w = 8, .box_h = 23, .ofs_x = 0, .ofs_y = 0},
    {.bitmap_index = 11070, .adv_w = 314, .box_w = 21, .box_h = 20, .ofs_x = 0, .ofs_y = -8},
    {.bitmap_index = 11160, .adv_w = 103, .box_w = 8, .box_h = 20, .ofs_x = -1, .ofs_y = -8},
    {.bitmap_index = 11196, .adv_w = 113, .box_w = 9, .box_h = 19, .ofs_x = -1, .ofs_y = -7},
    {.bitmap_index = 11237, .adv_w = 314, .box_w = 21, .box_h = 17, .ofs_x = 0, .ofs_y = 0},
    {.bitmap_index = 11328, .adv_w = 103, .box_w = 8, .box_h = 19, .ofs_x = -1, .ofs_y = 0},
    {.bitmap_index = 11369, .adv_w = 113, .box_w = 9, .box_h = 19, .ofs_x = -1, .ofs_y = 0},
    {.bitmap_index = 11415, .adv_w = 405, .box_w = 25, .box_h = 20, .ofs_x = 1, .ofs_y = 0},
    {.bitmap_index = 11531, .adv_w = 233, .box_w = 14, .box_h = 20, .ofs_x = -1, .ofs_y = 0},
    {.bitmap_index = 11608, .adv_w = 245, .box_w = 17, .box_h = 20, .ofs_x = -1, .ofs_y = 0},
    {.bitmap_index = 11693, .adv_w = 241, .box_w = 16, .box_h = 20, .ofs_x = 0, .ofs_y = -8},
    {.bitmap_index = 11793, .adv_w = 213, .box_w = 13, .box_h = 20, .ofs_x = -1, .ofs_y = -8},
    {.bitmap_index = 11860, .adv_w = 232, .box_w = 16, .box_h = 20, .ofs_x = -1, .ofs_y = -8},
    {.bitmap_index = 11935, .adv_w = 205, .box_w = 14, .box_h = 19, .ofs_x = 0, .ofs_y = 0},
    {.bitmap_index = 12013, .adv_w = 115, .box_w = 10, .box_h = 25, .ofs_x = -2, .ofs_y = -5},
    {.bitmap_index = 12074, .adv_w = 115, .box_w = 10, .box_h = 24, .ofs_x = -2, .ofs_y = -5},
    {.bitmap_index = 12140, .adv_w = 314, .box_w = 21, .box_h = 18, .ofs_x = 0, .ofs_y = 0},
    {.bitmap_index = 12249, .adv_w = 240, .box_w = 15, .box_h = 18, .ofs_x = -1, .ofs_y = 0},
    {.bitmap_index = 12323, .adv_w = 253, .box_w = 18, .box_h = 18, .ofs_x = -1, .ofs_y = 0},
    {.bitmap_index = 12407, .adv_w = 314, .box_w = 21, .box_h = 19, .ofs_x = 0, .ofs_y = 0},
    {.bitmap_index = 12527, .adv_w = 259, .box_w = 16, .box_h = 19, .ofs_x = -1, .ofs_y = 0},
    {.bitmap_index = 12612, .adv_w = 272, .box_w = 19, .box_h = 19, .ofs_x = -1, .ofs_y = 0},
    {.bitmap_index = 12707, .adv_w = 268, .box_w = 18, .box_h = 18, .ofs_x = 0, .ofs_y = -6},
    {.bitmap_index = 12792, .adv_w = 222, .box_w = 15, .box_h = 12, .ofs_x = 0, .ofs_y = 0},
    {.bitmap_index = 12831, .adv_w = 103, .box_w = 6, .box_h = 19, .ofs_x = -1, .ofs_y = -7},
    {.bitmap_index = 12861, .adv_w = 222, .box_w = 16, .box_h = 10, .ofs_x = -1, .ofs_y = -8},
    {.bitmap_index = 12915, .adv_w = 314, .box_w = 21, .box_h = 13, .ofs_x = 0, .ofs_y = 0},
    {.bitmap_index = 13014, .adv_w = 306, .box_w = 19, .box_h = 13, .ofs_x = -1, .ofs_y = 0},
    {.bitmap_index = 13109, .adv_w = 314, .box_w = 22, .box_h = 13, .ofs_x = -1, .ofs_y = 0},
    {.bitmap_index = 13211, .adv_w = 271, .box_w = 18, .box_h = 8, .ofs_x = 0, .ofs_y = -6},
    {.bitmap_index = 13253, .adv_w = 271, .box_w = 18, .box_h = 15, .ofs_x = 0, .ofs_y = -6},
    {.bitmap_index = 13331, .adv_w = 0, .box_w = 3, .box_h = 3, .ofs_x = 0, .ofs_y = 15},
    {.bitmap_index = 13336, .adv_w = 0, .box_w = 3, .box_h = 3, .ofs_x = 0, .ofs_y = -2},
    {.bitmap_index = 13341, .adv_w = 0, .box_w = 6, .box_h = 3, .ofs_x = 0, .ofs_y = 14},
    {.bitmap_index = 13349, .adv_w = 0, .box_w = 6, .box_h = 3, .ofs_x = 0, .ofs_y = -2},
    {.bitmap_index = 13357, .adv_w = 0, .box_w = 6, .box_h = 6, .ofs_x = 0, .ofs_y = 14},
    {.bitmap_index = 13370, .adv_w = 0, .box_w = 6, .box_h = 6, .ofs_x = 0, .ofs_y = -5},
    {.bitmap_index = 13383, .adv_w = 0, .box_w = 6, .box_h = 6, .ofs_x = 0, .ofs_y = 11},
    {.bitmap_index = 13398, .adv_w = 0, .box_w = 6, .box_h = 6, .ofs_x = 0, .ofs_y = -6},
    {.bitmap_index = 13413, .adv_w = 0, .box_w = 3, .box_h = 6, .ofs_x = 0, .ofs_y = 14},
    {.bitmap_index = 13422, .adv_w = 0, .box_w = 3, .box_h = 6, .ofs_x = 0, .ofs_y = -5},
    {.bitmap_index = 13431, .adv_w = 103, .box_w = 6, .box_h = 12, .ofs_x = -1, .ofs_y = 0},
    {.bitmap_index = 13443, .adv_w = 113, .box_w = 9, .box_h = 12, .ofs_x = -1, .ofs_y = 0},
    {.bitmap_index = 13461, .adv_w = 339, .box_w = 22, .box_h = 11, .ofs_x = 0, .ofs_y = -6},
    {.bitmap_index = 13539, .adv_w = 103, .box_w = 8, .box_h = 17, .ofs_x = -1, .ofs_y = -5},
    {.bitmap_index = 13566, .adv_w = 113, .box_w = 9, .box_h = 17, .ofs_x = -1, .ofs_y = -5},
    {.bitmap_index = 13599, .adv_w = 392, .box_w = 23, .box_h = 23, .ofs_x = 0, .ofs_y = -6},
    {.bitmap_index = 13695, .adv_w = 392, .box_w = 23, .box_h = 28, .ofs_x = 0, .ofs_y = -11},
    {.bitmap_index = 13811, .adv_w = 228, .box_w = 17, .box_h = 24, .ofs_x = -2, .ofs_y = -5},
    {.bitmap_index = 13907, .adv_w = 228, .box_w = 17, .box_h = 24, .ofs_x = -2, .ofs_y = -5},
    {.bitmap_index = 14010, .adv_w = 381, .box_w = 25, .box_h = 25, .ofs_x = 0, .ofs_y = -6},
    {.bitmap_index = 14158, .adv_w = 427, .box_w = 28, .box_h = 25, .ofs_x = 0, .ofs_y = -6},
    {.bitmap_index = 14336, .adv_w = 427, .box_w = 28, .box_h = 30, .ofs_x = 0, .ofs_y = -11},
    {.bitmap_index = 14536, .adv_w = 228, .box_w = 17, .box_h = 17, .ofs_x = -2, .ofs_y = -5},
    {.bitmap_index = 14600, .adv_w = 228, .box_w = 17, .box_h = 22, .ofs_x = -2, .ofs_y = -5},
    {.bitmap_index = 14678, .adv_w = 381, .box_w = 25, .box_h = 21, .ofs_x = 0, .ofs_y = -6},
    {.bitmap_index = 14805, .adv_w = 427, .box_w = 28, .box_h = 18, .ofs_x = 0, .ofs_y = -6},
    {.bitmap_index = 14955, .adv_w = 427, .box_w = 28, .box_h = 23, .ofs_x = 0, .ofs_y = -11},
    {.bitmap_index = 15126, .adv_w = 228, .box_w = 17, .box_h = 22, .ofs_x = -2, .ofs_y = -5},
    {.bitmap_index = 15205, .adv_w = 228, .box_w = 17, .box_h = 22, .ofs_x = -2, .ofs_y = -5},
    {.bitmap_index = 15290, .adv_w = 381, .box_w = 25, .box_h = 23, .ofs_x = 0, .ofs_y = -6},
    {.bitmap_index = 15434, .adv_w = 427, .box_w = 28, .box_h = 23, .ofs_x = 0, .ofs_y = -6},
    {.bitmap_index = 15598, .adv_w = 427, .box_w = 28, .box_h = 28, .ofs_x = 0, .ofs_y = -11},
    {.bitmap_index = 15784, .adv_w = 228, .box_w = 17, .box_h = 25, .ofs_x = -2, .ofs_y = -5},
    {.bitmap_index = 15869, .adv_w = 228, .box_w = 17, .box_h = 25, .ofs_x = -2, .ofs_y = -5},
    {.bitmap_index = 15960, .adv_w = 381, .box_w = 25, .box_h = 26, .ofs_x = 0, .ofs_y = -6},
    {.bitmap_index = 16108, .adv_w = 427, .box_w = 28, .box_h = 26, .ofs_x = 0, .ofs_y = -6},
    {.bitmap_index = 16277, .adv_w = 427, .box_w = 28, .box_h = 31, .ofs_x = 0, .ofs_y = -11},
    {.bitmap_index = 16467, .adv_w = 404, .box_w = 26, .box_h = 23, .ofs_x = 0, .ofs_y = -6},
    {.bitmap_index = 16571, .adv_w = 404, .box_w = 26, .box_h = 28, .ofs_x = 0, .ofs_y = -11},
    {.bitmap_index = 16696, .adv_w = 228, .box_w = 17, .box_h = 22, .ofs_x = -2, .ofs_y = -5},
    {.bitmap_index = 16772, .adv_w = 228, .box_w = 17, .box_h = 22, .ofs_x = -2, .ofs_y = -5},
    {.bitmap_index = 16853, .adv_w = 381, .box_w = 25, .box_h = 23, .ofs_x = 0, .ofs_y = -6},
    {.bitmap_index = 16991, .adv_w = 427, .box_w = 28, .box_h = 22, .ofs_x = 0, .ofs_y = -6},
    {.bitmap_index = 17150, .adv_w = 427, .box_w = 28, .box_h = 27, .ofs_x = 0, .ofs_y = -11},
    {.bitmap_index = 17330, .adv_w = 228, .box_w = 17, .box_h = 17, .ofs_x = -2, .ofs_y = -5},
    {.bitmap_index = 17396, .adv_w = 228, .box_w = 17, .box_h = 22, .ofs_x = -2, .ofs_y = -5},
    {.bitmap_index = 17476, .adv_w = 381, .box_w = 25, .box_h = 21, .ofs_x = 0, .ofs_y = -6},
    {.bitmap_index = 17607, .adv_w = 427, .box_w = 28, .box_h = 18, .ofs_x = 0, .ofs_y = -6},
    {.bitmap_index = 17759, .adv_w = 620, .box_w = 37, .box_h = 18, .ofs_x = 0, .ofs_y = -6},
    {.bitmap_index = 17948, .adv_w = 620, .box_w = 37, .box_h = 22, .ofs_x = 0, .ofs_y = -10},
    {.bitmap_index = 18157, .adv_w = 620, .box_w = 37, .box_h = 26, .ofs_x = 0, .ofs_y = -6},
    {.bitmap_index = 18369, .adv_w = 620, .box_w = 37, .box_h = 30, .ofs_x = 0, .ofs_y = -10},
    {.bitmap_index = 18602, .adv_w = 611, .box_w = 37, .box_h = 18, .ofs_x = 0, .ofs_y = -6},
    {.bitmap_index = 18801, .adv_w = 611, .box_w = 37, .box_h = 22, .ofs_x = 0, .ofs_y = -10},
    {.bitmap_index = 19020, .adv_w = 611, .box_w = 37, .box_h = 22, .ofs_x = 0, .ofs_y = -6},
    {.bitmap_index = 19233, .adv_w = 611, .box_w = 37, .box_h = 26, .ofs_x = 0, .ofs_y = -10},
    {.bitmap_index = 19467, .adv_w = 426, .box_w = 27, .box_h = 25, .ofs_x = -2, .ofs_y = -5},
    {.bitmap_index = 19601, .adv_w = 426, .box_w = 27, .box_h = 17, .ofs_x = -2, .ofs_y = -5},
    {.bitmap_index = 19711, .adv_w = 417, .box_w = 27, .box_h = 17, .ofs_x = -2, .ofs_y = -5},
    {.bitmap_index = 19826, .adv_w = 417, .box_w = 27, .box_h = 21, .ofs_x = -2, .ofs_y = -5},
    {.bitmap_index = 19955, .adv_w = 632, .box_w = 41, .box_h = 18, .ofs_x = 0, .ofs_y = -6},
    {.bitmap_index = 20157, .adv_w = 632, .box_w = 41, .box_h = 22, .ofs_x = 0, .ofs_y = -10},
    {.bitmap_index = 20380, .adv_w = 632, .box_w = 41, .box_h = 26, .ofs_x = 0, .ofs_y = -6},
    {.bitmap_index = 20608, .adv_w = 632, .box_w = 41, .box_h = 30, .ofs_x = 0, .ofs_y = -10},
    {.bitmap_index = 20856, .adv_w = 623, .box_w = 40, .box_h = 18, .ofs_x = 0, .ofs_y = -6},
    {.bitmap_index = 21064, .adv_w = 623, .box_w = 40, .box_h = 22, .ofs_x = 0, .ofs_y = -10},
    {.bitmap_index = 21293, .adv_w = 623, .box_w = 40, .box_h = 22, .ofs_x = 0, .ofs_y = -6},
    {.bitmap_index = 21517, .adv_w = 623, .box_w = 40, .box_h = 26, .ofs_x = 0, .ofs_y = -10},
    {.bitmap_index = 21761, .adv_w = 439, .box_w = 30, .box_h = 25, .ofs_x = -2, .ofs_y = -5},
    {.bitmap_index = 21901, .adv_w = 439, .box_w = 30, .box_h = 17, .ofs_x = -2, .ofs_y = -5},
    {.bitmap_index = 22017, .adv_w = 430, .box_w = 30, .box_h = 17, .ofs_x = -2, .ofs_y = -5},
    {.bitmap_index = 22140, .adv_w = 430, .box_w = 30, .box_h = 21, .ofs_x = -2, .ofs_y = -5},
    {.bitmap_index = 22278, .adv_w = 94, .box_w = 5, .box_h = 21, .ofs_x = 0, .ofs_y = -3},
    {.bitmap_index = 22332, .adv_w = 94, .box_w = 5, .box_h = 21, .ofs_x = 0, .ofs_y = -3},
    {.bitmap_index = 22386, .adv_w = 508, .box_w = 30, .box_h = 17, .ofs_x = 0, .ofs_y = 0},
    {.bitmap_index = 22477, .adv_w = 113, .box_w = 8, .box_h = 21, .ofs_x = 0, .ofs_y = 0},
    {.bitmap_index = 22507, .adv_w = 113, .box_w = 8, .box_h = 24, .ofs_x = 0, .ofs_y = 0},
    {.bitmap_index = 22546, .adv_w = 222, .box_w = 15, .box_h = 24, .ofs_x = 0, .ofs_y = -5},
    {.bitmap_index = 22662, .adv_w = 113, .box_w = 8, .box_h = 24, .ofs_x = 0, .ofs_y = -7},
    {.bitmap_index = 22701, .adv_w = 339, .box_w = 22, .box_h = 17, .ofs_x = 0, .ofs_y = -6},
    {.bitmap_index = 22809, .adv_w = 103, .box_w = 7, .box_h = 19, .ofs_x = -1, .ofs_y = 0},
    {.bitmap_index = 22846, .adv_w = 113, .box_w = 9, .box_h = 19, .ofs_x = -1, .ofs_y = 0},
    {.bitmap_index = 22889, .adv_w = 113, .box_w = 6, .box_h = 17, .ofs_x = 2, .ofs_y = 0},
    {.bitmap_index = 22902, .adv_w = 314, .box_w = 21, .box_h = 17, .ofs_x = 0, .ofs_y = -5},
    {.bitmap_index = 22978, .adv_w = 103, .box_w = 6, .box_h = 17, .ofs_x = -1, .ofs_y = -5},
    {.bitmap_index = 23000, .adv_w = 113, .box_w = 9, .box_h = 17, .ofs_x = -1, .ofs_y = -5},
    {.bitmap_index = 23031, .adv_w = 222, .box_w = 15, .box_h = 17, .ofs_x = 0, .ofs_y = 0},
    {.bitmap_index = 23106, .adv_w = 314, .box_w = 21, .box_h = 14, .ofs_x = 0, .ofs_y = 0},
    {.bitmap_index = 23179, .adv_w = 103, .box_w = 8, .box_h = 17, .ofs_x = -1, .ofs_y = 0},
    {.bitmap_index = 23209, .adv_w = 113, .box_w = 9, .box_h = 17, .ofs_x = -1, .ofs_y = 0},
    {.bitmap_index = 23244, .adv_w = 314, .box_w = 21, .box_h = 17, .ofs_x = 0, .ofs_y = 0},
    {.bitmap_index = 23325, .adv_w = 103, .box_w = 8, .box_h = 20, .ofs_x = -1, .ofs_y = 0},
    {.bitmap_index = 23362, .adv_w = 113, .box_w = 9, .box_h = 20, .ofs_x = -1, .ofs_y = 0},
    {.bitmap_index = 23404, .adv_w = 241, .box_w = 16, .box_h = 20, .ofs_x = 0, .ofs_y = -8},
    {.bitmap_index = 23499, .adv_w = 213, .box_w = 13, .box_h = 17, .ofs_x = -1, .ofs_y = -5},
    {.bitmap_index = 23553, .adv_w = 232, .box_w = 16, .box_h = 17, .ofs_x = -1, .ofs_y = -5},
    {.bitmap_index = 23615, .adv_w = 241, .box_w = 16, .box_h = 20, .ofs_x = 0, .ofs_y = -8},
    {.bitmap_index = 23705, .adv_w = 213, .box_w = 13, .box_h = 12, .ofs_x = -1, .ofs_y = 0},
    {.bitmap_index = 23746, .adv_w = 232, .box_w = 16, .box_h = 12, .ofs_x = -1, .ofs_y = 0},
    {.bitmap_index = 23793, .adv_w = 241, .box_w = 16, .box_h = 24, .ofs_x = 0, .ofs_y = -8},
    {.bitmap_index = 23896, .adv_w = 213, .box_w = 13, .box_h = 16, .ofs_x = -1, .ofs_y = 0},
    {.bitmap_index = 23948, .adv_w = 232, .box_w = 16, .box_h = 16, .ofs_x = -1, .ofs_y = 0},
    {.bitmap_index = 24007, .adv_w = 205, .box_w = 14, .box_h = 12, .ofs_x = 0, .ofs_y = 0},
    {.bitmap_index = 24055, .adv_w = 205, .box_w = 14, .box_h = 17, .ofs_x = 0, .ofs_y = 0},
    {.bitmap_index = 24115, .adv_w = 115, .box_w = 10, .box_h = 17, .ofs_x = -2, .ofs_y = -5},
    {.bitmap_index = 24151, .adv_w = 115, .box_w = 10, .box_h = 22, .ofs_x = -2, .ofs_y = -5},
    {.bitmap_index = 24202, .adv_w = 479, .box_w = 31, .box_h = 19, .ofs_x = 0, .ofs_y = -6},
    {.bitmap_index = 24355, .adv_w = 318, .box_w = 20, .box_h = 13, .ofs_x = -1, .ofs_y = 0},
    {.bitmap_index = 24420, .adv_w = 330, .box_w = 23, .box_h = 13, .ofs_x = -1, .ofs_y = 0},
    {.bitmap_index = 24490, .adv_w = 479, .box_w = 31, .box_h = 26, .ofs_x = 0, .ofs_y = -6},
    {.bitmap_index = 24665, .adv_w = 318, .box_w = 20, .box_h = 20, .ofs_x = -1, .ofs_y = 0},
    {.bitmap_index = 24755, .adv_w = 330, .box_w = 23, .box_h = 20, .ofs_x = -1, .ofs_y = 0},
    {.bitmap_index = 24851, .adv_w = 470, .box_w = 30, .box_h = 18, .ofs_x = 0, .ofs_y = -6},
    {.bitmap_index = 25002, .adv_w = 315, .box_w = 19, .box_h = 12, .ofs_x = -1, .ofs_y = 0},
    {.bitmap_index = 25072, .adv_w = 328, .box_w = 22, .box_h = 12, .ofs_x = -1, .ofs_y = 0},
    {.bitmap_index = 25148, .adv_w = 470, .box_w = 30, .box_h = 23, .ofs_x = 0, .ofs_y = -6},
    {.bitmap_index = 25312, .adv_w = 315, .box_w = 19, .box_h = 17, .ofs_x = -1, .ofs_y = 0},
    {.bitmap_index = 25395, .adv_w = 328, .box_w = 22, .box_h = 17, .ofs_x = -1, .ofs_y = 0},
    {.bitmap_index = 25485, .adv_w = 306, .box_w = 20, .box_h = 17, .ofs_x = 0, .ofs_y = 0},
    {.bitmap_index = 25560, .adv_w = 285, .box_w = 18, .box_h = 17, .ofs_x = -1, .ofs_y = 0},
    {.bitmap_index = 25629, .adv_w = 288, .box_w = 20, .box_h = 17, .ofs_x = -1, .ofs_y = 0},
    {.bitmap_index = 25702, .adv_w = 306, .box_w = 20, .box_h = 17, .ofs_x = 0, .ofs_y = 0},
    {.bitmap_index = 25785, .adv_w = 285, .box_w = 18, .box_h = 17, .ofs_x = -1, .ofs_y = 0},
    {.bitmap_index = 25861, .adv_w = 288, .box_w = 20, .box_h = 17, .ofs_x = -1, .ofs_y = 0},
    {.bitmap_index = 25941, .adv_w = 242, .box_w = 16, .box_h = 20, .ofs_x = 0, .ofs_y = -8},
    {.bitmap_index = 26068, .adv_w = 227, .box_w = 14, .box_h = 12, .ofs_x = -1, .ofs_y = 0},
    {.bitmap_index = 26125, .adv_w = 244, .box_w = 17, .box_h = 12, .ofs_x = -1, .ofs_y = 0},
    {.bitmap_index = 26209, .adv_w = 242, .box_w = 16, .box_h = 25, .ofs_x = 0, .ofs_y = -8},
    {.bitmap_index = 26350, .adv_w = 227, .box_w = 14, .box_h = 17, .ofs_x = -1, .ofs_y = 0},
    {.bitmap_index = 26420, .adv_w = 244, .box_w = 17, .box_h = 17, .ofs_x = -1, .ofs_y = 0},
    {.bitmap_index = 26518, .adv_w = 405, .box_w = 25, .box_h = 17, .ofs_x = 1, .ofs_y = 0},
    {.bitmap_index = 26625, .adv_w = 233, .box_w = 14, .box_h = 17, .ofs_x = -1, .ofs_y = 0},
    {.bitmap_index = 26693, .adv_w = 245, .box_w = 17, .box_h = 17, .ofs_x = -1, .ofs_y = 0},
    {.bitmap_index = 26769, .adv_w = 344, .box_w = 22, .box_h = 24, .ofs_x = 0, .ofs_y = -7},
    {.bitmap_index = 26922, .adv_w = 233, .box_w = 14, .box_h = 17, .ofs_x = -1, .ofs_y = 0},
    {.bitmap_index = 26993, .adv_w = 245, .box_w = 17, .box_h = 17, .ofs_x = -1, .ofs_y = 0},
    {.bitmap_index = 27073, .adv_w = 314, .box_w = 21, .box_h = 17, .ofs_x = 0, .ofs_y = 0},
    {.bitmap_index = 27156, .adv_w = 240, .box_w = 15, .box_h = 18, .ofs_x = -1, .ofs_y = 0},
    {.bitmap_index = 27230, .adv_w = 253, .box_w = 18, .box_h = 18, .ofs_x = -1, .ofs_y = 0},
    {.bitmap_index = 27314, .adv_w = 268, .box_w = 18, .box_h = 23, .ofs_x = 0, .ofs_y = -6},
    {.bitmap_index = 27405, .adv_w = 106, .box_w = 6, .box_h = 17, .ofs_x = -1, .ofs_y = 0},
    {.bitmap_index = 27419, .adv_w = 118, .box_w = 9, .box_h = 17, .ofs_x = -1, .ofs_y = 0},
    {.bitmap_index = 27437, .adv_w = 253, .box_w = 17, .box_h = 20, .ofs_x = 0, .ofs_y = -8},
    {.bitmap_index = 27539, .adv_w = 247, .box_w = 15, .box_h = 12, .ofs_x = -1, .ofs_y = 0},
    {.bitmap_index = 27606, .adv_w = 259, .box_w = 18, .box_h = 12, .ofs_x = -1, .ofs_y = 0},
    {.bitmap_index = 27680, .adv_w = 268, .box_w = 18, .box_h = 21, .ofs_x = 0, .ofs_y = -6},
    {.bitmap_index = 27775, .adv_w = 103, .box_w = 6, .box_h = 17, .ofs_x = -1, .ofs_y = 0},
    {.bitmap_index = 27800, .adv_w = 113, .box_w = 9, .box_h = 17, .ofs_x = -1, .ofs_y = 0},
    {.bitmap_index = 27832, .adv_w = 222, .box_w = 15, .box_h = 12, .ofs_x = 0, .ofs_y = 0},
    {.bitmap_index = 27890, .adv_w = 306, .box_w = 19, .box_h = 13, .ofs_x = -1, .ofs_y = 0},
    {.bitmap_index = 27985, .adv_w = 253, .box_w = 18, .box_h = 18, .ofs_x = -1, .ofs_y = -6},
    {.bitmap_index = 28102, .adv_w = 222, .box_w = 15, .box_h = 17, .ofs_x = 0, .ofs_y = -5},
    {.bitmap_index = 28190, .adv_w = 339, .box_w = 22, .box_h = 11, .ofs_x = 0, .ofs_y = -6},
    {.bitmap_index = 28268, .adv_w = 339, .box_w = 22, .box_h = 16, .ofs_x = 0, .ofs_y = -11},
    {.bitmap_index = 28365, .adv_w = 103, .box_w = 8, .box_h = 17, .ofs_x = -1, .ofs_y = -5},
    {.bitmap_index = 28392, .adv_w = 113, .box_w = 9, .box_h = 17, .ofs_x = -1, .ofs_y = -5},
    {.bitmap_index = 28425, .adv_w = 247, .box_w = 14, .box_h = 18, .ofs_x = 0, .ofs_y = 0},
    {.bitmap_index = 28468, .adv_w = 258, .box_w = 17, .box_h = 18, .ofs_x = 0, .ofs_y = 0},
    {.bitmap_index = 28517, .adv_w = 247, .box_w = 14, .box_h = 21, .ofs_x = 0, .ofs_y = 0},
    {.bitmap_index = 28571, .adv_w = 258, .box_w = 17, .box_h = 21, .ofs_x = 0, .ofs_y = 0},
    {.bitmap_index = 28634, .adv_w = 247, .box_w = 14, .box_h = 24, .ofs_x = 0, .ofs_y = -7},
    {.bitmap_index = 28692, .adv_w = 258, .box_w = 17, .box_h = 24, .ofs_x = 0, .ofs_y = -7},
    {.bitmap_index = 28758, .adv_w = 247, .box_w = 14, .box_h = 17, .ofs_x = 0, .ofs_y = 0},
    {.bitmap_index = 28787, .adv_w = 258, .box_w = 17, .box_h = 17, .ofs_x = 0, .ofs_y = 0}
};

/*---------------------
 *  CHARACTER MAPPING
 *--------------------*/

static const uint16_t unicode_list_1[] = {
    0x0, 0x1, 0x9, 0xf, 0x13
};

static const uint16_t unicode_list_6[] = {
    0x0, 0x5, 0xd, 0xf, 0x18, 0x1f, 0x28, 0x2b,
    0x30, 0x36, 0x41, 0x45, 0x48, 0x49, 0x4a, 0x53,
    0x59, 0x5a, 0x5b, 0x77, 0x78, 0x79, 0x7a, 0x7b,
    0x7c, 0x7d, 0x7e, 0x7f, 0x80, 0xf4d8, 0xf4de, 0xf4df,
    0xf4e0, 0xf4ee, 0xf4ef, 0xf4f0, 0xf4f2, 0xf4f3, 0xf4f4, 0xf502,
    0xf503, 0xf504, 0xf510, 0xf512, 0xf514, 0xf516, 0xf517, 0xf518,
    0xf51a, 0xf51b, 0xf51c, 0xf526, 0xf52e, 0xf52f, 0xf530, 0xf532,
    0xf533, 0xf534, 0xf536, 0xf538, 0xf539, 0xf53a, 0xf53b, 0xf53c,
    0xf53d, 0xf53e, 0xf53f, 0xf540, 0xf544, 0xf545, 0xf56f, 0xf570,
    0xf584, 0xf585, 0xf586, 0xf5ca, 0xf5cb, 0xf5eb, 0xf5ec, 0xf5ee,
    0xf5ef, 0xf5f0, 0xf5f1, 0xf5f2, 0xf5f4, 0xf5f5, 0xf5f6, 0xf5f7,
    0xf5f8, 0xf5fa, 0xf5fb, 0xf5fc, 0xf5fd, 0xf5fe, 0xf600, 0xf601,
    0xf602, 0xf60d, 0xf60e, 0xf611, 0xf612, 0xf614, 0xf615, 0xf616,
    0xf618, 0xf619, 0xf61b, 0xf61d, 0xf682, 0xf683, 0xf684, 0xf685,
    0xf68c, 0xf68d, 0xf68e, 0xf68f, 0xf694, 0xf695, 0xf696, 0xf697,
    0xf69e, 0xf69f, 0xf6a0, 0xf6a1, 0xf6a8, 0xf6a9, 0xf6aa, 0xf6ab,
    0xf6b0, 0xf6b1, 0xf6b2, 0xf6b3, 0xf6c5, 0xf6c6, 0xf779
};

static const uint8_t glyph_id_ofs_list_7[] = {
    0, 0, 1, 0, 2, 0, 3, 0,
    4, 5, 6, 0, 7, 0, 8, 9,
    10, 0, 11, 0, 12, 13, 14, 0,
    15, 16, 17, 0, 18, 19, 20, 0,
    21, 22, 23, 0, 24, 25, 26, 0,
    27, 0, 28, 0, 29, 0, 30, 0,
    31, 32, 33, 0, 34, 35, 36, 0,
    37, 38, 39, 0, 40, 41, 42, 0,
    43, 44, 45, 0, 46, 47, 48, 0,
    49, 50, 51, 0, 52, 53, 54, 0,
    55, 56, 57, 0, 58, 59, 60, 0,
    61, 62, 63, 0, 64, 65, 66, 0,
    67, 68, 69, 0, 70, 71, 72, 0,
    73, 74, 75, 0, 76, 0, 77, 0,
    78, 79, 80, 81, 82, 83, 84, 85,
    86, 87, 88
};

/*Collect the unicode lists and glyph_id offsets*/
static const lv_font_fmt_txt_cmap_t cmaps[] =
{
    {
        .range_start = 32, .range_length = 95, .glyph_id_start = 1,
        .unicode_list = NULL, .glyph_id_ofs_list = NULL, .list_length = 0, .type = LV_FONT_FMT_TXT_CMAP_FORMAT0_TINY
    },
    {
        .range_start = 1548, .range_length = 20, .glyph_id_start = 96,
        .unicode_list = unicode_list_1, .glyph_id_ofs_list = NULL, .list_length = 5, .type = LV_FONT_FMT_TXT_CMAP_SPARSE_TINY
    },
    {
        .range_start = 1569, .range_length = 26, .glyph_id_start = 101,
        .unicode_list = NULL, .glyph_id_ofs_list = NULL, .list_length = 0, .type = LV_FONT_FMT_TXT_CMAP_FORMAT0_TINY
    },
    {
        .range_start = 1600, .range_length = 23, .glyph_id_start = 127,
        .unicode_list = NULL, .glyph_id_ofs_list = NULL, .list_length = 0, .type = LV_FONT_FMT_TXT_CMAP_FORMAT0_TINY
    },
    {
        .range_start = 1624, .range_length = 1, .glyph_id_start = 150,
        .unicode_list = NULL, .glyph_id_ofs_list = NULL, .list_length = 0, .type = LV_FONT_FMT_TXT_CMAP_FORMAT0_TINY
    },
    {
        .range_start = 1632, .range_length = 18, .glyph_id_start = 151,
        .unicode_list = NULL, .glyph_id_ofs_list = NULL, .list_length = 0, .type = LV_FONT_FMT_TXT_CMAP_FORMAT0_TINY
    },
    {
        .range_start = 1657, .range_length = 63354, .glyph_id_start = 169,
        .unicode_list = unicode_list_6, .glyph_id_ofs_list = NULL, .list_length = 135, .type = LV_FONT_FMT_TXT_CMAP_SPARSE_TINY
    },
    {
        .range_start = 65154, .range_length = 123, .glyph_id_start = 304,
        .unicode_list = NULL, .glyph_id_ofs_list = glyph_id_ofs_list_7, .list_length = 123, .type = LV_FONT_FMT_TXT_CMAP_FORMAT0_FULL
    }
};



/*--------------------
 *  ALL CUSTOM DATA
 *--------------------*/

#if LVGL_VERSION_MAJOR == 8
/*Store all the custom data of the font*/
static  lv_font_fmt_txt_glyph_cache_t cache;
#endif

#if LVGL_VERSION_MAJOR >= 8
static const lv_font_fmt_txt_dsc_t font_dsc = {
#else
static lv_font_fmt_txt_dsc_t font_dsc = {
#endif
    .glyph_bitmap = glyph_bitmap,
    .glyph_dsc = glyph_dsc,
    .cmaps = cmaps,
    .kern_dsc = NULL,
    .kern_scale = 0,
    .cmap_num = 8,
    .bpp = 4,
    .kern_classes = 0,
    .bitmap_format = 1,
#if LVGL_VERSION_MAJOR == 8
    .cache = &cache
#endif
};



/*-----------------
 *  PUBLIC FONT
 *----------------*/

/*Initialize a public general font descriptor*/
#if LVGL_VERSION_MAJOR >= 8
const lv_font_t translator_cairo_24 = {
#else
lv_font_t translator_cairo_24 = {
#endif
    .get_glyph_dsc = lv_font_get_glyph_dsc_fmt_txt,    /*Function pointer to get glyph's data*/
    .get_glyph_bitmap = lv_font_get_bitmap_fmt_txt,    /*Function pointer to get glyph's bitmap*/
    .line_height = 35,          /*The maximum line height required by the font*/
    .base_line = 11,             /*Baseline measured from the bottom of the line*/
#if !(LVGL_VERSION_MAJOR == 6 && LVGL_VERSION_MINOR == 0)
    .subpx = LV_FONT_SUBPX_NONE,
#endif
#if LV_VERSION_CHECK(7, 4, 0) || LVGL_VERSION_MAJOR >= 8
    .underline_position = -2,
    .underline_thickness = 1,
#endif
    .dsc = &font_dsc,          /*The custom font data. Will be accessed by `get_glyph_bitmap/dsc` */
#if LV_VERSION_CHECK(8, 2, 0) || LVGL_VERSION_MAJOR >= 9
    .fallback = NULL,
#endif
    .user_data = NULL,
};



#endif /*#if TRANSLATOR_CAIRO_24*/
