/*******************************************************************************
 * Copyright 2009 The Cairo Project Authors (https://github.com/Gue3bara/Cairo)
 * SPDX-License-Identifier: OFL-1.1
 * Derived LVGL bitmap subset; see ../OFL-1.1.txt and ../README.md.
 *
 * Size: 16 px
 * Bpp: 2
 * Opts: --size 16 --bpp 2 --format lvgl --font /tmp/Cairo-3.130.ttf -r 0x20-0x7E,0x600-0x6FF,0xFB50-0xFDFF,0xFE70-0xFEFF --lv-font-name translator_cairo_16 --no-kerning -o firmware/fonts/cairo/translator_cairo_16.c
 ******************************************************************************/

#ifdef LV_LVGL_H_INCLUDE_SIMPLE
#include "lvgl.h"
#else
#include "lvgl/lvgl.h"
#endif

#ifndef TRANSLATOR_CAIRO_16
#define TRANSLATOR_CAIRO_16 1
#endif

#if TRANSLATOR_CAIRO_16

/*-----------------
 *    BITMAPS
 *----------------*/

/*Store the image of the glyphs*/
static LV_ATTRIBUTE_LARGE_CONST const uint8_t glyph_bitmap[] = {
    /* U+0020 " " */

    /* U+0021 "!" */
    0xa0, 0x7f, 0xf0, 0x28, 0xa, 0x0,

    /* U+0022 "\"" */
    0xd5, 0x87, 0x20, 0x86,

    /* U+0023 "#" */
    0x2, 0x12, 0x1a, 0x46, 0xf, 0xfa, 0xcb, 0x8e,
    0x99, 0x71, 0xc1, 0xff, 0xc6, 0xb2, 0xe3, 0xa6,
    0x5c, 0x70, 0x7f, 0xf1, 0x80,

    /* U+0024 "$" */
    0xc, 0x87, 0xa0, 0xaf, 0x1b, 0x34, 0x75, 0x49,
    0x87, 0x61, 0x54, 0xa0, 0x30, 0x38, 0xc, 0x4c,
    0x12, 0xa4, 0x3f, 0x91, 0xab, 0x99, 0x56, 0xfa,
    0xf, 0xc0,

    /* U+0025 "%" */
    0xf, 0xf7, 0x91, 0x40, 0x57, 0x1a, 0xf, 0x4,
    0x85, 0xe0, 0x28, 0x24, 0xee, 0xd, 0x6a, 0xf,
    0xc8, 0x7d, 0x6f, 0x6, 0x55, 0x88, 0x48, 0x7c,
    0xe5, 0xa8, 0xa, 0x1f, 0x0,

    /* U+0026 "&" */
    0xa, 0xf4, 0x1e, 0x9f, 0x30, 0x73, 0x2, 0x43,
    0x9c, 0x12, 0x1d, 0x36, 0xc1, 0x9d, 0x68, 0xd0,
    0x5d, 0xb0, 0x11, 0xd, 0xb8, 0x48, 0x76, 0x1e,
    0x82, 0x87, 0x6, 0x7c, 0x72, 0x80,

    /* U+0027 "'" */
    0xd0, 0x98,

    /* U+0028 "(" */
    0x2, 0x81, 0x1, 0x13, 0x40, 0x86, 0xc2, 0x43,
    0xfe, 0x42, 0xc0, 0xa0, 0x41, 0x94,

    /* U+0029 ")" */
    0x10, 0xa0, 0xd0, 0x24, 0x3c, 0x88, 0x7f, 0xf0,
    0xd1, 0xb, 0x9, 0x82, 0x40,

    /* U+002A "*" */
    0xf, 0xe5, 0x2, 0xa4, 0x12, 0x78, 0x93, 0xc5,
    0x48, 0x65, 0x0,

    /* U+002B "+" */
    0xd, 0x87, 0xff, 0x53, 0xe3, 0xe0, 0x7c, 0x7c,
    0x1f, 0xfc, 0x70,

    /* U+002C "," */
    0x24, 0x42, 0x58,

    /* U+002D "-" */
    0xff, 0xf0,

    /* U+002E "." */
    0xd0, 0x0,

    /* U+002F "/" */
    0xf, 0xfe, 0x6, 0x1d, 0x21, 0xcc, 0x19, 0xf,
    0x50, 0x32, 0x21, 0xb4, 0x39, 0x83, 0x41, 0xe6,
    0xc, 0x88, 0x67, 0xe,

    /* U+0030 "0" */
    0x5, 0xf2, 0x14, 0xdd, 0x10, 0x32, 0x34, 0x9,
    0x9, 0x2, 0x1f, 0x21, 0xff, 0xce, 0x50, 0x84,
    0x84, 0xc8, 0xc8, 0x26, 0xea, 0x0,

    /* U+0031 "1" */
    0xc, 0x84, 0xf0, 0x2a, 0xd, 0xa1, 0x41, 0xff,
    0xdc,

    /* U+0032 "2" */
    0xbf, 0x27, 0x7a, 0x8b, 0x1, 0x30, 0xf6, 0x1f,
    0xf6, 0xa0, 0xa2, 0xa, 0x70, 0xa7, 0x9, 0x58,
    0x68, 0xfe,

    /* U+0033 "3" */
    0x2f, 0xd0, 0x3b, 0xd2, 0x85, 0x1, 0x30, 0xff,
    0xe0, 0xa4, 0xb, 0xd2, 0x15, 0xe9, 0x41, 0xca,
    0x83, 0xf9, 0x9, 0x63, 0xf4, 0xc0,

    /* U+0034 "4" */
    0xc, 0x87, 0xde, 0xf, 0xd0, 0x7a, 0xf, 0xcc,
    0x4, 0x24, 0x46, 0xb, 0x43, 0xe6, 0xf, 0x27,
    0xd1, 0xab, 0xf4, 0x68, 0x7f, 0x0,

    /* U+0035 "5" */
    0xbf, 0xa0, 0x3f, 0xa0, 0x61, 0xff, 0xc2, 0x7f,
    0x40, 0x4b, 0x98, 0xa2, 0x32, 0x1f, 0xfc, 0x2c,
    0xa, 0x2, 0xa3, 0xbd, 0x44,

    /* U+0036 "6" */
    0x3, 0xfa, 0xa, 0x7e, 0x81, 0xb0, 0x7d, 0x87,
    0xef, 0xd0, 0x75, 0xce, 0x14, 0x8e, 0x19, 0xf,
    0xd8, 0x48, 0x52, 0x86, 0x40, 0xd3, 0x98,

    /* U+0037 "7" */
    0xbf, 0xd7, 0xe4, 0x3c, 0xc1, 0x91, 0xd, 0x21,
    0x92, 0xd, 0x21, 0xe8, 0x34, 0x87, 0x30, 0x74,
    0x18,

    /* U+0038 "8" */
    0x5, 0xf4, 0x16, 0xdc, 0xe2, 0x68, 0xe0, 0x43,
    0xfd, 0x5, 0x5, 0xbf, 0x38, 0x37, 0xe7, 0x12,
    0xa, 0x10, 0xfe, 0x49, 0x18, 0x4c, 0xb8, 0xc0,

    /* U+0039 "9" */
    0x5, 0xf2, 0x14, 0xdb, 0x4, 0xe9, 0x30, 0x87,
    0x68, 0x87, 0x21, 0xa0, 0xa0, 0xb7, 0xe4, 0x37,
    0xe8, 0x3f, 0x68, 0x7a, 0x60, 0x5f, 0x30, 0x0,

    /* U+003A ":" */
    0xd0, 0x68, 0x6d, 0x0,

    /* U+003B ";" */
    0x28, 0x1a, 0x81, 0xf2, 0x8b, 0x4, 0x10,

    /* U+003C "<" */
    0xf, 0x90, 0xeb, 0xd, 0x66, 0x97, 0xd0, 0x48,
    0x7d, 0xd3, 0x43, 0x3d, 0x34, 0x33, 0xc0,

    /* U+003D "=" */
    0xff, 0xfe, 0x10, 0x7d, 0xff, 0xfc, 0x20,

    /* U+003E ">" */
    0x43, 0xde, 0x83, 0x59, 0xc1, 0xac, 0xe0, 0xd8,
    0x81, 0xe9, 0xbe, 0xb4, 0x1c, 0x84,

    /* U+003F "?" */
    0x2f, 0x90, 0x7d, 0x44, 0x40, 0x87, 0xff, 0x7,
    0x10, 0xb3, 0xa, 0x30, 0xda, 0x1c, 0xc1, 0xcc,
    0x1d, 0x86,

    /* U+0040 "@" */
    0xc, 0xdf, 0xa4, 0x3d, 0xdf, 0xeb, 0xd, 0xba,
    0x19, 0xdc, 0x11, 0x3, 0xf8, 0x84, 0x60, 0x6f,
    0x90, 0x9c, 0x8, 0x50, 0x30, 0xb4, 0x32, 0x1f,
    0xfd, 0x14, 0x32, 0x1f, 0x21, 0x40, 0x84, 0x91,
    0xc1, 0x3f, 0x53, 0x62, 0x50, 0xfc, 0xaf, 0x41,
    0x54, 0x87, 0xfc, 0xe5, 0xf9, 0xc,

    /* U+0041 "A" */
    0xb, 0xe4, 0x3e, 0x9c, 0x39, 0x1d, 0xe, 0xd1,
    0xf, 0x38, 0x48, 0x72, 0x7, 0x9, 0xd, 0xa1,
    0x67, 0xd0, 0x66, 0xfc, 0x21, 0x21, 0x98, 0x43,
    0xd0, 0x0,

    /* U+0042 "B" */
    0xbf, 0xa0, 0x9f, 0xa5, 0x7, 0x95, 0x87, 0xff,
    0x11, 0xc0, 0xfe, 0x50, 0x1f, 0xa6, 0xf, 0x32,
    0x1f, 0xfc, 0x36, 0x40, 0xfd, 0x30,

    /* U+0043 "C" */
    0x3, 0xfa, 0x3, 0x3f, 0x81, 0xb0, 0x48, 0x1c,
    0x3f, 0xfb, 0xee, 0x1f, 0x6c, 0x12, 0x6, 0x7e,
    0x80,

    /* U+0044 "D" */
    0xbf, 0x90, 0x9f, 0xaa, 0xf, 0x32, 0x1f, 0x22,
    0x1f, 0xfd, 0x74, 0x3d, 0x7, 0xca, 0x80, 0xfd,
    0x44,

    /* U+0045 "E" */
    0xbf, 0xc0, 0x7f, 0x83, 0xff, 0x9c, 0xfe, 0x9,
    0xfc, 0x1f, 0xfc, 0xf7, 0xf8,

    /* U+0046 "F" */
    0xbf, 0xc3, 0xfc, 0x1f, 0xfc, 0xa7, 0xf0, 0x1f,
    0xc1, 0xff, 0xd1,

    /* U+0047 "G" */
    0x3, 0xfd, 0x2, 0x7e, 0xb2, 0x60, 0x94, 0x38,
    0x7f, 0xf1, 0x50, 0xbe, 0x2, 0x16, 0x87, 0xec,
    0xe, 0x1f, 0x6c, 0x16, 0x6, 0x7e, 0x50,

    /* U+0048 "H" */
    0xa0, 0x76, 0x87, 0xff, 0x65, 0xfe, 0x9, 0xfe,
    0xf, 0xfe, 0xd0,

    /* U+0049 "I" */
    0xa0, 0x7f, 0xf2, 0x0,

    /* U+004A "J" */
    0x6, 0x87, 0xff, 0x6d, 0xb4, 0xb8,

    /* U+004B "K" */
    0xa0, 0x6d, 0xe, 0x84, 0x39, 0x83, 0xa5, 0x6,
    0x54, 0x13, 0xc8, 0x67, 0x90, 0xf2, 0xb0, 0xf4,
    0x21, 0xe6, 0xf, 0x44,

    /* U+004C "L" */
    0xa0, 0x7f, 0xfe, 0x5f, 0xc8,

    /* U+004D "M" */
    0xbc, 0x1c, 0xf8, 0x3f, 0xb0, 0xcb, 0x6, 0x60,
    0xdc, 0x12, 0x21, 0x90, 0xda, 0x1e, 0x50, 0x18,
    0x3d, 0xc2, 0x1f, 0x90, 0x70, 0x7e, 0x65, 0x7,
    0xed, 0xf, 0xf2, 0xa0, 0xe0,

    /* U+004E "N" */
    0xbc, 0x1b, 0x44, 0x43, 0xea, 0x7, 0xc8, 0x7f,
    0x30, 0x7d, 0x21, 0xfc, 0x87, 0xd4, 0xf, 0x91,
    0xf, 0xac, 0x3e, 0x50, 0x0,

    /* U+004F "O" */
    0xa, 0xfa, 0xd, 0x9e, 0x98, 0x13, 0x1, 0xd0,
    0x38, 0x79, 0xf, 0xce, 0x4, 0x3f, 0x90, 0xff,
    0xe1, 0xa0, 0x70, 0xf6, 0x6c, 0x7, 0x11, 0x8f,
    0x4e, 0x0,

    /* U+0050 "P" */
    0xbf, 0xa0, 0x3f, 0x4a, 0xe, 0x54, 0x1e, 0xc3,
    0xec, 0x3e, 0x61, 0xfc, 0xa1, 0xfd, 0x7, 0xff,
    0x34,

    /* U+0051 "Q" */
    0xa, 0xfa, 0xd, 0x9e, 0x98, 0x13, 0x1, 0xd0,
    0x38, 0x79, 0xf, 0xce, 0x4, 0x3f, 0x90, 0xff,
    0xe1, 0xa0, 0x70, 0xf6, 0x6c, 0x7, 0x11, 0x8f,
    0x46, 0x13, 0x7c, 0x41, 0xfa, 0x43, 0xf3, 0x80,

    /* U+0052 "R" */
    0xbf, 0xa0, 0x9f, 0xa6, 0xf, 0x32, 0x1f, 0xfc,
    0xd9, 0x3, 0xf9, 0x80, 0xfc, 0x61, 0xf3, 0x7,
    0xd0, 0x87, 0xcc, 0x0,

    /* U+0053 "S" */
    0x5, 0xf9, 0x33, 0xe9, 0x4, 0x12, 0x1f, 0xf6,
    0x87, 0x74, 0xf4, 0x13, 0xe9, 0x83, 0x99, 0xf,
    0xe4, 0x26, 0x87, 0xe9, 0x40,

    /* U+0054 "T" */
    0xff, 0xc7, 0xd1, 0xf0, 0x7f, 0xff, 0xc3, 0xe0,

    /* U+0055 "U" */
    0xa0, 0x76, 0x1f, 0xff, 0xa4, 0x1b, 0x1, 0x91,
    0x9f, 0x4c, 0x0,

    /* U+0056 "V" */
    0x70, 0xeb, 0x43, 0xca, 0x2, 0x1d, 0x8e, 0x12,
    0x26, 0x85, 0x84, 0x86, 0x50, 0x64, 0x28, 0x27,
    0x10, 0xed, 0x34, 0x32, 0x7, 0xf, 0x62, 0x0,

    /* U+0057 "W" */
    0x70, 0xde, 0xd, 0x44, 0x3f, 0xe7, 0x2, 0x19,
    0x41, 0x90, 0xe5, 0x78, 0x8, 0x4e, 0xf, 0x8,
    0x7b, 0x40, 0xb0, 0x5a, 0x4, 0x3e, 0x47, 0xe,
    0x42, 0x70, 0x21, 0x9d, 0x6, 0x87, 0x9d, 0xc0,
    0x88, 0x76, 0x88, 0x69, 0x0,

    /* U+0058 "X" */
    0x70, 0xed, 0x44, 0x14, 0xa3, 0x42, 0x60, 0x9c,
    0xd0, 0xd1, 0x10, 0x74, 0xc1, 0xe8, 0x83, 0x93,
    0x10, 0xd6, 0x50, 0x2d, 0x2, 0xa1, 0x20, 0xa5,
    0x0,

    /* U+0059 "Y" */
    0xb0, 0xec, 0x84, 0x2d, 0x5, 0x0, 0x90, 0x11,
    0x24, 0x35, 0x12, 0xc, 0x94, 0xf, 0x42, 0x1f,
    0xfd, 0xb0,

    /* U+005A "Z" */
    0x7f, 0xe7, 0xf8, 0x3e, 0x4c, 0x3a, 0x81, 0xd2,
    0x83, 0x2a, 0xe, 0xa0, 0x76, 0xa0, 0xd1, 0x7,
    0x30, 0x72, 0x5f, 0xc0,

    /* U+005B "[" */
    0xbd, 0x2b, 0x83, 0xff, 0xc2, 0xf7, 0xd0,

    /* U+005C "\\" */
    0xf, 0x9c, 0x39, 0x10, 0xe6, 0xe, 0x83, 0xe6,
    0xe, 0x90, 0xf3, 0x7, 0x68, 0x72, 0x41, 0xd2,
    0x1c, 0x88, 0x76, 0x80,

    /* U+005D "]" */
    0x7e, 0x1e, 0xc, 0x87, 0xff, 0xa1, 0xf0, 0x1f,
    0x80,

    /* U+005E "^" */
    0xc, 0x87, 0xd5, 0x7, 0x99, 0xe, 0xd6, 0x82,
    0x48, 0x90, 0xa8, 0x13, 0x80,

    /* U+005F "_" */
    0x7f, 0xca, 0xff, 0x20,

    /* U+0060 "`" */
    0x10, 0xde, 0x81, 0x79,

    /* U+0061 "a" */
    0x2f, 0xc1, 0x5f, 0x10, 0x7a, 0x42, 0xa7, 0x5,
    0x97, 0x1, 0x20, 0xe4, 0x36, 0x13, 0xf0, 0x20,

    /* U+0062 "b" */
    0xd0, 0xff, 0xe4, 0x7e, 0x42, 0xf5, 0x13, 0x2,
    0x61, 0xc8, 0x7f, 0xf0, 0x5c, 0x34, 0x25, 0xe6,
    0x0,

    /* U+0063 "c" */
    0x5, 0xf0, 0x37, 0xe0, 0xb0, 0xff, 0xe7, 0xe1,
    0xdb, 0xf2,

    /* U+0064 "d" */
    0xf, 0x68, 0x7f, 0xf1, 0xaf, 0x82, 0x9f, 0x82,
    0x60, 0xf9, 0xf, 0xfe, 0x5c, 0x4, 0x2d, 0xf8,
    0x0,

    /* U+0065 "e" */
    0x5, 0xf0, 0x51, 0xeb, 0x3, 0x1, 0x10, 0x7e,
    0xd, 0xfc, 0x81, 0xf, 0xa0, 0xf6, 0xfe, 0x0,

    /* U+0066 "f" */
    0x7, 0xc8, 0x9e, 0x4d, 0xa, 0x57, 0x89, 0x5e,
    0xf, 0xfe, 0xc8,

    /* U+0067 "g" */
    0x7, 0xf8, 0xdf, 0x2b, 0x4, 0xd, 0x9, 0x6,
    0x17, 0x79, 0xc3, 0x7c, 0x12, 0x1f, 0x27, 0xe4,
    0xef, 0x98, 0x3e, 0x4a, 0x7c, 0x40,

    /* U+0068 "h" */
    0xd0, 0xff, 0xe4, 0x7e, 0x82, 0xf4, 0xa3, 0x2,
    0x1f, 0x38, 0x7f, 0xf4, 0x0,

    /* U+0069 "i" */
    0xd9, 0x46, 0x87, 0xff, 0x8,

    /* U+006A "j" */
    0x6, 0x82, 0x40, 0x85, 0xa1, 0xff, 0xd5, 0x86,
    0x72, 0xc0,

    /* U+006B "k" */
    0xd0, 0xff, 0xe5, 0xd8, 0x65, 0x61, 0xa8, 0x15,
    0x88, 0x56, 0x21, 0xcc, 0x1d, 0x10, 0x74, 0x80,

    /* U+006C "l" */
    0xd0, 0xff, 0xe4, 0x0,

    /* U+006D "m" */
    0xef, 0xa9, 0xf2, 0x17, 0xa7, 0xea, 0x3, 0x2,
    0x19, 0xf, 0xfe, 0xa, 0x1f, 0xfe, 0x40,

    /* U+006E "n" */
    0xef, 0xa0, 0xbe, 0x51, 0x87, 0xf9, 0xc3, 0xff,
    0xa0,

    /* U+006F "o" */
    0x5, 0xf2, 0x8, 0xf5, 0x0, 0xc0, 0x48, 0x3c,
    0x87, 0xff, 0xd, 0x3, 0x1, 0x22, 0x3d, 0x40,

    /* U+0070 "p" */
    0xef, 0x90, 0xbd, 0x40, 0x60, 0x48, 0x39, 0xf,
    0xfe, 0xb, 0x98, 0x11, 0x1f, 0x50, 0x17, 0xc8,
    0x7f, 0xf0, 0xc0,

    /* U+0071 "q" */
    0x5, 0xf8, 0x13, 0xf0, 0x8c, 0x1f, 0x21, 0xff,
    0xcb, 0xc0, 0x85, 0x9f, 0x6, 0xfa, 0xf, 0xfe,
    0x30,

    /* U+0072 "r" */
    0xe, 0xdb, 0x48, 0x92, 0x88, 0x7f, 0xf3, 0x80,

    /* U+0073 "s" */
    0x1f, 0xc9, 0x4f, 0x90, 0x21, 0xee, 0x81, 0x7c,
    0x68, 0x4c, 0xe2, 0x12, 0xb, 0xe6,

    /* U+0074 "t" */
    0x2, 0x19, 0x83, 0xfa, 0x87, 0x9a, 0x1e, 0x43,
    0xff, 0xa6, 0xaf, 0x20,

    /* U+0075 "u" */
    0xd0, 0xb4, 0x3f, 0xfa, 0xec, 0x4, 0x11, 0xf0,
    0x0,

    /* U+0076 "v" */
    0x70, 0xd8, 0x86, 0x43, 0x20, 0xd0, 0x38, 0x1c,
    0x1a, 0x12, 0x4, 0x8, 0x79, 0xd0, 0xcc, 0xc0,

    /* U+0077 "w" */
    0x70, 0xac, 0x2a, 0x21, 0x90, 0xce, 0x4, 0x25,
    0x4, 0x8e, 0x2b, 0xc2, 0x16, 0x96, 0xa3, 0x40,
    0x84, 0x84, 0xe1, 0xa0, 0x98, 0x42, 0x58, 0x1a,
    0x10,

    /* U+0078 "x" */
    0x70, 0xb9, 0x50, 0x91, 0x2a, 0x81, 0x51, 0x41,
    0xfe, 0xa2, 0x81, 0x2a, 0x82, 0xa1, 0x20,

    /* U+0079 "y" */
    0x70, 0xd8, 0x86, 0x43, 0x20, 0xd0, 0x38, 0x1c,
    0x1a, 0x12, 0x4, 0xa, 0xe, 0x7c, 0x1a, 0x8a,
    0xc, 0xc1, 0xf6, 0x87, 0x98, 0x20,

    /* U+007A "z" */
    0x7f, 0xa7, 0xe8, 0xc3, 0x4a, 0xa, 0x20, 0xa7,
    0x9, 0x50, 0x69, 0x41, 0x23, 0xf4,

    /* U+007B "{" */
    0xa, 0xc2, 0xcc, 0x36, 0x1c, 0x87, 0x21, 0xc8,
    0x1d, 0xe, 0xc2, 0x78, 0x3c, 0x87, 0x21, 0xff,
    0x41, 0xb7, 0xd, 0xe0,

    /* U+007C "|" */
    0xd0, 0xff, 0xe7, 0x0,

    /* U+007D "}" */
    0x74, 0x26, 0x88, 0x4a, 0xc3, 0xff, 0x95, 0x30,
    0x65, 0x5, 0x38, 0x64, 0x3f, 0xf8, 0x8e, 0x7,
    0x50, 0x1e, 0x8,

    /* U+007E "~" */
    0x7c, 0x81, 0xe9, 0xfa, 0x55, 0xe8,

    /* U+060C "،" */
    0x4, 0x20, 0xb0, 0x80,

    /* U+060D "؍" */
    0x24, 0x42, 0x58,

    /* U+0615 "ؕ" */
    0xf, 0x79, 0xb, 0x84, 0xc0,

    /* U+061B "؛" */
    0x30, 0xd0, 0x51, 0x21, 0xf5, 0x3, 0x0,

    /* U+061F "؟" */
    0x1f, 0xc9, 0x3e, 0x94, 0x40, 0x43, 0xf2, 0xb0,
    0xe9, 0xc3, 0xa2, 0xe, 0x83, 0xcc, 0x1d, 0x40,
    0xfe,

    /* U+0621 "ء" */
    0xa, 0xf4, 0x1b, 0x6f, 0x4, 0x9a, 0x21, 0x68,
    0x7e, 0x43, 0xec, 0x43, 0x98, 0xbf, 0x0,

    /* U+0622 "آ" */
    0x6e, 0x1b, 0x83, 0xe7, 0xf, 0xff, 0x40,

    /* U+0623 "أ" */
    0x1d, 0x2d, 0x47, 0x3e, 0x87, 0xf, 0xfe, 0xe8,

    /* U+0624 "ؤ" */
    0x9, 0xd0, 0xeb, 0x43, 0xde, 0xe, 0xf8, 0x35,
    0xf9, 0x33, 0xe3, 0x4, 0x12, 0x21, 0xff, 0xc3,
    0x43, 0xfa, 0x9, 0x6, 0x7c, 0x1a, 0xf8, 0xc3,
    0x91, 0x2f, 0xa8, 0xb, 0xf2, 0x0,

    /* U+0625 "إ" */
    0x1c, 0x3f, 0xfb, 0xce, 0x7, 0x4b, 0x51, 0xc0,

    /* U+0626 "ئ" */
    0xf, 0x9f, 0xd0, 0x2c, 0x26, 0x9e, 0xb1, 0x30,
    0xa8, 0x81, 0x44, 0xe8, 0x58, 0x7b, 0xe4, 0x13,
    0x7, 0xb0, 0xcc, 0x7a, 0xf, 0xe6, 0xe6, 0x10,
    0xfe, 0x74, 0x3f, 0xf8, 0x4a, 0xf, 0xfe, 0x2,
    0x3a, 0x1f, 0x68, 0x2a, 0xff, 0x98, 0x27, 0xff,
    0x40,

    /* U+0627 "ا" */
    0x70, 0xff, 0xe4, 0x0,

    /* U+0628 "ب" */
    0xf, 0xf6, 0x87, 0xff, 0x7, 0xf, 0xf2, 0x1f,
    0xfc, 0xb4, 0x3f, 0xf8, 0x3a, 0x1f, 0xdb, 0x7f,
    0x83, 0x5f, 0xf9, 0xf, 0xfe, 0x2d, 0x3, 0xfd,
    0x40, 0xe0,

    /* U+0629 "ة" */
    0xf, 0xfe, 0x6, 0x68, 0x74, 0x48, 0x72, 0x21,
    0xd7, 0xd0, 0x53, 0x78, 0xc0, 0xe8, 0x21, 0x41,
    0xe7, 0xf, 0xfe, 0x8f, 0xf2, 0x0,

    /* U+062A "ت" */
    0xf, 0xfe, 0x25, 0x60, 0xfd, 0x58, 0x12, 0x1f,
    0xe4, 0x18, 0x7f, 0x90, 0xff, 0xe5, 0xa1, 0xff,
    0xc1, 0xd0, 0xfe, 0xdb, 0xfc, 0x0,

    /* U+062B "ث" */
    0xe, 0xa0, 0x7f, 0xbc, 0x1f, 0xd7, 0xa0, 0xfd,
    0x58, 0x12, 0x1f, 0xe4, 0x18, 0x7f, 0x90, 0xff,
    0xe5, 0xa1, 0xff, 0xc1, 0xd0, 0xfe, 0xdb, 0xfc,
    0x0,

    /* U+062C "ج" */
    0x1f, 0xd0, 0x4d, 0xe9, 0xc2, 0x40, 0xe1, 0xfe,
    0x43, 0xff, 0xa3, 0xfc, 0x16, 0xff, 0x28, 0x81,
    0x21, 0xf4, 0x81, 0x20, 0xfb, 0x7e, 0xe, 0xfc,
    0x10,

    /* U+062D "ح" */
    0x1f, 0xd0, 0x4d, 0xe9, 0xc2, 0x40, 0xe1, 0xfe,
    0x43, 0xff, 0xa3, 0xfc, 0x16, 0xff, 0x28, 0x83,
    0xff, 0x86, 0x90, 0x7d, 0xbf, 0x83, 0x7f, 0x0,

    /* U+062E "خ" */
    0xf, 0xfe, 0xe, 0x1f, 0xa0, 0xe7, 0xd7, 0x4,
    0xde, 0x9c, 0x24, 0xe, 0x1f, 0xe4, 0x3f, 0xfa,
    0x3f, 0xc1, 0x6f, 0xf2, 0x88, 0x3f, 0xf8, 0x69,
    0x7, 0xdb, 0xf8, 0x37, 0xf0, 0x0,

    /* U+062F "د" */
    0x2f, 0x41, 0x5e, 0x30, 0xe9, 0x83, 0xb4, 0x3f,
    0xf8, 0xf8, 0xfe, 0x40,

    /* U+0630 "ذ" */
    0xf, 0xec, 0x3d, 0x7, 0x90, 0xeb, 0xd0, 0x57,
    0x8c, 0x3a, 0x60, 0xed, 0xf, 0xfe, 0x3e, 0x3f,
    0x90,

    /* U+0631 "ر" */
    0x9, 0xd, 0x7, 0xff, 0x69, 0xd, 0xa5, 0xb1,
    0x78, 0x0,

    /* U+0632 "ز" */
    0xf, 0xd8, 0x68, 0x3f, 0xa0, 0xff, 0xed, 0x21,
    0xb4, 0xb6, 0x2f, 0x0,

    /* U+0633 "س" */
    0xf, 0xfe, 0x23, 0x7, 0xf2, 0x13, 0x84, 0x87,
    0xf4, 0x87, 0x90, 0x90, 0xff, 0xe3, 0x48, 0x7f,
    0xf1, 0x90, 0xff, 0xe6, 0xe0, 0x83, 0xc8, 0x7e,
    0x7c, 0xf, 0x83, 0xfe, 0xbf, 0xf0, 0x87, 0xff,
    0x1d, 0xd0, 0xb1, 0xf, 0xf5, 0x5f, 0x38, 0x7f,
    0xf0, 0x1f, 0xd0, 0x7f, 0xc0,

    /* U+0634 "ش" */
    0xf, 0xfe, 0x9b, 0x87, 0xff, 0x15, 0x83, 0xff,
    0x89, 0x43, 0xf, 0xfe, 0x1d, 0x18, 0x3f, 0xf8,
    0xc8, 0x7f, 0xf1, 0x50, 0x38, 0x7f, 0x28, 0xc,
    0x4, 0x3f, 0xd0, 0x7f, 0xc8, 0x7f, 0xf1, 0xa4,
    0x3f, 0xf8, 0xc8, 0x7f, 0xf3, 0x70, 0x41, 0xe4,
    0x3f, 0x3e, 0x7, 0xc1, 0xff, 0x5f, 0xf8, 0x43,
    0xff, 0x8e, 0xe8, 0x58, 0x87, 0xfa, 0xaf, 0x9c,
    0x3f, 0xf8, 0xf, 0xe8, 0x3f, 0xe0,

    /* U+0635 "ص" */
    0xf, 0xda, 0xb, 0xd0, 0x7f, 0xf0, 0x1c, 0xb3,
    0xf, 0xf5, 0x39, 0x26, 0x10, 0xfd, 0x87, 0x69,
    0x21, 0xe4, 0x3f, 0xc8, 0x7b, 0xf, 0xfe, 0x2e,
    0x1e, 0xc4, 0x3f, 0x3f, 0xe4, 0x3f, 0xd7, 0xfe,
    0x43, 0xff, 0x8c, 0xe8, 0x58, 0x87, 0xf5, 0x5f,
    0x38, 0x7f, 0xcf, 0xe8, 0x3f, 0xc0,

    /* U+0636 "ض" */
    0xf, 0xfe, 0x93, 0x87, 0xff, 0x11, 0x83, 0xff,
    0x8a, 0x87, 0xff, 0x3, 0x41, 0x7a, 0xf, 0xfe,
    0x3, 0x96, 0x61, 0xfe, 0xa7, 0x24, 0xc2, 0x1f,
    0xb0, 0xed, 0x24, 0x3c, 0x87, 0xf9, 0xf, 0x61,
    0xff, 0xc5, 0xc3, 0xd8, 0x87, 0xe7, 0xfc, 0x87,
    0xfa, 0xff, 0xc8, 0x7f, 0xf1, 0x9d, 0xb, 0x10,
    0xfe, 0xab, 0xe7, 0xf, 0xf9, 0xfd, 0x7, 0xf8,

    /* U+0637 "ط" */
    0x28, 0x1f, 0xfd, 0xab, 0xe4, 0x3d, 0x97, 0x44,
    0x27, 0xa2, 0x2b, 0xd, 0x21, 0xb4, 0x32, 0x1c,
    0x86, 0x43, 0xfc, 0xa0, 0xf2, 0x8, 0x1f, 0xe8,
    0x0,

    /* U+0638 "ظ" */
    0xf, 0xfe, 0xd, 0x0, 0xe1, 0xfe, 0x60, 0xff,
    0x90, 0xff, 0x5f, 0x21, 0xec, 0xba, 0x21, 0x3d,
    0x11, 0x58, 0x69, 0xd, 0xa1, 0x90, 0xe4, 0x32,
    0x1f, 0xe5, 0x7, 0x90, 0x40, 0xff, 0x40,

    /* U+0639 "ع" */
    0xa, 0xf8, 0x29, 0xb8, 0xa, 0xd1, 0x6, 0x87,
    0xff, 0x2a, 0x50, 0x7d, 0x7d, 0x1b, 0xfa, 0x48,
    0x3f, 0xf8, 0x29, 0x7, 0xb7, 0xf0, 0x5f, 0xc0,

    /* U+063A "غ" */
    0xf, 0xfe, 0x6, 0x87, 0xb4, 0x3f, 0xf8, 0x37,
    0xc1, 0x4d, 0xc0, 0x56, 0x88, 0x34, 0x3f, 0xf9,
    0x52, 0x83, 0xeb, 0xe8, 0xdf, 0xd2, 0x41, 0xff,
    0xc1, 0x48, 0x3d, 0xbf, 0x82, 0xfe, 0x0,

    /* U+0640 "ـ" */
    0xf, 0x3f, 0x90,

    /* U+0641 "ف" */
    0xf, 0xfe, 0x7d, 0x3, 0xff, 0x85, 0x40, 0xff,
    0xe8, 0x3f, 0xc1, 0xfe, 0xa7, 0xa0, 0xb4, 0x3a,
    0x50, 0x10, 0xc8, 0x7f, 0xf4, 0xd0, 0xff, 0xe1,
    0x32, 0x1b, 0x64, 0x3a, 0xaf, 0xd0, 0xde, 0x0,

    /* U+0642 "ق" */
    0xf, 0xfe, 0x4e, 0x68, 0x7f, 0x44, 0x87, 0xf2,
    0x21, 0xfd, 0x7e, 0x83, 0xd9, 0xf0, 0x7f, 0x41,
    0x21, 0xe4, 0x3f, 0x68, 0x7f, 0xf0, 0xd0, 0xfe,
    0x43, 0x41, 0xff, 0x67, 0xc8, 0x87, 0xaf, 0x91,
    0xf, 0xf3, 0x83, 0xf, 0xa1, 0x37, 0xfe, 0x70,
    0xaf, 0xfc, 0x0,

    /* U+0643 "ك" */
    0xf, 0xf6, 0x87, 0xff, 0x46, 0xc3, 0xfc, 0xe1,
    0xe8, 0x11, 0xa1, 0xc8, 0x2f, 0x21, 0x90, 0xff,
    0xe5, 0xa6, 0x87, 0xf6, 0xdf, 0xe0, 0x0,

    /* U+0644 "ل" */
    0xf, 0xda, 0x1f, 0xff, 0x1d, 0xf, 0xe4, 0x3f,
    0xf8, 0xa8, 0x7f, 0xf1, 0xd0, 0xff, 0x3a, 0x14,
    0x25, 0x5f, 0x18, 0x4f, 0xe8, 0x0,

    /* U+0645 "م" */
    0x5, 0xf4, 0x12, 0xaf, 0x18, 0x64, 0x13, 0x7,
    0xda, 0x1f, 0xfc, 0xdc, 0x37, 0xe4, 0x13, 0xfe,
    0x48, 0x3f, 0xf9, 0x88, 0x7f, 0x41, 0xf0,

    /* U+0646 "ن" */
    0xf, 0xfe, 0x15, 0x3, 0xf5, 0x1, 0xa1, 0xff,
    0xc9, 0x43, 0xfa, 0x43, 0xf9, 0xf, 0xfe, 0x2a,
    0x1f, 0xfc, 0x74, 0x3f, 0xce, 0x85, 0x89, 0x57,
    0xce, 0x13, 0xfa, 0x0,

    /* U+0647 "ه" */
    0x5, 0xf4, 0x14, 0xde, 0x30, 0x3a, 0x8, 0x50,
    0x79, 0xc3, 0xff, 0xa3, 0xfc, 0x80,

    /* U+0648 "و" */
    0x5, 0xf9, 0x33, 0xe3, 0x4, 0x12, 0x21, 0xff,
    0xc3, 0x43, 0xfa, 0x9, 0x6, 0x7c, 0x1a, 0xf8,
    0xc3, 0x91, 0x2f, 0xa8, 0xb, 0xf2, 0x0,

    /* U+0649 "ى" */
    0xf, 0x9f, 0xd0, 0x7c, 0xd3, 0xd6, 0x1f, 0x51,
    0x2, 0x83, 0xf6, 0x1f, 0xfc, 0x9, 0x83, 0xd8,
    0x66, 0x3d, 0x7, 0xf3, 0x73, 0x8, 0x7f, 0x3a,
    0x1f, 0xfc, 0x25, 0x7, 0xff, 0x1, 0x1d, 0xf,
    0xb4, 0x15, 0x7f, 0xcc, 0x13, 0xff, 0xa0, 0x0,

    /* U+064A "ي" */
    0xf, 0x9f, 0xd0, 0x7c, 0xd3, 0xd6, 0x1f, 0x51,
    0x2, 0x83, 0xf6, 0x1f, 0xfc, 0x9, 0x83, 0xd8,
    0x66, 0x3d, 0x7, 0xf3, 0x73, 0x8, 0x7f, 0x3a,
    0x1f, 0xfc, 0x25, 0x7, 0xff, 0x1, 0x1d, 0xf,
    0xb4, 0x15, 0x7f, 0xcc, 0x13, 0xff, 0xa0, 0xff,
    0xe4, 0xf5, 0x7, 0xfb, 0xa8, 0x38,

    /* U+064B "ً" */
    0x68, 0x86,

    /* U+064C "ٌ" */
    0x3, 0x9, 0xe0, 0x6c, 0x0,

    /* U+064D "ٍ" */
    0x68, 0x86,

    /* U+064E "َ" */
    0x68, 0x80,

    /* U+064F "ُ" */
    0x18, 0x1d, 0x15, 0x0,

    /* U+0650 "ِ" */
    0x68, 0x80,

    /* U+0651 "ّ" */
    0x10, 0x27, 0x9c, 0xdf, 0x0,

    /* U+0652 "ْ" */
    0x67, 0xbd, 0x60,

    /* U+0653 "ٓ" */
    0x20, 0x93, 0x86, 0xe0,

    /* U+0654 "ٔ" */
    0x2c, 0x4c, 0xdd,

    /* U+0655 "ٕ" */
    0x2c, 0x4c, 0xdd,

    /* U+0656 "ٖ" */
    0x20,

    /* U+0658 "٘" */
    0xd, 0xa, 0xa6, 0x80,

    /* U+0660 "٠" */
    0x57, 0x80,

    /* U+0661 "١" */
    0x20, 0x21, 0xff, 0xd0,

    /* U+0662 "٢" */
    0x3f, 0xc0, 0xbf, 0x1, 0xf, 0xff, 0x80,

    /* U+0663 "٣" */
    0x20, 0x20, 0x50, 0x82, 0x4f, 0x7, 0xff, 0x35,
    0xb, 0xc5, 0x90, 0x3f, 0xc1, 0xff, 0xd9,

    /* U+0664 "٤" */
    0x5, 0xf0, 0x26, 0xe0, 0x3a, 0x21, 0xfe, 0x83,
    0xb7, 0xc8, 0x32, 0xd0, 0xb4, 0x3f, 0xf8, 0x18,
    0x10, 0x6f, 0xa0,

    /* U+0665 "٥" */
    0x3, 0xe8, 0x33, 0x39, 0x85, 0x31, 0x30, 0x90,
    0x52, 0x68, 0x79, 0x58, 0x73, 0x87, 0xfb, 0xf,
    0xa4, 0x39, 0xd3, 0x47, 0x51, 0xb7, 0x50,

    /* U+0666 "٦" */
    0x7f, 0x9f, 0x90, 0xec, 0x3f, 0xfc, 0xa0,

    /* U+0667 "٧" */
    0x10, 0xf2, 0x8, 0x3d, 0x5, 0x6, 0x90, 0x48,
    0x67, 0x2, 0x1e, 0x43, 0x20, 0x90, 0xd4, 0x3,
    0x86, 0x43, 0x21, 0xe6, 0x43, 0xd4, 0x70, 0xf2,
    0x4, 0x20,

    /* U+0668 "٨" */
    0xd, 0xe0, 0xf9, 0x2, 0x1e, 0xe7, 0xf, 0x2a,
    0x43, 0x90, 0xc8, 0x6d, 0x3, 0x86, 0x60, 0x68,
    0x48, 0x64, 0x41, 0xa1, 0x9c, 0xe, 0x1b, 0x44,
    0x43, 0x20,

    /* U+0669 "٩" */
    0x5, 0xf4, 0x65, 0xa4, 0x48, 0x64, 0x3f, 0xf8,
    0x12, 0x83, 0xa9, 0xe4, 0xf, 0xc8, 0x7f, 0xf2,
    0x80,

    /* U+066A "٪" */
    0xf, 0xfa, 0x4b, 0x2, 0x8e, 0x2, 0x5, 0xe,
    0x1d, 0xa1, 0xc8, 0x72, 0x83, 0xb8, 0x82, 0x40,
    0xa0, 0x20, 0xd1, 0xc3, 0x0,

    /* U+066B "٫" */
    0x24, 0x42, 0x58,

    /* U+066C "٬" */
    0x20, 0xce, 0x0,

    /* U+066D "٭" */
    0xf, 0xe5, 0x2, 0xa4, 0x12, 0x78, 0x93, 0xc5,
    0x48, 0x65, 0x0,

    /* U+066E "ٮ" */
    0xf, 0xf6, 0x87, 0xff, 0x7, 0xf, 0xf2, 0x1f,
    0xfc, 0xb4, 0x3f, 0xf8, 0x3a, 0x1f, 0xdb, 0x7f,
    0x80,

    /* U+066F "ٯ" */
    0xf, 0xaf, 0xd0, 0x7b, 0x3e, 0xf, 0xe8, 0x24,
    0x3c, 0x87, 0xed, 0xf, 0xfe, 0x1a, 0x1f, 0xc8,
    0x68, 0x3f, 0xec, 0xf9, 0x10, 0xf5, 0xf2, 0x21,
    0xfe, 0x70, 0x61, 0xf4, 0x26, 0xff, 0xce, 0x15,
    0xff, 0x80,

    /* U+0670 "ٰ" */
    0x20,

    /* U+0671 "ٱ" */
    0x2d, 0x3, 0xc4, 0x60, 0xbe, 0x3, 0x87, 0xff,
    0xa0,

    /* U+0679 "ٹ" */
    0xc, 0xa0, 0xff, 0x76, 0x87, 0xe4, 0x10, 0x7e,
    0xfc, 0xd, 0x10, 0xff, 0xa0, 0xff, 0x21, 0xff,
    0xcb, 0x43, 0xff, 0x80, 0xe8, 0x7f, 0x55, 0xfe,
    0x0,

    /* U+067E "پ" */
    0xf, 0xf6, 0x87, 0xff, 0x7, 0xf, 0xf2, 0x1f,
    0xfc, 0xb4, 0x3f, 0xf8, 0x3a, 0x1f, 0xdb, 0x7f,
    0x83, 0x5f, 0xf9, 0xf, 0xfe, 0x25, 0x60, 0xfd,
    0x58, 0x3f, 0xa8, 0x1f, 0xea, 0x7, 0x0,

    /* U+0686 "چ" */
    0x1f, 0xd0, 0x4d, 0xe9, 0xc2, 0x40, 0xe1, 0xfe,
    0x43, 0xff, 0xa3, 0xfc, 0x16, 0xff, 0x28, 0x85,
    0x41, 0xe7, 0x80, 0x90, 0x20, 0xdb, 0xf0, 0x77,
    0xe0, 0x80,

    /* U+0688 "ڈ" */
    0xf, 0xec, 0x3e, 0xe0, 0x90, 0x21, 0x3f, 0x5,
    0x7a, 0xa, 0xf1, 0x87, 0x4c, 0x1d, 0xa1, 0xff,
    0xc7, 0xc7, 0xf2, 0x0,

    /* U+0691 "ڑ" */
    0x6, 0x1e, 0xf0, 0x10, 0x91, 0xf9, 0xa, 0xe,
    0x43, 0xff, 0xc4, 0x87, 0x68, 0x2d, 0x81, 0x78,
    0x20,

    /* U+0698 "ژ" */
    0xf, 0xec, 0x3a, 0x9, 0xdc, 0xc, 0x41, 0x2c,
    0x1a, 0xf, 0xff, 0x12, 0x1d, 0xa0, 0xb6, 0x5,
    0xe0, 0x80,

    /* U+06A1 "ڡ" */
    0xf, 0xe7, 0xf8, 0x3f, 0xd4, 0xf4, 0x16, 0x87,
    0x4a, 0x2, 0x19, 0xf, 0xfe, 0x9a, 0x1f, 0xfc,
    0x26, 0x43, 0x6c, 0x87, 0x55, 0xfa, 0x1b, 0xc0,

    /* U+06A4 "ڤ" */
    0xf, 0xfe, 0x7d, 0x3, 0xff, 0x85, 0x40, 0xff,
    0xe0, 0xd1, 0xc3, 0xff, 0x81, 0x47, 0xf, 0xfe,
    0x7b, 0xfc, 0x1f, 0xea, 0x7a, 0xb, 0x43, 0xa5,
    0x1, 0xc, 0x87, 0xff, 0x4d, 0xf, 0xfe, 0x13,
    0x21, 0xb6, 0x43, 0xaa, 0xfd, 0xd, 0xe0, 0x0,

    /* U+06A9 "ک" */
    0xf, 0xfe, 0x2d, 0x87, 0xf9, 0x83, 0xfa, 0x50,
    0x7f, 0x30, 0x7f, 0xdf, 0xa0, 0xb0, 0x7f, 0x18,
    0x7f, 0xa0, 0x21, 0xfe, 0x43, 0xff, 0x80, 0x9a,
    0x1f, 0xdb, 0x7f, 0x80,

    /* U+06AF "گ" */
    0xf, 0xfe, 0x24, 0x87, 0xf9, 0xf0, 0x7e, 0xa3,
    0x7, 0xf6, 0xa0, 0xfd, 0x30, 0x7f, 0xdf, 0xa0,
    0xb0, 0x7f, 0x18, 0x7f, 0xa0, 0x21, 0xfe, 0x43,
    0xff, 0x80, 0x9a, 0x1f, 0xdb, 0x7f, 0x80,

    /* U+06BA "ں" */
    0xf, 0xd2, 0x1f, 0x90, 0xff, 0xe5, 0x68, 0x7f,
    0x21, 0xff, 0xc5, 0x43, 0xff, 0x8e, 0x87, 0xf9,
    0xd0, 0xb1, 0x2a, 0xf9, 0xc2, 0x7f, 0x40,

    /* U+06BE "ھ" */
    0x3, 0x7e, 0x43, 0xbd, 0x7a, 0x98, 0x69, 0x40,
    0x72, 0xf, 0xf6, 0x86, 0xbc, 0x86, 0x41, 0x9d,
    0x10, 0xfa, 0x15, 0x87, 0x21, 0xfe, 0x63, 0xe5,
    0x78, 0x0,

    /* U+06C1 "ہ" */
    0x5, 0xf4, 0x14, 0xde, 0x30, 0x3a, 0x8, 0x50,
    0x79, 0xc3, 0xff, 0xa3, 0xfc, 0x80,

    /* U+06C2 "ۂ" */
    0xd, 0xc1, 0xea, 0x83, 0xcd, 0x87, 0xbe, 0xe,
    0xbe, 0x82, 0x9b, 0xc6, 0x7, 0x41, 0xa, 0xf,
    0x38, 0x7f, 0xf4, 0x7f, 0x90,

    /* U+06C3 "ۃ" */
    0xf, 0xfe, 0x6, 0x68, 0x74, 0x48, 0x72, 0x21,
    0xd7, 0xd0, 0x53, 0x78, 0xc0, 0xe8, 0x21, 0x41,
    0xe7, 0xf, 0xfe, 0x8f, 0xf2, 0x0,

    /* U+06CC "ی" */
    0xf, 0x9f, 0xd0, 0x7c, 0xd3, 0xd6, 0x1f, 0x51,
    0x2, 0x83, 0xf6, 0x1f, 0xfc, 0x9, 0x83, 0xd8,
    0x66, 0x3d, 0x7, 0xf3, 0x73, 0x8, 0x7f, 0x3a,
    0x1f, 0xfc, 0x25, 0x7, 0xff, 0x1, 0x1d, 0xf,
    0xb4, 0x15, 0x7f, 0xcc, 0x13, 0xff, 0xa0, 0x0,

    /* U+06D2 "ے" */
    0xf, 0xf2, 0x1f, 0xcc, 0x1f, 0xfc, 0x8d, 0xf,
    0xca, 0xcf, 0xfa, 0x8a, 0x3f, 0xe4, 0x44, 0x3f,
    0xa9, 0xfe, 0x80, 0xff, 0xd0,

    /* U+06D3 "ۓ" */
    0x1d, 0xe, 0x72, 0xd0, 0xf9, 0x38, 0x3e, 0x7d,
    0x7, 0x68, 0x7e, 0x54, 0x7f, 0xe8, 0x4f, 0xf4,
    0x88, 0x87, 0xf5, 0x3f, 0xd0, 0x1f, 0xfa, 0x0,

    /* U+06D4 "۔" */
    0xfa, 0x9,

    /* U+06F0 "۰" */
    0x57, 0x80,

    /* U+06F1 "۱" */
    0x20, 0x21, 0xff, 0xd0,

    /* U+06F2 "۲" */
    0x3f, 0xc0, 0xbf, 0x1, 0xf, 0xff, 0x80,

    /* U+06F3 "۳" */
    0x20, 0x20, 0x50, 0x82, 0x4f, 0x7, 0xff, 0x35,
    0xb, 0xc5, 0x90, 0x3f, 0xc1, 0xff, 0xd9,

    /* U+06F4 "۴" */
    0x30, 0xf9, 0xa, 0xe7, 0xa, 0xf4, 0x4, 0x58,
    0x3d, 0x8, 0xc8, 0x12, 0xe6, 0x5, 0xfa, 0xf,
    0xfe, 0xc8,

    /* U+06F5 "۵" */
    0xf, 0xda, 0x1d, 0x50, 0x65, 0xa0, 0x95, 0x28,
    0x16, 0xd0, 0x90, 0x20, 0x70, 0x94, 0x16, 0x13,
    0xc2, 0x89, 0x39, 0x40,

    /* U+06F6 "۶" */
    0x1f, 0x95, 0x4e, 0x68, 0x88, 0x7c, 0xc1, 0xa7,
    0xe0, 0xce, 0x7, 0x81, 0x21, 0x9c, 0x3f, 0xc0,

    /* U+06F7 "۷" */
    0x10, 0xf2, 0x8, 0x3d, 0x5, 0x6, 0x90, 0x48,
    0x67, 0x2, 0x1e, 0x43, 0x20, 0x90, 0xd4, 0x3,
    0x86, 0x43, 0x21, 0xe6, 0x43, 0xd4, 0x70, 0xf2,
    0x4, 0x20,

    /* U+06F8 "۸" */
    0xd, 0xe0, 0xf9, 0x2, 0x1e, 0xe7, 0xf, 0x2a,
    0x43, 0x90, 0xc8, 0x6d, 0x3, 0x86, 0x60, 0x68,
    0x48, 0x64, 0x41, 0xa1, 0x9c, 0xe, 0x1b, 0x44,
    0x43, 0x20,

    /* U+06F9 "۹" */
    0x5, 0xf4, 0x65, 0xa4, 0x48, 0x64, 0x3f, 0xf8,
    0x12, 0x83, 0xa9, 0xe4, 0xf, 0xc8, 0x7f, 0xf2,
    0x80,

    /* U+FB51 "ﭑ" */
    0x2d, 0x9, 0xe0, 0x46, 0x15, 0xf0, 0x4e, 0x1f,
    0xff, 0xf, 0x0,

    /* U+FB57 "ﭗ" */
    0xf, 0xf6, 0x87, 0xff, 0x17, 0xf, 0xfe, 0x2,
    0x1f, 0xfc, 0xf4, 0x3f, 0xf8, 0x7a, 0x1f, 0xf6,
    0xdf, 0xe2, 0xd0, 0x5f, 0xfe, 0x43, 0xff, 0x8d,
    0x58, 0x3f, 0xd5, 0x83, 0xfe, 0xa0, 0x7f, 0xf0,
    0x28, 0x1f, 0x0,

    /* U+FB58 "ﭘ" */
    0x3, 0x87, 0xff, 0x69, 0xe0, 0x9f, 0x83, 0xf9,
    0xcc, 0xc, 0x41, 0x3a, 0x1b, 0x0,

    /* U+FB59 "ﭙ" */
    0x3, 0x87, 0xff, 0x85, 0xe3, 0xc3, 0xfc, 0x7,
    0x30, 0x98, 0x83, 0x3a, 0x1d, 0x84,

    /* U+FB67 "ﭧ" */
    0xc, 0xa0, 0xff, 0xe0, 0x76, 0x87, 0xf9, 0x4,
    0x1f, 0xef, 0xc0, 0xd0, 0x90, 0xff, 0xe0, 0xc1,
    0xff, 0xc0, 0x43, 0xff, 0x9e, 0x87, 0xff, 0x9,
    0xd0, 0xff, 0xaa, 0xff, 0x16, 0x80,

    /* U+FB68 "ﭨ" */
    0xf, 0xd8, 0x7b, 0x80, 0x81, 0x3, 0xf0, 0x68,
    0x32, 0x83, 0xff, 0xa8, 0xf0, 0x40,

    /* U+FB69 "ﭩ" */
    0xf, 0xec, 0x3e, 0xe0, 0x90, 0x21, 0x3f, 0x7,
    0x41, 0xca, 0xf, 0xfe, 0xd3, 0xc7, 0x80,

    /* U+FB6B "ﭫ" */
    0xf, 0xfe, 0x8d, 0x3, 0xff, 0x89, 0x40, 0xff,
    0xe1, 0xd1, 0xc3, 0xff, 0x85, 0x47, 0xf, 0xfe,
    0x9b, 0xfc, 0x1f, 0xfc, 0xa, 0x7a, 0xe, 0xd0,
    0xe9, 0x40, 0x43, 0xc8, 0x7f, 0xf5, 0xd0, 0xff,
    0xe2, 0x32, 0x1b, 0x64, 0x24, 0x2a, 0xbf, 0x43,
    0x78, 0xb0,

    /* U+FB6C "ﭬ" */
    0xf, 0xfe, 0x26, 0x1f, 0xd0, 0x7c, 0xee, 0x1e,
    0x62, 0xf, 0x91, 0xf, 0x5f, 0x90, 0xb3, 0xe3,
    0xd, 0x7, 0xc8, 0x7f, 0xf4, 0x52, 0x43, 0x3e,
    0x1b, 0xc0,

    /* U+FB6D "ﭭ" */
    0xf, 0xfe, 0x36, 0x1f, 0xf4, 0x1f, 0xce, 0xe1,
    0xf9, 0x88, 0x3f, 0x91, 0xf, 0xd7, 0xe4, 0x3b,
    0x3e, 0x30, 0xf4, 0x1f, 0xc8, 0x7f, 0xf5, 0xd2,
    0x43, 0xcf, 0x86, 0xf0, 0xf0,

    /* U+FB7B "ﭻ" */
    0x1f, 0xd0, 0x73, 0x7a, 0x70, 0xe4, 0xe, 0x1f,
    0xfc, 0x4, 0x3f, 0xfb, 0x3f, 0xc5, 0xa6, 0xff,
    0xca, 0x21, 0x50, 0x7e, 0x78, 0x32, 0x40, 0x83,
    0xdb, 0xf0, 0x7d, 0xf8, 0x38,

    /* U+FB7C "ﭼ" */
    0x5, 0xf9, 0xb, 0xbd, 0x44, 0xa, 0x3, 0x40,
    0xff, 0xec, 0x3f, 0xe8, 0x7f, 0xf0, 0x7f, 0xf0,
    0x2b, 0x7, 0x56, 0xf, 0x50, 0x3e, 0xa0, 0x40,

    /* U+FB7D "ﭽ" */
    0x5, 0xf9, 0xe, 0xef, 0x51, 0xc, 0xa0, 0x34,
    0xf, 0xff, 0x13, 0xfe, 0x8f, 0x3f, 0xfe, 0xf,
    0xfe, 0x15, 0x60, 0xfa, 0xb0, 0x7e, 0xa0, 0x7f,
    0x50, 0x38,

    /* U+FB89 "ﮉ" */
    0xf, 0xfb, 0xf, 0xee, 0xe, 0x40, 0x87, 0x3f,
    0x7, 0x5e, 0x83, 0xaf, 0x18, 0x7d, 0x30, 0x7d,
    0xa1, 0xff, 0xcd, 0xc2, 0x7f, 0x27, 0x80,

    /* U+FB8B "ﮋ" */
    0xf, 0xf6, 0x1e, 0x83, 0x3b, 0x84, 0xc4, 0x19,
    0x10, 0xec, 0x3f, 0xfc, 0xbe, 0x9, 0x3c, 0x16,
    0x85, 0x6c, 0x15, 0xe0, 0xc0,

    /* U+FB8D "ﮍ" */
    0xf, 0xec, 0x3e, 0xf0, 0x48, 0x48, 0x1f, 0x90,
    0xd0, 0x79, 0xf, 0xfe, 0xf7, 0x83, 0xbc, 0x14,
    0x85, 0x6c, 0x15, 0xe0, 0xc0,

    /* U+FB8F "ﮏ" */
    0xf, 0xfe, 0x3d, 0x87, 0xff, 0x1, 0x83, 0xfe,
    0x94, 0x1f, 0xf3, 0x7, 0xff, 0x7, 0xf4, 0x1d,
    0x83, 0xf8, 0xc3, 0xff, 0x81, 0x6, 0x43, 0xfc,
    0x87, 0xff, 0x11, 0x34, 0x3f, 0xed, 0xbf, 0xc5,
    0xa0,

    /* U+FB90 "ﮐ" */
    0xf, 0xfe, 0x16, 0x87, 0xd0, 0x87, 0xce, 0x1f,
    0x48, 0x7e, 0xdf, 0xc8, 0x4f, 0xea, 0x21, 0xf2,
    0xb0, 0xfd, 0xa1, 0xff, 0xc6, 0xc7, 0xfe, 0x40,

    /* U+FB91 "ﮑ" */
    0xf, 0xfe, 0x26, 0x87, 0xf4, 0x21, 0xfc, 0xe1,
    0xfd, 0x21, 0xfe, 0xdf, 0xc8, 0x73, 0xfa, 0x88,
    0x7f, 0x2b, 0xf, 0xf6, 0x87, 0xff, 0x2b, 0x9,
    0xff, 0x93, 0xc0,

    /* U+FB93 "ﮓ" */
    0xf, 0xfe, 0x34, 0x87, 0xff, 0x1, 0xf0, 0x7f,
    0xa8, 0xc1, 0xff, 0x6a, 0xf, 0xf4, 0xc1, 0xff,
    0xc1, 0xfd, 0x7, 0x60, 0xfe, 0x30, 0xff, 0xe0,
    0x41, 0x90, 0xff, 0x21, 0xff, 0xc4, 0x4d, 0xf,
    0xfb, 0x6f, 0xf1, 0x68,

    /* U+FB94 "ﮔ" */
    0xf, 0xfe, 0x12, 0x83, 0xfa, 0x30, 0xfa, 0xa4,
    0x3f, 0xd0, 0x7d, 0x50, 0x7f, 0xaf, 0xc8, 0x6f,
    0xe6, 0xf, 0xe8, 0x43, 0xf9, 0xc3, 0xff, 0x94,
    0xff, 0xe4,

    /* U+FB95 "ﮕ" */
    0xf, 0xfe, 0x22, 0x83, 0xfe, 0x8c, 0x3f, 0xaa,
    0x43, 0xff, 0x81, 0x7, 0xf5, 0x41, 0xff, 0xc0,
    0xbf, 0x21, 0xef, 0xe6, 0xf, 0xfa, 0x10, 0xff,
    0x9c, 0x3f, 0xfa, 0xf, 0xfe, 0x57, 0x0,

    /* U+FB9F "ﮟ" */
    0xf, 0xda, 0x1f, 0xfc, 0xf4, 0x3f, 0xe9, 0xf,
    0xf9, 0xf, 0xfe, 0x36, 0x4, 0x3f, 0x3a, 0x1f,
    0xd6, 0xa0, 0xff, 0xe0, 0x3a, 0x16, 0x21, 0x55,
    0xf3, 0x87, 0x3f, 0xa0, 0xc0,

    /* U+FBA7 "ﮧ" */
    0x5, 0xf9, 0xb, 0x3e, 0x30, 0xd0, 0x48, 0x48,
    0x7f, 0xf8, 0x9e,

    /* U+FBA8 "ﮨ" */
    0x3, 0x87, 0xff, 0x31, 0xe1, 0xf8, 0x3d, 0x87,
    0x90, 0x0,

    /* U+FBA9 "ﮩ" */
    0xf, 0xf9, 0xf8, 0x2b, 0xd3, 0xe0, 0xe7, 0x83,
    0xff, 0x86, 0x87, 0xf3, 0x7, 0xf4, 0xf9, 0xf,
    0xaf, 0xa0, 0x0,

    /* U+FBAB "ﮫ" */
    0x3, 0x7e, 0x43, 0xef, 0x5e, 0xa6, 0x1e, 0x94,
    0x7, 0x20, 0xff, 0xe0, 0x68, 0x7a, 0xf2, 0x19,
    0xd, 0x9d, 0x10, 0xfe, 0x85, 0x61, 0xf2, 0x1f,
    0xfc, 0x6, 0x3e, 0x57, 0x8b, 0x40,

    /* U+FBAC "ﮬ" */
    0x9, 0xbf, 0x41, 0xf7, 0x7a, 0x30, 0xe5, 0x80,
    0xce, 0x1f, 0xf4, 0x1e, 0xbc, 0x86, 0x42, 0x9e,
    0x88, 0x10, 0xce, 0x2b, 0xb, 0xc, 0x84, 0x81,
    0x1f, 0x17, 0x93, 0xc0,

    /* U+FBAD "ﮭ" */
    0x9, 0xbf, 0x21, 0xfb, 0xd7, 0xa9, 0x87, 0xd2,
    0x80, 0xe4, 0x1f, 0xfc, 0x1d, 0xf, 0xaf, 0x21,
    0x90, 0xec, 0xe8, 0x87, 0xfa, 0x15, 0x87, 0xe4,
    0x3f, 0xf8, 0xf, 0x1f, 0x2b, 0xc5, 0xa0,

    /* U+FBAF "ﮯ" */
    0xf, 0xfe, 0xf, 0xff, 0xa4, 0xff, 0xe9, 0x10,
    0xff, 0x53, 0xfd, 0x4, 0xff, 0xd0, 0x0,

    /* U+FBB1 "ﮱ" */
    0x1d, 0xf, 0xeb, 0x43, 0xf2, 0x70, 0x7e, 0x7d,
    0x7, 0xff, 0x27, 0xff, 0xd2, 0x7f, 0xf4, 0x88,
    0x7f, 0xa9, 0xfe, 0x82, 0x7f, 0xe8, 0x0,

    /* U+FBB2 "﮲" */
    0x5, 0x60,

    /* U+FBB3 "﮳" */
    0x5, 0x60,

    /* U+FBB4 "﮴" */
    0xd, 0xb5, 0x34,

    /* U+FBB5 "﮵" */
    0xd, 0xb5, 0x34,

    /* U+FBB6 "﮶" */
    0xe, 0xa0, 0x28, 0x57, 0xe0,

    /* U+FBB7 "﮷" */
    0xe, 0x70, 0x31, 0x67, 0x6c,

    /* U+FBB8 "﮸" */
    0xd, 0x5f, 0x8a, 0x2, 0x80,

    /* U+FBB9 "﮹" */
    0xd, 0x5f, 0x8a, 0x2, 0x80,

    /* U+FBBD "﮽" */
    0x5, 0x3b, 0xa8,

    /* U+FBBE "﮾" */
    0x5, 0x3f, 0x50,

    /* U+FBE8 "ﯨ" */
    0x3, 0x87, 0xff, 0x31, 0xe0,

    /* U+FBE9 "ﯩ" */
    0x3, 0x87, 0xff, 0x85, 0xe3, 0xc0,

    /* U+FBFD "ﯽ" */
    0x30, 0xff, 0xe8, 0x21, 0xfa, 0xfc, 0x87, 0xf5,
    0xe2, 0x50, 0x7f, 0xf0, 0x10, 0x3a, 0x1f, 0x41,
    0xaa, 0xff, 0x8c, 0x33, 0xff, 0xa0, 0x80,

    /* U+FBFE "ﯾ" */
    0x3, 0x87, 0xff, 0x69, 0xe0, 0x9f, 0x83, 0xf9,
    0xcc, 0xc, 0x40,

    /* U+FBFF "ﯿ" */
    0x3, 0x87, 0xff, 0x85, 0xe3, 0xc3, 0xfc, 0x1f,
    0xce, 0x61, 0x31, 0x0,

    /* U+FC43 "ﱃ" */
    0xf, 0xfe, 0x16, 0x1f, 0xff, 0xf0, 0xff, 0xed,
    0xe1, 0xff, 0xce, 0x50, 0x10, 0xfd, 0x7a, 0x81,
    0xff, 0x5e, 0x2c, 0x43, 0xff, 0x80, 0x84, 0xe8,
    0x7d, 0x7, 0x55, 0xff, 0x18, 0x73, 0xff, 0xa0,
    0xc0,

    /* U+FC44 "ﱄ" */
    0xf, 0xfe, 0x16, 0x1f, 0xff, 0xf0, 0xff, 0xed,
    0xe1, 0xff, 0xce, 0x50, 0x10, 0xfd, 0x7a, 0x81,
    0xff, 0x5e, 0x2c, 0x43, 0xff, 0x80, 0x84, 0xe8,
    0x7d, 0x7, 0x55, 0xff, 0x18, 0x73, 0xff, 0xa0,
    0xff, 0xe6, 0xf5, 0x7, 0xff, 0x3, 0xa8, 0x3e,

    /* U+FC64 "ﱤ" */
    0xf, 0x9d, 0xf, 0xd6, 0x87, 0xc9, 0xc1, 0xf3,
    0xe8, 0x34, 0x12, 0x83, 0x90, 0xd0, 0x7b, 0xe8,
    0x3e, 0xf9, 0xf, 0xf6, 0x1f, 0xfd, 0x6f, 0x7,
    0xcf, 0xc0, 0x83, 0xf5, 0xb8, 0x7d, 0x78, 0x3f,
    0x0,

    /* U+FC65 "ﱥ" */
    0xf, 0x9d, 0xd, 0x5, 0x68, 0x64, 0x9, 0xc1,
    0xb0, 0x3e, 0x83, 0x41, 0x28, 0x39, 0xd, 0x7,
    0xbe, 0x83, 0xef, 0x90, 0xff, 0x61, 0xff, 0xd6,
    0xf0, 0x7c, 0xfc, 0x8, 0x3f, 0x5b, 0x87, 0xd7,
    0x83, 0xf0,

    /* U+FC67 "ﱧ" */
    0xf, 0xfe, 0xf, 0x7, 0xff, 0xa, 0xa0, 0xff,
    0xe1, 0x36, 0x1e, 0xa0, 0x7b, 0xe0, 0xf5, 0x1,
    0xa1, 0x61, 0xff, 0xd1, 0xbe, 0xf, 0xfe, 0xb,
    0xf0, 0x76, 0x87, 0xb0, 0xfe, 0x43, 0xff, 0xa0,
    0x81, 0xf, 0xfe, 0xd, 0x87, 0xff, 0xb, 0xe1,
    0xf, 0xfe, 0x2b, 0xa1, 0x62, 0x1f, 0xaa, 0xf9,
    0xc3, 0xfc, 0xfe, 0x83, 0xf8,

    /* U+FC68 "ﱨ" */
    0xf, 0xfe, 0x17, 0x7, 0xff, 0x12, 0xe0, 0xff,
    0xe2, 0x3e, 0xf, 0xfe, 0x27, 0xc1, 0xfe, 0x7f,
    0xf0, 0x7f, 0x34, 0xfe, 0x83, 0xfd, 0x44, 0x39,
    0xf, 0xfb, 0xf, 0xfe, 0x2c, 0xc1, 0xff, 0x61,
    0x98, 0xf4, 0x1f, 0xfc, 0x26, 0xe6, 0xf, 0x21,
    0xfc, 0xe8, 0x5e, 0xf, 0xfe, 0x12, 0x7c, 0x21,
    0xff, 0xc0, 0x43, 0xce, 0x87, 0xda, 0x1f, 0x55,
    0xff, 0x30, 0x7e, 0x7f, 0xf4, 0x1f, 0x0,

    /* U+FC69 "ﱩ" */
    0xf, 0xfe, 0x17, 0x7, 0xff, 0x12, 0xe0, 0xff,
    0xe2, 0x3e, 0xf, 0xfe, 0x27, 0xc1, 0xfe, 0x7f,
    0xf0, 0x7f, 0x34, 0xfe, 0x83, 0xfd, 0x44, 0x39,
    0xf, 0xfb, 0xf, 0xfe, 0x2c, 0xc1, 0xff, 0x61,
    0x98, 0xf4, 0x1f, 0xfc, 0x26, 0xe6, 0xf, 0x21,
    0xfc, 0xe8, 0x5e, 0xf, 0xfe, 0x12, 0x7c, 0x21,
    0xff, 0xc0, 0x43, 0xce, 0x87, 0xda, 0x1f, 0x55,
    0xff, 0x30, 0x7e, 0x7f, 0xf4, 0x1f, 0xfd, 0x3e,
    0xa0, 0xff, 0xe1, 0xf5, 0x7, 0xf8,

    /* U+FC6A "ﱪ" */
    0xb, 0x9, 0xc3, 0xff, 0x8b, 0xf4, 0x1f, 0x7c,
    0x87, 0xfb, 0xf, 0xfe, 0xb7, 0x80, 0x86, 0x7e,
    0x6, 0x87, 0xd6, 0xc1, 0x38, 0x2f, 0x6, 0x70,
    0x0,

    /* U+FC6B "ﱫ" */
    0xf, 0xfe, 0x16, 0x1f, 0xe8, 0x3f, 0xc8, 0x7f,
    0xb0, 0x98, 0x3f, 0xc8, 0x7b, 0xe8, 0x3e, 0xf9,
    0xf, 0xf6, 0x1f, 0xfd, 0x6f, 0x1, 0xc, 0xfc,
    0xd, 0xf, 0xad, 0x82, 0x70, 0x5e, 0xc, 0xe0,

    /* U+FC6D "ﱭ" */
    0xf, 0xfe, 0x4d, 0x3, 0xff, 0x87, 0x40, 0x68,
    0x58, 0x7f, 0xf4, 0x6f, 0x83, 0xff, 0x82, 0xfc,
    0x1d, 0xa1, 0xec, 0x3f, 0x90, 0xff, 0xe8, 0x20,
    0x43, 0xff, 0x83, 0x61, 0xff, 0xc2, 0xf8, 0x43,
    0xff, 0x8a, 0xe8, 0x58, 0x85, 0x86, 0xab, 0xe7,
    0xd, 0x7, 0x3f, 0xa0, 0xe4, 0x20,

    /* U+FC6E "ﱮ" */
    0xf, 0x9f, 0xfc, 0x1f, 0xcd, 0x3f, 0xa0, 0xff,
    0x51, 0xe, 0x43, 0xfe, 0xc3, 0xff, 0x8b, 0x30,
    0x7f, 0xd8, 0x66, 0x3d, 0x7, 0xff, 0x9, 0xb9,
    0x83, 0xc8, 0x7f, 0x3a, 0x17, 0x83, 0xff, 0x84,
    0x9f, 0x8, 0x7f, 0xf0, 0x10, 0xf3, 0xa1, 0xf6,
    0x83, 0xd, 0x57, 0xfc, 0xc0, 0x83, 0x9f, 0xfd,
    0x4, 0x84,

    /* U+FC6F "ﱯ" */
    0xf, 0x9f, 0xfc, 0x1f, 0xcd, 0x3f, 0xa0, 0xff,
    0x51, 0xe, 0x43, 0xfe, 0xc3, 0xff, 0x8b, 0x30,
    0x7f, 0xd8, 0x66, 0x3d, 0x7, 0xff, 0x9, 0xb9,
    0x83, 0xc8, 0x7f, 0x3a, 0x17, 0x83, 0xff, 0x84,
    0x9f, 0x8, 0x7f, 0xf0, 0x10, 0xf3, 0xa1, 0xf6,
    0x83, 0xd, 0x57, 0xfc, 0xc0, 0x83, 0x9f, 0xfd,
    0x4, 0x87, 0xff, 0x3f, 0xa8, 0x3f, 0xf8, 0x7d,
    0x41, 0xfe,

    /* U+FC70 "ﱰ" */
    0xf, 0xfe, 0x2d, 0x1c, 0x3e, 0xa3, 0x7, 0xf9,
    0xd, 0x84, 0xc1, 0xfe, 0x43, 0xdf, 0x41, 0xf7,
    0xc8, 0x7f, 0xb0, 0xff, 0xeb, 0x78, 0x8, 0x67,
    0xe0, 0x68, 0x7d, 0x6c, 0x1f, 0x5e, 0xf, 0xc0,

    /* U+FC71 "ﱱ" */
    0xf, 0xfe, 0x16, 0xa, 0x38, 0x68, 0x14, 0x60,
    0xc8, 0x72, 0x1b, 0x9, 0x83, 0xfc, 0x87, 0xbe,
    0x83, 0xef, 0x90, 0xff, 0x61, 0xff, 0xd6, 0xf0,
    0x10, 0xcf, 0xc0, 0xd0, 0xfa, 0xd8, 0x3e, 0xbc,
    0x1f, 0x80,

    /* U+FC73 "ﱳ" */
    0xf, 0xfe, 0x8e, 0x68, 0x7f, 0xf0, 0x62, 0x43,
    0xa8, 0x1e, 0x44, 0x3d, 0x40, 0x68, 0x58, 0x7f,
    0xf4, 0x6f, 0x83, 0xff, 0x82, 0xfc, 0x1d, 0xa1,
    0xec, 0x3f, 0x90, 0xff, 0xe8, 0x20, 0x43, 0xff,
    0x83, 0x61, 0xff, 0xc2, 0xf8, 0x43, 0xff, 0x8a,
    0xe8, 0x58, 0x87, 0xea, 0xbe, 0x70, 0xff, 0x3f,
    0xa0, 0xfe,

    /* U+FC74 "ﱴ" */
    0xf, 0xfe, 0x9b, 0x98, 0x7f, 0xf0, 0xd8, 0x83,
    0xff, 0x88, 0x88, 0x7f, 0x9f, 0xfc, 0x1f, 0xcd,
    0x3f, 0xa0, 0xff, 0x51, 0xe, 0x43, 0xfe, 0xc3,
    0xff, 0x8b, 0x30, 0x7f, 0xd8, 0x66, 0x3d, 0x7,
    0xff, 0x9, 0xb9, 0x83, 0xc8, 0x7f, 0x3a, 0x17,
    0x83, 0xff, 0x84, 0x9f, 0x8, 0x7f, 0xf0, 0x10,
    0xf3, 0xa1, 0xf6, 0x87, 0xd5, 0x7f, 0xcc, 0x1f,
    0x9f, 0xfd, 0x7, 0xc0,

    /* U+FC75 "ﱵ" */
    0xf, 0xfe, 0x9b, 0x98, 0x7f, 0xf0, 0xd8, 0x83,
    0xff, 0x88, 0x88, 0x7f, 0x9f, 0xfc, 0x1f, 0xcd,
    0x3f, 0xa0, 0xff, 0x51, 0xe, 0x43, 0xfe, 0xc3,
    0xff, 0x8b, 0x30, 0x7f, 0xd8, 0x66, 0x3d, 0x7,
    0xff, 0x9, 0xb9, 0x83, 0xc8, 0x7f, 0x3a, 0x17,
    0x83, 0xff, 0x84, 0x9f, 0x8, 0x7f, 0xf0, 0x10,
    0xf3, 0xa1, 0xf6, 0x87, 0xd5, 0x7f, 0xcc, 0x1f,
    0x9f, 0xfd, 0x7, 0xff, 0x4f, 0xa8, 0x3f, 0xf8,
    0x7d, 0x41, 0xfe,

    /* U+FC76 "ﱶ" */
    0xf, 0xfe, 0x33, 0x7, 0xf3, 0x7, 0xea, 0x38,
    0x7d, 0x46, 0xf, 0xf2, 0x1b, 0x9, 0x83, 0xfc,
    0x87, 0xbe, 0x83, 0xef, 0x90, 0xff, 0x61, 0xff,
    0xd6, 0xf0, 0x10, 0xcf, 0xc0, 0xd0, 0xfa, 0xd8,
    0x3e, 0xbc, 0x1f, 0x80,

    /* U+FC77 "ﱷ" */
    0xf, 0xfe, 0x33, 0x7, 0xf3, 0x7, 0x60, 0xa3,
    0x86, 0x81, 0x46, 0xc, 0x87, 0x21, 0xb0, 0x98,
    0x3f, 0xc8, 0x7b, 0xe8, 0x3e, 0xf9, 0xf, 0xf6,
    0x1f, 0xfd, 0x6f, 0x1, 0xc, 0xfc, 0xd, 0xf,
    0xad, 0x83, 0xeb, 0xc1, 0xf8,

    /* U+FC79 "ﱹ" */
    0xf, 0xfe, 0x96, 0x1f, 0xfc, 0x48, 0x3f, 0xf8,
    0x7b, 0xa1, 0xff, 0xc1, 0x89, 0xe, 0xa0, 0x79,
    0x10, 0xf5, 0x1, 0xa1, 0x61, 0xff, 0xd1, 0xbe,
    0xf, 0xfe, 0xb, 0xf0, 0x76, 0x87, 0xb0, 0xfe,
    0x43, 0xff, 0xa0, 0x81, 0xf, 0xfe, 0xd, 0x87,
    0xff, 0xb, 0xe1, 0xf, 0xfe, 0x2b, 0xa1, 0x62,
    0x1f, 0xaa, 0xf9, 0xc3, 0xfc, 0xfe, 0x83, 0xf8,

    /* U+FC7A "ﱺ" */
    0xf, 0xfe, 0xae, 0x1f, 0xfc, 0x68, 0x3f, 0xf8,
    0x8e, 0xe1, 0xff, 0xc3, 0x62, 0xf, 0xfe, 0x22,
    0x21, 0xfe, 0x7f, 0xf0, 0x7f, 0x34, 0xfe, 0x83,
    0xfd, 0x44, 0x39, 0xf, 0xfb, 0xf, 0xfe, 0x2c,
    0xc1, 0xff, 0x61, 0x98, 0xf4, 0x1f, 0xfc, 0x26,
    0xe6, 0xf, 0x21, 0xfc, 0xe8, 0x5e, 0xf, 0xfe,
    0x12, 0x7c, 0x21, 0xff, 0xc0, 0x43, 0xce, 0x87,
    0xda, 0x1f, 0x55, 0xff, 0x30, 0x7e, 0x7f, 0xf4,
    0x1f, 0x0,

    /* U+FC7B "ﱻ" */
    0xf, 0xfe, 0xae, 0x1f, 0xfc, 0x68, 0x3f, 0xf8,
    0x8e, 0xe1, 0xff, 0xc3, 0x62, 0xf, 0xfe, 0x22,
    0x21, 0xfe, 0x7f, 0xf0, 0x7f, 0x34, 0xfe, 0x83,
    0xfd, 0x44, 0x39, 0xf, 0xfb, 0xf, 0xfe, 0x2c,
    0xc1, 0xff, 0x61, 0x98, 0xf4, 0x1f, 0xfc, 0x26,
    0xe6, 0xf, 0x21, 0xfc, 0xe8, 0x5e, 0xf, 0xfe,
    0x12, 0x7c, 0x21, 0xff, 0xc0, 0x43, 0xce, 0x87,
    0xda, 0x1f, 0x55, 0xff, 0x30, 0x7e, 0x7f, 0xf4,
    0x1f, 0xfd, 0x3e, 0xa0, 0xff, 0xe1, 0xf5, 0x7,
    0xf8,

    /* U+FC86 "ﲆ" */
    0xf, 0xfe, 0x16, 0x1f, 0xff, 0xf0, 0xff, 0xf5,
    0xe1, 0xff, 0xd0, 0x50, 0x64, 0x3f, 0x5e, 0xa1,
    0xe0, 0xff, 0x5e, 0x2f, 0x84, 0x3f, 0xf8, 0x8,
    0x73, 0xa1, 0xf4, 0x1f, 0x55, 0xff, 0x18, 0x7c,
    0xff, 0xe8, 0x3c,

    /* U+FC87 "ﲇ" */
    0xf, 0xfe, 0x16, 0x1f, 0xff, 0xf0, 0xff, 0xf5,
    0xe1, 0xff, 0xd0, 0x50, 0x64, 0x3f, 0x5e, 0xa1,
    0xe0, 0xff, 0x5e, 0x2f, 0x84, 0x3f, 0xf8, 0x8,
    0x73, 0xa1, 0xf4, 0x1f, 0x55, 0xff, 0x18, 0x7c,
    0xff, 0xe8, 0x3f, 0xfa, 0x3d, 0x41, 0xff, 0xc2,
    0xea, 0xf, 0xe0,

    /* U+FC8A "ﲊ" */
    0xf, 0xfe, 0x33, 0x87, 0xf3, 0x87, 0xff, 0x13,
    0x9, 0x83, 0xfc, 0x87, 0xbe, 0x83, 0xef, 0x90,
    0xff, 0x61, 0xff, 0xd6, 0xf0, 0x10, 0xcf, 0xc0,
    0xd0, 0xfa, 0xd8, 0x3e, 0xbc, 0x1f, 0x80,

    /* U+FC8B "ﲋ" */
    0xf, 0xfe, 0x16, 0x13, 0x87, 0x41, 0x38, 0x72,
    0x1f, 0xec, 0x26, 0xf, 0xf2, 0x1e, 0xfa, 0xf,
    0xbe, 0x43, 0xfd, 0x87, 0xff, 0x5b, 0xc0, 0x43,
    0x3f, 0x3, 0x43, 0xeb, 0x60, 0xfa, 0xf0, 0x7e,

    /* U+FC8D "ﲍ" */
    0xf, 0xfe, 0x96, 0x1f, 0xfc, 0x48, 0x3e, 0xa0,
    0x7c, 0x87, 0xd4, 0x6, 0x85, 0x87, 0xff, 0x46,
    0xf8, 0x3f, 0xf8, 0x2f, 0xc1, 0xda, 0x1e, 0xc3,
    0xf9, 0xf, 0xfe, 0x82, 0x4, 0x3f, 0xf8, 0x36,
    0x1f, 0xfc, 0x2f, 0x84, 0x3f, 0xf8, 0xae, 0x85,
    0x88, 0x7e, 0xab, 0xe7, 0xf, 0xf3, 0xfa, 0xf,
    0xe0,

    /* U+FC8E "ﲎ" */
    0xf, 0xfe, 0xb6, 0x1f, 0xfc, 0x68, 0x3f, 0xcf,
    0xfd, 0x7, 0xf3, 0x4f, 0xe8, 0x3f, 0xd4, 0x43,
    0x90, 0xff, 0xb0, 0xff, 0xe2, 0xcc, 0x1f, 0xf6,
    0x19, 0x8f, 0x41, 0xff, 0xc2, 0x6e, 0x60, 0xf2,
    0x1f, 0xce, 0x85, 0xe0, 0xff, 0xe1, 0x27, 0xc2,
    0x1f, 0xfc, 0x4, 0x3c, 0xe8, 0x7d, 0xa1, 0xf5,
    0x5f, 0xf3, 0x7, 0xe7, 0xff, 0x41, 0xf0,

    /* U+FC8F "ﲏ" */
    0xf, 0xfe, 0xb6, 0x1f, 0xfc, 0x68, 0x3f, 0xcf,
    0xfd, 0x7, 0xf3, 0x4f, 0xe8, 0x3f, 0xd4, 0x43,
    0x90, 0xff, 0xb0, 0xff, 0xe2, 0xcc, 0x1f, 0xf6,
    0x19, 0x8f, 0x41, 0xff, 0xc2, 0x6e, 0x60, 0xf2,
    0x1f, 0xce, 0x85, 0xe0, 0xff, 0xe1, 0x27, 0xc2,
    0x1f, 0xfc, 0x4, 0x3c, 0xe8, 0x7d, 0xa1, 0xf5,
    0x5f, 0xf3, 0x7, 0xe7, 0xff, 0x41, 0xff, 0xd3,
    0xea, 0xf, 0xfe, 0x1f, 0x50, 0x7f, 0x80,

    /* U+FC91 "ﲑ" */
    0xb, 0x9, 0xc3, 0xff, 0x8b, 0xf4, 0x1f, 0x7c,
    0x87, 0xfb, 0xf, 0xfe, 0xb7, 0x80, 0x86, 0x7e,
    0x6, 0x87, 0xd6, 0xc0, 0xa3, 0x97, 0x82, 0xa3,
    0x80,

    /* U+FC92 "ﲒ" */
    0xf, 0xfe, 0x16, 0x1f, 0xe8, 0x3f, 0xc8, 0x7f,
    0xb0, 0x98, 0x3f, 0xc8, 0x7b, 0xe8, 0x3e, 0xf9,
    0xf, 0xf6, 0x1f, 0xfd, 0x6f, 0x1, 0xc, 0xfc,
    0xd, 0xf, 0xad, 0x81, 0x47, 0x2f, 0x5, 0x47,
    0x0,

    /* U+FC94 "ﲔ" */
    0xf, 0xfe, 0x4d, 0x3, 0xff, 0x87, 0x40, 0x68,
    0x58, 0x7f, 0xf4, 0x6f, 0x83, 0xff, 0x82, 0xfc,
    0x1d, 0xa1, 0xec, 0x3f, 0x90, 0xff, 0xe8, 0x20,
    0x43, 0xff, 0x83, 0x61, 0xff, 0xc2, 0xf8, 0x43,
    0xff, 0x8a, 0xe8, 0x58, 0x83, 0x34, 0x15, 0x7c,
    0xe1, 0x44, 0x84, 0xfe, 0x83, 0x22, 0x0,

    /* U+FC96 "ﲖ" */
    0xf, 0x9f, 0xfc, 0x1f, 0xcd, 0x3f, 0xa0, 0xff,
    0x51, 0xe, 0x43, 0xfe, 0xc3, 0xff, 0x8b, 0x30,
    0x7f, 0xd8, 0x66, 0x3d, 0x7, 0xff, 0x9, 0xb9,
    0x83, 0xc8, 0x7f, 0x3a, 0x17, 0x83, 0xff, 0x84,
    0x9f, 0x8, 0x7f, 0xf0, 0x10, 0xf3, 0xa1, 0xf6,
    0xac, 0xc2, 0xab, 0xfe, 0x66, 0x20, 0xcf, 0xfe,
    0x80, 0x88, 0x0,

    /* U+FCFB "ﳻ" */
    0xf, 0x9f, 0xfc, 0x1f, 0x61, 0xf3, 0x4f, 0xe8,
    0x36, 0x19, 0xf, 0x51, 0xf, 0xfe, 0x13, 0x87,
    0xd8, 0x7f, 0xf2, 0xe6, 0xf, 0xfe, 0x2e, 0x19,
    0x8f, 0x41, 0xff, 0xc8, 0x6e, 0x60, 0xe4, 0x43,
    0x21, 0xfc, 0xe8, 0x5e, 0x8b, 0xc8, 0x7f, 0xf0,
    0x95, 0xff, 0xd2, 0x1f, 0xfc, 0x4, 0x3f, 0xf8,
    0xe, 0x87, 0xda, 0x1f, 0xfc, 0x1a, 0xbf, 0xe6,
    0xf, 0xfe, 0x13, 0xff, 0xa0, 0xff, 0xe0, 0x80,

    /* U+FCFC "ﳼ" */
    0xf, 0x9f, 0xfc, 0x1f, 0x61, 0xf3, 0x4f, 0xe8,
    0x36, 0x19, 0xf, 0x51, 0xf, 0xfe, 0x13, 0x87,
    0xd8, 0x7f, 0xf2, 0xe6, 0xf, 0xfe, 0x2e, 0x19,
    0x8f, 0x41, 0xff, 0xc8, 0x6e, 0x60, 0xe4, 0x43,
    0x21, 0xfc, 0xe8, 0x5e, 0x8b, 0xc8, 0x7f, 0xf0,
    0x95, 0xff, 0xd2, 0x1f, 0xfc, 0x4, 0x3f, 0xf8,
    0xe, 0x87, 0xda, 0x1f, 0xfc, 0x1a, 0xbf, 0xe6,
    0xf, 0xfe, 0x13, 0xeb, 0xfa, 0xf, 0xfe, 0x35,
    0x60, 0xff, 0xe4, 0xf5, 0x7, 0xff, 0x10,

    /* U+FCFD "ﳽ" */
    0xf, 0xff, 0x6, 0x1f, 0xfc, 0xc8, 0x3f, 0xf9,
    0x7b, 0xa1, 0xff, 0xc9, 0x89, 0xf, 0xfe, 0x4a,
    0x21, 0xff, 0x3f, 0xf8, 0x3e, 0xc3, 0xe6, 0x9f,
    0xd0, 0x6c, 0x32, 0x1e, 0xa2, 0x1f, 0xfc, 0x27,
    0xf, 0xb0, 0xff, 0xe5, 0xcc, 0x1f, 0xfc, 0x5c,
    0x33, 0x1e, 0x83, 0xff, 0x90, 0xdc, 0xc1, 0xc8,
    0x86, 0x43, 0xf9, 0xd0, 0xbd, 0x17, 0x90, 0xff,
    0xe1, 0x2b, 0xff, 0xa4, 0x3f, 0xf8, 0x8, 0x7f,
    0xf0, 0x1d, 0xf, 0xb4, 0x3f, 0xf8, 0x35, 0x7f,
    0xcc, 0x1f, 0xfc, 0x27, 0xff, 0x41, 0xff, 0xc1,

    /* U+FCFE "ﳾ" */
    0xf, 0xff, 0x6, 0x1f, 0xfc, 0xc8, 0x3f, 0xf9,
    0x7b, 0xa1, 0xff, 0xc9, 0x89, 0xf, 0xfe, 0x4a,
    0x21, 0xff, 0x3f, 0xf8, 0x3e, 0xc3, 0xe6, 0x9f,
    0xd0, 0x6c, 0x32, 0x1e, 0xa2, 0x1f, 0xfc, 0x27,
    0xf, 0xb0, 0xff, 0xe5, 0xcc, 0x1f, 0xfc, 0x5c,
    0x33, 0x1e, 0x83, 0xff, 0x90, 0xdc, 0xc1, 0xc8,
    0x86, 0x43, 0xf9, 0xd0, 0xbd, 0x17, 0x90, 0xff,
    0xe1, 0x2b, 0xff, 0xa4, 0x3f, 0xf8, 0x8, 0x7f,
    0xf0, 0x1d, 0xf, 0xb4, 0x3f, 0xf8, 0x35, 0x7f,
    0xcc, 0x1f, 0xfc, 0x27, 0xd7, 0xf4, 0x1f, 0xfc,
    0x6a, 0xc1, 0xff, 0xc9, 0xea, 0xf, 0xfe, 0x20,

    /* U+FD05 "ﴅ" */
    0xf, 0x9f, 0xfc, 0x7, 0xe4, 0x3f, 0x34, 0xfe,
    0x81, 0xd3, 0xa8, 0x3e, 0xa2, 0x1f, 0x6e, 0x8c,
    0x87, 0xec, 0x3f, 0x30, 0x64, 0x3f, 0x4c, 0x1f,
    0x41, 0xfd, 0x86, 0x63, 0xd0, 0x7f, 0xf2, 0x1b,
    0x98, 0x3f, 0xf8, 0x8, 0x7f, 0x3a, 0x17, 0xfc,
    0x1f, 0xfc, 0x35, 0x7f, 0xf0, 0x87, 0xff, 0x1,
    0xf, 0xfe, 0x3, 0xa1, 0xf6, 0x87, 0xff, 0x6,
    0xaf, 0xf9, 0x83, 0xff, 0x84, 0xff, 0xe8, 0x3f,
    0xf8, 0x20,

    /* U+FD06 "ﴆ" */
    0xf, 0x9f, 0xfc, 0x7, 0xe4, 0x3f, 0x34, 0xfe,
    0x81, 0xd3, 0xa8, 0x3e, 0xa2, 0x1f, 0x6e, 0x8c,
    0x87, 0xec, 0x3f, 0x30, 0x64, 0x3f, 0x4c, 0x1f,
    0x41, 0xfd, 0x86, 0x63, 0xd0, 0x7f, 0xf2, 0x1b,
    0x98, 0x3f, 0xf8, 0x8, 0x7f, 0x3a, 0x17, 0xfc,
    0x1f, 0xfc, 0x35, 0x7f, 0xf0, 0x87, 0xff, 0x1,
    0xf, 0xfe, 0x3, 0xa1, 0xf6, 0x87, 0xff, 0x6,
    0xaf, 0xf9, 0x83, 0xff, 0x84, 0xfa, 0xfe, 0x83,
    0xff, 0x8d, 0x58, 0x3f, 0xf9, 0x3d, 0x41, 0xff,
    0xc4,

    /* U+FD07 "ﴇ" */
    0xf, 0xff, 0x6, 0x1f, 0xfc, 0xc8, 0x3f, 0xf8,
    0xf, 0xfe, 0x3, 0x79, 0xf, 0xcd, 0x3f, 0xa0,
    0x74, 0xea, 0xf, 0xa8, 0x87, 0xdb, 0xa3, 0x21,
    0xfb, 0xf, 0xcc, 0x19, 0xf, 0xd3, 0x7, 0xd0,
    0x7f, 0x61, 0x98, 0xf4, 0x1f, 0xfc, 0x86, 0xe6,
    0xf, 0xfe, 0x2, 0x1f, 0xce, 0x85, 0xff, 0x7,
    0xff, 0xd, 0x5f, 0xfc, 0x21, 0xff, 0xc0, 0x43,
    0xff, 0x80, 0xe8, 0x7d, 0xa1, 0xff, 0xc1, 0xab,
    0xfe, 0x60, 0xff, 0xe1, 0x3f, 0xfa, 0xf, 0xfe,
    0x8,

    /* U+FD08 "ﴈ" */
    0xf, 0xff, 0x6, 0x1f, 0xfc, 0xc8, 0x3f, 0xf8,
    0xf, 0xfe, 0x3, 0x79, 0xf, 0xcd, 0x3f, 0xa0,
    0x74, 0xea, 0xf, 0xa8, 0x87, 0xdb, 0xa3, 0x21,
    0xfb, 0xf, 0xcc, 0x19, 0xf, 0xd3, 0x7, 0xd0,
    0x7f, 0x61, 0x98, 0xf4, 0x1f, 0xfc, 0x86, 0xe6,
    0xf, 0xfe, 0x2, 0x1f, 0xce, 0x85, 0xff, 0x7,
    0xff, 0xd, 0x5f, 0xfc, 0x21, 0xff, 0xc0, 0x43,
    0xff, 0x80, 0xe8, 0x7d, 0xa1, 0xff, 0xc1, 0xab,
    0xfe, 0x60, 0xff, 0xe1, 0x3e, 0xbf, 0xa0, 0xff,
    0xe3, 0x56, 0xf, 0xfe, 0x4f, 0x50, 0x7f, 0xf1,
    0x0,

    /* U+FD0D "ﴍ" */
    0xf, 0xfe, 0x96, 0x1f, 0xfc, 0x58, 0x3f, 0xf8,
    0x9b, 0xa1, 0xff, 0xc2, 0x89, 0xf, 0xfe, 0x12,
    0x21, 0xf6, 0x13, 0x87, 0xd8, 0x7f, 0xf0, 0x70,
    0xc8, 0x6f, 0xa0, 0xff, 0xe1, 0x7c, 0x87, 0xe7,
    0xf, 0xb0, 0xff, 0xed, 0xc2, 0x4, 0x3f, 0xde,
    0x4b, 0xc1, 0x90, 0xcf, 0xff, 0x40, 0xd0, 0xff,
    0xe1, 0x5b, 0x7, 0xff, 0xa, 0xf0, 0x7f, 0xf0,
    0xc0,

    /* U+FD0E "ﴎ" */
    0xb, 0x9, 0xc3, 0xec, 0x3f, 0xf8, 0x38, 0x64,
    0x37, 0xd0, 0x7f, 0xf0, 0xbe, 0x43, 0xf3, 0x87,
    0xd8, 0x7f, 0xf6, 0xe1, 0x2, 0x1f, 0xef, 0x25,
    0xe0, 0xc8, 0x67, 0xff, 0xa0, 0x68, 0x7f, 0xf0,
    0xad, 0x83, 0xff, 0x85, 0x78, 0x3f, 0xf8, 0x60,

    /* U+FD0F "ﴏ" */
    0xb, 0x9, 0xc0, 0xfc, 0x87, 0xff, 0x3, 0xa7,
    0x44, 0x3b, 0xe8, 0xdd, 0x1a, 0x7, 0x7c, 0x8c,
    0x19, 0xf, 0xec, 0x83, 0xff, 0xd3, 0xff, 0x6,
    0x43, 0x3f, 0xfc, 0x16, 0x87, 0xff, 0xa, 0xd8,
    0x3f, 0xf8, 0x57, 0x83, 0xff, 0x86,

    /* U+FD10 "ﴐ" */
    0xf, 0xfe, 0x96, 0x1f, 0xfc, 0x58, 0x3f, 0x61,
    0x38, 0x1b, 0xc8, 0x7f, 0xf0, 0x3a, 0x74, 0x43,
    0xbe, 0x8d, 0xd1, 0xa0, 0x77, 0xc8, 0xc1, 0x90,
    0xfe, 0xc8, 0x3f, 0xfd, 0x3f, 0xf0, 0x64, 0x33,
    0xff, 0xc1, 0x68, 0x7f, 0xf0, 0xad, 0x83, 0xff,
    0x85, 0x78, 0x3f, 0xf8, 0x60,

    /* U+FD17 "ﴗ" */
    0xf, 0x9f, 0xfc, 0x1f, 0x61, 0xfc, 0xd3, 0xfa,
    0xd, 0x86, 0x43, 0xf5, 0x10, 0xff, 0xe1, 0x38,
    0x7f, 0x61, 0xff, 0xcd, 0x98, 0x3f, 0xf8, 0xf8,
    0x66, 0x3d, 0x7, 0xff, 0x29, 0xb9, 0x83, 0x91,
    0xf, 0x21, 0xfc, 0xe8, 0x5e, 0x8b, 0xca, 0xe0,
    0xff, 0xe0, 0xab, 0xff, 0xe9, 0xf, 0xfe, 0x2,
    0x1f, 0xfc, 0x27, 0x43, 0xed, 0xf, 0xfe, 0x1d,
    0x5f, 0xf3, 0x7, 0xff, 0x11, 0xff, 0xd0, 0x7f,
    0xf0, 0xc0,

    /* U+FD18 "ﴘ" */
    0xf, 0x9f, 0xfc, 0x1f, 0x61, 0xfc, 0xd3, 0xfa,
    0xd, 0x86, 0x43, 0xf5, 0x10, 0xff, 0xe1, 0x38,
    0x7f, 0x61, 0xff, 0xcd, 0x98, 0x3f, 0xf8, 0xf8,
    0x66, 0x3d, 0x7, 0xff, 0x29, 0xb9, 0x83, 0x91,
    0xf, 0x21, 0xfc, 0xe8, 0x5e, 0x8b, 0xca, 0xe0,
    0xff, 0xe0, 0xab, 0xff, 0xe9, 0xf, 0xfe, 0x2,
    0x1f, 0xfc, 0x27, 0x43, 0xed, 0xf, 0xfe, 0x1d,
    0x5f, 0xf3, 0x7, 0xff, 0x11, 0xf5, 0xfd, 0x7,
    0xff, 0x22, 0xb0, 0x7f, 0xf2, 0xfa, 0x83, 0xff,
    0x8c,

    /* U+FD19 "ﴙ" */
    0xf, 0xff, 0x16, 0x1f, 0xfc, 0xe8, 0x3f, 0xf9,
    0xbb, 0xa1, 0xff, 0xcb, 0x89, 0xf, 0xfe, 0x5a,
    0x21, 0xff, 0xc1, 0x7f, 0xf0, 0x7d, 0x87, 0xf3,
    0x4f, 0xe8, 0x36, 0x19, 0xf, 0xd4, 0x43, 0xff,
    0x84, 0xe1, 0xfd, 0x87, 0xff, 0x36, 0x60, 0xff,
    0xe3, 0xe1, 0x98, 0xf4, 0x1f, 0xfc, 0xa6, 0xe6,
    0xe, 0x44, 0x3c, 0x87, 0xf3, 0xa1, 0x7a, 0x2f,
    0x2b, 0x83, 0xff, 0x82, 0xaf, 0xff, 0xa4, 0x3f,
    0xf8, 0x8, 0x7f, 0xf0, 0x9d, 0xf, 0xb4, 0x3f,
    0xf8, 0x75, 0x7f, 0xcc, 0x1f, 0xfc, 0x47, 0xff,
    0x41, 0xff, 0xc3,

    /* U+FD1A "ﴚ" */
    0xf, 0xff, 0x16, 0x1f, 0xfc, 0xe8, 0x3f, 0xf9,
    0xbb, 0xa1, 0xff, 0xcb, 0x89, 0xf, 0xfe, 0x5a,
    0x21, 0xff, 0xc1, 0x7f, 0xf0, 0x7d, 0x87, 0xf3,
    0x4f, 0xe8, 0x36, 0x19, 0xf, 0xd4, 0x43, 0xff,
    0x84, 0xe1, 0xfd, 0x87, 0xff, 0x36, 0x60, 0xff,
    0xe3, 0xe1, 0x98, 0xf4, 0x1f, 0xfc, 0xa6, 0xe6,
    0xe, 0x44, 0x3c, 0x87, 0xf3, 0xa1, 0x7a, 0x2f,
    0x2b, 0x83, 0xff, 0x82, 0xaf, 0xff, 0xa4, 0x3f,
    0xf8, 0x8, 0x7f, 0xf0, 0x9d, 0xf, 0xb4, 0x3f,
    0xf8, 0x75, 0x7f, 0xcc, 0x1f, 0xfc, 0x47, 0xd7,
    0xf4, 0x1f, 0xfc, 0x8a, 0xc1, 0xff, 0xcb, 0xea,
    0xf, 0xfe, 0x30,

    /* U+FD21 "ﴡ" */
    0xf, 0x9f, 0xfc, 0x7, 0xe4, 0x3f, 0xcd, 0x3f,
    0xa0, 0x74, 0xea, 0xf, 0xea, 0x21, 0xf6, 0xe8,
    0xc8, 0x7f, 0xb0, 0xfc, 0xc1, 0x90, 0xff, 0x4c,
    0x1f, 0x41, 0xff, 0x61, 0x98, 0xf4, 0x1f, 0xfc,
    0xa6, 0xe6, 0xf, 0xf9, 0x2, 0x1f, 0xce, 0x85,
    0xff, 0x16, 0x1f, 0xfc, 0x25, 0x7f, 0xfc, 0x21,
    0xff, 0xc0, 0x43, 0xff, 0x84, 0xe8, 0x7d, 0xa1,
    0xff, 0xc3, 0xab, 0xfe, 0x60, 0xff, 0xe2, 0x3f,
    0xfa, 0xf, 0xfe, 0x18,

    /* U+FD22 "ﴢ" */
    0xf, 0x9f, 0xfc, 0x7, 0xe4, 0x3f, 0xcd, 0x3f,
    0xa0, 0x74, 0xea, 0xf, 0xea, 0x21, 0xf6, 0xe8,
    0xc8, 0x7f, 0xb0, 0xfc, 0xc1, 0x90, 0xff, 0x4c,
    0x1f, 0x41, 0xff, 0x61, 0x98, 0xf4, 0x1f, 0xfc,
    0xa6, 0xe6, 0xf, 0xf9, 0x2, 0x1f, 0xce, 0x85,
    0xff, 0x16, 0x1f, 0xfc, 0x25, 0x7f, 0xfc, 0x21,
    0xff, 0xc0, 0x43, 0xff, 0x84, 0xe8, 0x7d, 0xa1,
    0xff, 0xc3, 0xab, 0xfe, 0x60, 0xff, 0xe2, 0x3e,
    0xbf, 0xa0, 0xff, 0xe4, 0x56, 0xf, 0xfe, 0x5f,
    0x50, 0x7f, 0xf1, 0x80,

    /* U+FD23 "ﴣ" */
    0xf, 0xff, 0x16, 0x1f, 0xfc, 0xe8, 0x3f, 0xf8,
    0x4f, 0xfe, 0x3, 0x79, 0xf, 0xf3, 0x4f, 0xe8,
    0x1d, 0x3a, 0x83, 0xfa, 0x88, 0x7d, 0xba, 0x32,
    0x1f, 0xec, 0x3f, 0x30, 0x64, 0x3f, 0xd3, 0x7,
    0xd0, 0x7f, 0xd8, 0x66, 0x3d, 0x7, 0xff, 0x29,
    0xb9, 0x83, 0xfe, 0x40, 0x87, 0xf3, 0xa1, 0x7f,
    0xc5, 0x87, 0xff, 0x9, 0x5f, 0xff, 0x8, 0x7f,
    0xf0, 0x10, 0xff, 0xe1, 0x3a, 0x1f, 0x68, 0x7f,
    0xf0, 0xea, 0xff, 0x98, 0x3f, 0xf8, 0x8f, 0xfe,
    0x83, 0xff, 0x86,

    /* U+FD24 "ﴤ" */
    0xf, 0xff, 0x16, 0x1f, 0xfc, 0xe8, 0x3f, 0xf8,
    0x4f, 0xfe, 0x3, 0x79, 0xf, 0xf3, 0x4f, 0xe8,
    0x1d, 0x3a, 0x83, 0xfa, 0x88, 0x7d, 0xba, 0x32,
    0x1f, 0xec, 0x3f, 0x30, 0x64, 0x3f, 0xd3, 0x7,
    0xd0, 0x7f, 0xd8, 0x66, 0x3d, 0x7, 0xff, 0x29,
    0xb9, 0x83, 0xfe, 0x40, 0x87, 0xf3, 0xa1, 0x7f,
    0xc5, 0x87, 0xff, 0x9, 0x5f, 0xff, 0x8, 0x7f,
    0xf0, 0x10, 0xff, 0xe1, 0x3a, 0x1f, 0x68, 0x7f,
    0xf0, 0xea, 0xff, 0x98, 0x3f, 0xf8, 0x8f, 0xaf,
    0xe8, 0x3f, 0xf9, 0x15, 0x83, 0xff, 0x97, 0xd4,
    0x1f, 0xfc, 0x60,

    /* U+FD29 "ﴩ" */
    0xf, 0xfe, 0xa6, 0x1f, 0xfc, 0x78, 0x3f, 0xf8,
    0xdb, 0xa1, 0xff, 0xc4, 0x89, 0xf, 0xfe, 0x22,
    0x21, 0xfd, 0x84, 0xe1, 0xf6, 0x1f, 0xfc, 0x3c,
    0x32, 0x1e, 0xfa, 0xf, 0xfe, 0x27, 0xc8, 0x7e,
    0x70, 0xfe, 0xc3, 0xff, 0xbf, 0x8, 0x10, 0xff,
    0xe0, 0x79, 0x2f, 0xf, 0x1, 0xc, 0xff, 0xfd,
    0x3, 0x43, 0xff, 0x89, 0x6c, 0x1f, 0xfc, 0x4b,
    0xc1, 0xff, 0xc5,

    /* U+FD2A "ﴪ" */
    0xb, 0x9, 0xc3, 0xec, 0x3f, 0xf8, 0x78, 0x64,
    0x3d, 0xf4, 0x1f, 0xfc, 0x4f, 0x90, 0xfc, 0xe1,
    0xfd, 0x87, 0xff, 0x7e, 0x10, 0x21, 0xff, 0xc0,
    0xf2, 0x5e, 0x1e, 0x2, 0x19, 0xff, 0xfa, 0x6,
    0x87, 0xff, 0x12, 0xd8, 0x3f, 0xf8, 0x97, 0x83,
    0xff, 0x8a,

    /* U+FD2B "ﴫ" */
    0xb, 0x9, 0xc0, 0xfc, 0x87, 0xff, 0xb, 0xa7,
    0x44, 0x3e, 0xfa, 0x37, 0x46, 0x81, 0xf7, 0xc8,
    0xc1, 0x90, 0xff, 0xb2, 0xf, 0xff, 0x1a, 0x1f,
    0xf7, 0xfc, 0x58, 0x48, 0x67, 0xff, 0xe0, 0xb4,
    0x3f, 0xf8, 0x96, 0xc1, 0xff, 0xc4, 0xbc, 0x1f,
    0xfc, 0x50,

    /* U+FD2C "ﴬ" */
    0xf, 0xfe, 0xa6, 0x1f, 0xfc, 0x78, 0x3f, 0xd8,
    0x4e, 0x6, 0xf2, 0x1f, 0xfc, 0x2e, 0x9d, 0x10,
    0xfb, 0xe8, 0xdd, 0x1a, 0x7, 0xdf, 0x23, 0x6,
    0x43, 0xfe, 0xc8, 0x3f, 0xfc, 0x68, 0x7f, 0xdf,
    0xf1, 0x61, 0x21, 0x9f, 0xff, 0x82, 0xd0, 0xff,
    0xe2, 0x5b, 0x7, 0xff, 0x12, 0xf0, 0x7f, 0xf1,
    0x40,

    /* U+FD3E "﴾" */
    0x6, 0x4, 0x29, 0xb, 0x9, 0x10, 0xfb, 0xb,
    0xf, 0x90, 0xe8, 0x12, 0x4, 0x0,

    /* U+FD3F "﴿" */
    0x70, 0x21, 0xd0, 0x14, 0xc, 0x24, 0x3f, 0x90,
    0x91, 0xb, 0x9, 0x41, 0x42, 0x10,

    /* U+FDF2 "ﷲ" */
    0xf, 0xfe, 0x1e, 0xa, 0x7, 0xf9, 0xc3, 0xff,
    0xa5, 0x7e, 0x43, 0xff, 0x83, 0x9f, 0x18, 0x7f,
    0xf0, 0xa0, 0x90, 0xff, 0xe0, 0xa1, 0xff, 0xdb,
    0x43, 0xff, 0x93, 0x4, 0x85, 0x84, 0x87, 0xb3,
    0xe1, 0xf2, 0x7a, 0xe,

    /* U+FE82 "ﺂ" */
    0x6e, 0x3, 0x70, 0x7f, 0x38, 0x7f, 0xfc, 0x3c,
    0x0,

    /* U+FE84 "ﺄ" */
    0x1d, 0xa, 0xd0, 0x27, 0x1, 0xf4, 0x13, 0x87,
    0xff, 0xc3, 0xc0,

    /* U+FE86 "ﺆ" */
    0x9, 0xd0, 0xfa, 0xd0, 0xfd, 0xe0, 0xfb, 0xe0,
    0xf5, 0xf9, 0xb, 0x3e, 0x30, 0xd0, 0x48, 0x48,
    0x7f, 0xf1, 0xd0, 0xff, 0xa0, 0x90, 0xd9, 0xf0,
    0xf0, 0x2f, 0x8b, 0x83, 0x91, 0xa, 0xfa, 0x81,
    0xaf, 0xc8, 0x40,

    /* U+FE88 "ﺈ" */
    0x1c, 0x3f, 0xfe, 0x1e, 0x3, 0xf0, 0x1d, 0xa,
    0xd0, 0x27, 0x0,

    /* U+FE8A "ﺊ" */
    0x2c, 0x3f, 0xf8, 0x9, 0x87, 0xff, 0x2, 0x74,
    0x3f, 0xef, 0x90, 0xff, 0xe0, 0x61, 0xff, 0xd0,
    0x43, 0xf5, 0xf9, 0xf, 0xeb, 0xc4, 0xa0, 0xff,
    0xe0, 0x20, 0x74, 0x3e, 0x83, 0x55, 0xff, 0x18,
    0x67, 0xff, 0x41, 0x0,

    /* U+FE8B "ﺋ" */
    0x3, 0xa0, 0xb4, 0x2f, 0x3, 0xe0, 0xa0, 0x94,
    0x1f, 0xfc, 0xe7, 0x80,

    /* U+FE8C "ﺌ" */
    0x3, 0xa1, 0xad, 0xe, 0xf0, 0x6f, 0x83, 0xa0,
    0xe5, 0x7, 0xff, 0x69, 0xe3, 0xc0,

    /* U+FE8E "ﺎ" */
    0x70, 0xff, 0xf3, 0x78,

    /* U+FE90 "ﺐ" */
    0xf, 0xf6, 0x87, 0xff, 0x17, 0xf, 0xfe, 0x2,
    0x1f, 0xfc, 0xf4, 0x3f, 0xf8, 0x7a, 0x1f, 0xf6,
    0xdf, 0xe2, 0xd0, 0x5f, 0xfe, 0x43, 0xff, 0x8f,
    0x40, 0xff, 0xe0, 0x50, 0x3e,

    /* U+FE91 "ﺑ" */
    0x3, 0x87, 0xff, 0x31, 0xe1, 0xf8, 0x3c, 0xe0,
    0x60,

    /* U+FE92 "ﺒ" */
    0x3, 0x87, 0xff, 0x85, 0xe3, 0xc3, 0xfc, 0x1f,
    0xe7, 0xe, 0x60, 0x80,

    /* U+FE94 "ﺔ" */
    0xf, 0xfe, 0x3, 0x98, 0x79, 0x88, 0x3e, 0x44,
    0x3d, 0x7e, 0x42, 0xcf, 0x8c, 0x34, 0x12, 0x12,
    0x1f, 0xfc, 0x74, 0x3f, 0xe8, 0x24, 0x36, 0x7c,
    0x3c,

    /* U+FE96 "ﺖ" */
    0xf, 0xfe, 0x35, 0x60, 0xff, 0x56, 0x4, 0x87,
    0xff, 0x1, 0xd, 0x87, 0xff, 0x1, 0xf, 0xfe,
    0x7a, 0x1f, 0xfc, 0x3d, 0xf, 0xfb, 0x6f, 0xf1,
    0x68,

    /* U+FE97 "ﺗ" */
    0xf, 0x9c, 0xc0, 0xc4, 0x12, 0x21, 0x38, 0x7f,
    0xf6, 0x9e, 0x8,

    /* U+FE98 "ﺘ" */
    0xf, 0xce, 0x61, 0x31, 0x6, 0x44, 0x33, 0x87,
    0xff, 0x85, 0xe3, 0xc0,

    /* U+FE9A "ﺚ" */
    0xe, 0xa0, 0x7f, 0xf0, 0x3c, 0x1f, 0xf5, 0xe8,
    0x3f, 0xd5, 0x81, 0x21, 0xff, 0xc0, 0x43, 0x61,
    0xff, 0xc0, 0x43, 0xff, 0x9e, 0x87, 0xff, 0xf,
    0x43, 0xfe, 0xdb, 0xfc, 0x5a,

    /* U+FE9B "ﺛ" */
    0xf, 0xec, 0x3a, 0x9, 0xdc, 0xc, 0x41, 0x22,
    0x13, 0x87, 0xff, 0x69, 0xe0, 0x80,

    /* U+FE9C "ﺜ" */
    0xf, 0xf6, 0x1e, 0x83, 0x3b, 0x84, 0xc4, 0x19,
    0x10, 0xce, 0x1f, 0xfe, 0x17, 0x8f, 0x0,

    /* U+FE9E "ﺞ" */
    0x1f, 0xd0, 0x73, 0x7a, 0x70, 0xe4, 0xe, 0x1f,
    0xfc, 0x4, 0x3f, 0xfb, 0x3f, 0xc5, 0xa6, 0xff,
    0xca, 0x20, 0x48, 0x7f, 0x48, 0x64, 0x83, 0xfb,
    0x7e, 0xf, 0xbf, 0x7, 0x0,

    /* U+FE9F "ﺟ" */
    0x5, 0xf9, 0xb, 0xbd, 0x44, 0xa, 0x3, 0x40,
    0xff, 0xec, 0x3f, 0xe8, 0x7f, 0xf0, 0x7f, 0xf0,
    0x68, 0x1f, 0x50, 0x20,

    /* U+FEA0 "ﺠ" */
    0x5, 0xf9, 0xe, 0xef, 0x51, 0xc, 0xa0, 0x34,
    0xf, 0xff, 0x13, 0xfe, 0x8f, 0x3f, 0xfe, 0xf,
    0xfe, 0x1d, 0x3, 0xfa, 0x81, 0xc0,

    /* U+FEA2 "ﺢ" */
    0x1f, 0xd0, 0x73, 0x7a, 0x70, 0xe4, 0xe, 0x1f,
    0xfc, 0x4, 0x3f, 0xfb, 0x3f, 0xc5, 0xa6, 0xff,
    0xca, 0x20, 0xff, 0xe3, 0xa4, 0x1f, 0xdb, 0xf8,
    0x3d, 0xfc, 0x18,

    /* U+FEA3 "ﺣ" */
    0x5, 0xf9, 0xb, 0xbd, 0x44, 0xa, 0x3, 0x40,
    0xff, 0xec, 0x3f, 0xe8,

    /* U+FEA4 "ﺤ" */
    0x5, 0xf9, 0xe, 0xef, 0x51, 0xc, 0xa0, 0x34,
    0xf, 0xff, 0x13, 0xfe, 0x8f, 0x0,

    /* U+FEA6 "ﺦ" */
    0xf, 0xfe, 0x1e, 0x1f, 0xe8, 0x3e, 0x7d, 0x70,
    0x73, 0x7a, 0x70, 0xe4, 0xe, 0x1f, 0xfc, 0x4,
    0x3f, 0xfb, 0x3f, 0xc5, 0xa6, 0xff, 0xca, 0x20,
    0xff, 0xe3, 0xa4, 0x1f, 0xdb, 0xf8, 0x3d, 0xfc,
    0x18,

    /* U+FEA7 "ﺧ" */
    0xf, 0xfe, 0xd, 0x3, 0xea, 0x7, 0x5f, 0x90,
    0xbb, 0xd4, 0x40, 0xa0, 0x34, 0xf, 0xfe, 0xc3,
    0xfe, 0x80,

    /* U+FEA8 "ﺨ" */
    0xf, 0xfe, 0x1d, 0x3, 0xfa, 0x81, 0xf5, 0xf9,
    0xe, 0xef, 0x51, 0xc, 0xa0, 0x34, 0xf, 0xff,
    0x13, 0xfe, 0x8f, 0x0,

    /* U+FEAA "ﺪ" */
    0x2f, 0x41, 0xd7, 0x8c, 0x3e, 0x98, 0x3e, 0xd0,
    0xff, 0xe6, 0xe1, 0x3f, 0x93, 0xc0,

    /* U+FEAC "ﺬ" */
    0xf, 0xfb, 0xf, 0xd0, 0x7e, 0x43, 0xeb, 0xd0,
    0x75, 0xe3, 0xf, 0xa6, 0xf, 0xb4, 0x3f, 0xf9,
    0xb8, 0x4f, 0xe4, 0xf0,

    /* U+FEAE "ﺮ" */
    0xb, 0xf, 0xff, 0x2f, 0x82, 0x4f, 0x5, 0xa1,
    0x5b, 0x5, 0x78, 0x30,

    /* U+FEB0 "ﺰ" */
    0xf, 0xf6, 0x1e, 0x83, 0xc8, 0x7b, 0xf, 0xff,
    0x2f, 0x82, 0x4f, 0x5, 0xa1, 0x5b, 0x5, 0x78,
    0x30,

    /* U+FEB2 "ﺲ" */
    0xf, 0xfe, 0x23, 0x7, 0xfc, 0x84, 0xe1, 0x21,
    0xff, 0x48, 0x79, 0xe, 0x43, 0xff, 0x91, 0x21,
    0xff, 0xc8, 0x43, 0xff, 0x9f, 0x82, 0xe, 0x40,
    0x87, 0xe7, 0xc0, 0xf8, 0xb0, 0xff, 0x5f, 0xfe,
    0x10, 0xff, 0xe4, 0xba, 0x16, 0x21, 0xff, 0xc0,
    0xab, 0xe7, 0xf, 0xfe, 0x13, 0xfa, 0xf, 0xfe,
    0x8,

    /* U+FEB3 "ﺳ" */
    0xf, 0xf9, 0x41, 0x90, 0xa8, 0x14, 0x1a, 0x43,
    0xff, 0x90, 0x87, 0xff, 0x65, 0x40, 0x40, 0xf8,
    0xbc, 0xf, 0x40,

    /* U+FEB4 "ﺴ" */
    0xf, 0xf9, 0x41, 0xe4, 0x2a, 0x5, 0x7, 0xa4,
    0x3f, 0xf9, 0x48, 0x7f, 0xf7, 0xd4, 0x4, 0x33,
    0xe2, 0xf0, 0x3d, 0x1e, 0x0,

    /* U+FEB6 "ﺶ" */
    0xf, 0xfe, 0xab, 0x87, 0xff, 0x1d, 0x83, 0xff,
    0x8d, 0x43, 0xf, 0xfe, 0x2d, 0x18, 0x3f, 0xf9,
    0x8, 0x7f, 0xf1, 0xd0, 0x38, 0x7f, 0xca, 0x3,
    0x1, 0xf, 0xfe, 0x4, 0x1f, 0xfc, 0x14, 0x3f,
    0xf9, 0x12, 0x1f, 0xfc, 0x84, 0x3f, 0xf9, 0xf8,
    0x20, 0xe4, 0x8, 0x7e, 0x7c, 0xf, 0x8b, 0xf,
    0xf5, 0xff, 0xe1, 0xf, 0xfe, 0x4b, 0xa1, 0x62,
    0x1f, 0xfc, 0xa, 0xbe, 0x70, 0xff, 0xe1, 0x3f,
    0xa0, 0xff, 0xe0, 0x80,

    /* U+FEB7 "ﺷ" */
    0xf, 0xfe, 0x4d, 0x3, 0xff, 0x81, 0x40, 0xff,
    0xab, 0x7, 0xfa, 0xb0, 0x7f, 0xf4, 0x68, 0x1a,
    0xa, 0x80, 0xd0, 0xca, 0xf, 0xfe, 0x42, 0x1f,
    0xfd, 0x95, 0x1, 0x3, 0xe2, 0xf0, 0x3d, 0x0,

    /* U+FEB8 "ﺸ" */
    0xf, 0xfe, 0x5d, 0x3, 0xff, 0x85, 0x40, 0xff,
    0xe0, 0xd6, 0xf, 0xfe, 0x5, 0x60, 0xff, 0xea,
    0xd0, 0x3d, 0x5, 0x40, 0x68, 0x79, 0x41, 0xff,
    0xca, 0x43, 0xff, 0xbe, 0xa0, 0x21, 0x9f, 0x17,
    0x81, 0xe8, 0xf0,

    /* U+FEBA "ﺺ" */
    0xf, 0xda, 0xb, 0xd0, 0x7f, 0xf0, 0x9c, 0xb3,
    0xf, 0xfe, 0x5, 0x39, 0x26, 0x9, 0xf, 0xd8,
    0x76, 0x85, 0x21, 0xe4, 0x3f, 0xf8, 0x8, 0x7b,
    0xf, 0xfe, 0x3e, 0x1e, 0xc2, 0x43, 0xf3, 0xfe,
    0x4f, 0x7, 0xf5, 0xff, 0xe4, 0x3f, 0xf9, 0xe,
    0x85, 0x88, 0x7f, 0xd5, 0x7c, 0xe1, 0xff, 0xc1,
    0x7f, 0x41, 0xff, 0xc0,

    /* U+FEBB "ﺻ" */
    0xa, 0x80, 0xbe, 0x43, 0xce, 0x5b, 0x7, 0x37,
    0x24, 0xc1, 0xd8, 0x76, 0x86, 0x43, 0xff, 0x98,
    0x87, 0xf3, 0xe1, 0xff, 0x40,

    /* U+FEBC "ﺼ" */
    0xa, 0x80, 0xbe, 0x43, 0xf3, 0x96, 0xc1, 0xf3,
    0x72, 0x4c, 0x1f, 0x61, 0xda, 0x1e, 0x43, 0xff,
    0xa0, 0x87, 0xfc, 0xf8, 0x7f, 0xd1, 0xe0,

    /* U+FEBE "ﺾ" */
    0xf, 0xfe, 0xa3, 0x87, 0xff, 0x19, 0x83, 0xff,
    0x8e, 0x87, 0xff, 0xb, 0x41, 0x7a, 0xf, 0xfe,
    0x13, 0x96, 0x61, 0xff, 0xc0, 0xa7, 0x24, 0xc1,
    0x21, 0xfb, 0xe, 0xd0, 0xa4, 0x3c, 0x87, 0xff,
    0x1, 0xf, 0x61, 0xff, 0xc7, 0xc3, 0xd8, 0x48,
    0x7e, 0x7f, 0xc9, 0xe0, 0xfe, 0xbf, 0xfc, 0x87,
    0xff, 0x21, 0xd0, 0xb1, 0xf, 0xfa, 0xaf, 0x9c,
    0x3f, 0xf8, 0x2f, 0xe8, 0x3f, 0xf8, 0x0,

    /* U+FEBF "ﺿ" */
    0xf, 0xfe, 0x43, 0x87, 0xfc, 0xc1, 0xff, 0xc0,
    0x43, 0xea, 0x2, 0xf9, 0xf, 0x39, 0x6c, 0x1c,
    0xdc, 0x93, 0x7, 0x61, 0xda, 0x19, 0xf, 0xfe,
    0x62, 0x1f, 0xcf, 0x87, 0xfd, 0x0,

    /* U+FEC0 "ﻀ" */
    0xf, 0xfe, 0x53, 0x87, 0xff, 0x5, 0x83, 0xff,
    0x84, 0x87, 0xf5, 0x1, 0x7c, 0x87, 0xe7, 0x2d,
    0x83, 0xe6, 0xe4, 0x98, 0x3e, 0xc3, 0xb4, 0x3c,
    0x87, 0xff, 0x41, 0xf, 0xf9, 0xf0, 0xff, 0xa3,
    0xc0,

    /* U+FEC2 "ﻂ" */
    0x28, 0x1f, 0xfe, 0xb, 0xe4, 0x3f, 0x65, 0xd1,
    0xe, 0x7a, 0x22, 0xb0, 0xf4, 0x86, 0xd0, 0xf2,
    0x1c, 0x87, 0x90, 0xff, 0xe0, 0x28, 0x3c, 0x86,
    0x81, 0xfe, 0x8f, 0x0,

    /* U+FEC3 "ﻃ" */
    0x6, 0x87, 0xff, 0x6a, 0xf4, 0x1e, 0x73, 0xc6,
    0x1b, 0xb8, 0x10, 0x84, 0xe1, 0xce, 0x12, 0x1f,
    0xf6, 0x1f, 0xfc, 0x75, 0x65, 0xfe, 0x40,

    /* U+FEC4 "ﻄ" */
    0x6, 0x87, 0xff, 0x82, 0xf4, 0x1f, 0x9c, 0xf1,
    0x87, 0xbb, 0x81, 0x8, 0x73, 0x87, 0x38, 0x72,
    0x1f, 0xfc, 0x1c, 0x3f, 0xf9, 0x28, 0x1c, 0xbf,
    0xc9, 0xa0,

    /* U+FEC6 "ﻆ" */
    0xf, 0xfe, 0x1d, 0x0, 0xe1, 0xff, 0xc0, 0x60,
    0xff, 0xe0, 0xa1, 0xff, 0xc0, 0xbe, 0x43, 0xf6,
    0x5d, 0x10, 0xe7, 0xa2, 0x2b, 0xf, 0x48, 0x6d,
    0xf, 0x21, 0xc8, 0x79, 0xf, 0xfe, 0x2, 0x83,
    0xc8, 0x68, 0x1f, 0xe8, 0xf0,

    /* U+FEC7 "ﻇ" */
    0xf, 0xfe, 0x16, 0x82, 0x81, 0xfe, 0xa0, 0x7f,
    0xf2, 0xaf, 0x41, 0xe7, 0x3c, 0x61, 0xbb, 0x81,
    0x8, 0x4e, 0x1c, 0xe1, 0x21, 0xff, 0x61, 0xff,
    0xc7, 0x56, 0x5f, 0xe4,

    /* U+FEC8 "ﻈ" */
    0xf, 0xfe, 0x26, 0x82, 0x81, 0xff, 0xc0, 0xa0,
    0x7f, 0xf3, 0xaf, 0x41, 0xf9, 0xcf, 0x18, 0x7b,
    0xb8, 0x10, 0x87, 0x38, 0x73, 0x87, 0x21, 0xff,
    0xc1, 0xc3, 0xff, 0x92, 0x81, 0xcb, 0xfc, 0x9a,

    /* U+FECA "ﻊ" */
    0x5, 0xfa, 0xd, 0xb7, 0xa3, 0xd, 0x20, 0x60,
    0xce, 0x19, 0xd, 0x28, 0xd, 0x3, 0x57, 0x90,
    0xc8, 0xb8, 0x33, 0xb4, 0x7e, 0x4a, 0x95, 0xf9,
    0x42, 0x1f, 0xfc, 0x74, 0x83, 0xfb, 0x7f, 0x7,
    0xbf, 0x83, 0x0,

    /* U+FECB "ﻋ" */
    0xe, 0xbd, 0x6, 0x73, 0xd0, 0x6a, 0x83, 0xf2,
    0x1f, 0x21, 0xfc, 0x87, 0xfd, 0x87, 0x3e, 0x7,
    0xe0,

    /* U+FECC "ﻌ" */
    0xa, 0xfd, 0x7, 0x6d, 0xe8, 0xd0, 0xd2, 0x6,
    0x10, 0x9c, 0x32, 0x1d, 0x28, 0x2a, 0x7, 0x51,
    0x5a, 0x83, 0x95, 0x42, 0x9, 0xf9, 0x63, 0xe4,

    /* U+FECE "ﻎ" */
    0xf, 0xfe, 0x1d, 0x3, 0xfa, 0x81, 0xff, 0xc6,
    0xbf, 0x41, 0xb6, 0xf4, 0x61, 0xa4, 0xc, 0x19,
    0xc3, 0x21, 0xa5, 0x1, 0xa0, 0x6a, 0xf2, 0x19,
    0x17, 0x6, 0x76, 0x8f, 0xc9, 0x52, 0xbf, 0x28,
    0x43, 0xff, 0x8e, 0x90, 0x7f, 0x6f, 0xe0, 0xf7,
    0xf0, 0x60,

    /* U+FECF "ﻏ" */
    0xf, 0xfe, 0x1b, 0x87, 0xe6, 0xf, 0xe4, 0x3f,
    0x5e, 0x83, 0x39, 0xe8, 0x35, 0x41, 0xf9, 0xf,
    0x90, 0xfe, 0x43, 0xfe, 0xc3, 0x9f, 0x3, 0xf0,

    /* U+FED0 "ﻐ" */
    0xf, 0xfe, 0x2d, 0x87, 0xfa, 0xc3, 0xff, 0x91,
    0x7e, 0x83, 0xb6, 0xf4, 0x68, 0x69, 0x3, 0x8,
    0x4e, 0x19, 0xe, 0x94, 0x15, 0x3, 0xa8, 0xad,
    0x41, 0xca, 0xa1, 0x4, 0xfc, 0xb1, 0xf2,

    /* U+FED2 "ﻒ" */
    0xf, 0xfe, 0x8d, 0x3, 0xff, 0x89, 0x40, 0xff,
    0xea, 0x3f, 0xc1, 0xff, 0xc0, 0xa7, 0xa0, 0xed,
    0xe, 0x94, 0x4, 0x3c, 0x87, 0xff, 0x5d, 0xf,
    0xfe, 0x23, 0x21, 0xb6, 0x42, 0x42, 0xab, 0xf4,
    0x37, 0x8b, 0x0,

    /* U+FED3 "ﻓ" */
    0xf, 0xfe, 0x26, 0x1f, 0xd0, 0x7f, 0x21, 0xf5,
    0xf9, 0xb, 0x3e, 0x30, 0xd0, 0x7c, 0x87, 0xff,
    0x45, 0x24, 0x33, 0xe1, 0xbc, 0x0,

    /* U+FED4 "ﻔ" */
    0xf, 0xfe, 0x36, 0x1f, 0xf4, 0x1f, 0xf2, 0x1f,
    0xd7, 0xe4, 0x3b, 0x3e, 0x30, 0xf4, 0x1f, 0xc8,
    0x7f, 0xf5, 0xd2, 0x43, 0xcf, 0x86, 0xf0, 0xf0,

    /* U+FED6 "ﻖ" */
    0xf, 0xfe, 0x5e, 0x68, 0x7f, 0xd1, 0x21, 0xff,
    0x22, 0x1f, 0xf5, 0xfa, 0xf, 0xd9, 0xf0, 0x7f,
    0xd0, 0x48, 0x7e, 0x43, 0xfd, 0xa1, 0xff, 0xc5,
    0x43, 0xfe, 0x43, 0x41, 0xff, 0xc1, 0xcf, 0x95,
    0xc8, 0x7a, 0xf9, 0x5c, 0x87, 0xf9, 0xc3, 0x61,
    0xf4, 0x21, 0x6f, 0xfc, 0xe1, 0xd7, 0xfe, 0xc,

    /* U+FED7 "ﻗ" */
    0xf, 0xfe, 0x13, 0x98, 0x79, 0x88, 0x3e, 0x44,
    0x3d, 0x7e, 0x42, 0xcf, 0x8c, 0x34, 0x1f, 0x21,
    0xff, 0xd1, 0x49, 0xc, 0xf8, 0x6f, 0x0,

    /* U+FED8 "ﻘ" */
    0xf, 0xfe, 0x23, 0x98, 0x7e, 0x62, 0xf, 0xe4,
    0x43, 0xf5, 0xf9, 0xe, 0xcf, 0x8c, 0x3d, 0x7,
    0xf2, 0x1f, 0xfd, 0x74, 0x90, 0xf3, 0xe1, 0xbc,
    0x3c,

    /* U+FEDA "ﻚ" */
    0xf, 0xf6, 0x87, 0xff, 0x5e, 0xc3, 0xff, 0x80,
    0xe1, 0xfa, 0x4, 0x68, 0x7c, 0x82, 0xf2, 0x1e,
    0x43, 0xff, 0x9e, 0x9a, 0x1f, 0xf6, 0xdf, 0xe2,
    0xd0,

    /* U+FEDB "ﻛ" */
    0xf, 0xfe, 0x16, 0x87, 0xd0, 0x87, 0xce, 0x1f,
    0x48, 0x7e, 0xdf, 0xc8, 0x4f, 0xea, 0x21, 0xf2,
    0xb0, 0xfd, 0xa1, 0xff, 0xc6, 0xc7, 0xfe, 0x40,

    /* U+FEDC "ﻜ" */
    0xf, 0xfe, 0x26, 0x87, 0xf4, 0x21, 0xfc, 0xe1,
    0xfd, 0x21, 0xfe, 0xdf, 0xc8, 0x73, 0xfa, 0x88,
    0x7f, 0x2b, 0xf, 0xf6, 0x87, 0xff, 0x2b, 0x9,
    0xff, 0x93, 0xc0,

    /* U+FEDE "ﻞ" */
    0xf, 0xda, 0x1f, 0xff, 0xfd, 0xf, 0xf9, 0xf,
    0xfe, 0x36, 0x4, 0x3f, 0x3a, 0x1f, 0xd6, 0xa0,
    0xff, 0xe0, 0x3a, 0x14, 0x21, 0x55, 0xf1, 0x87,
    0x3f, 0xa0, 0xc0,

    /* U+FEDF "ﻟ" */
    0xb, 0xf, 0xff, 0x13, 0xe0, 0x0,

    /* U+FEE0 "ﻠ" */
    0xb, 0xf, 0xff, 0x9a, 0x7, 0xc5, 0x80,

    /* U+FEE2 "ﻢ" */
    0x5, 0xf4, 0x1c, 0xab, 0xc6, 0x1e, 0x41, 0x30,
    0x7f, 0x68, 0x7f, 0xf4, 0xf0, 0xf7, 0xe4, 0xf1,
    0x3f, 0xf9, 0x20, 0xff, 0xe9, 0x21, 0xff, 0x41,
    0xfc,

    /* U+FEE3 "ﻣ" */
    0xa, 0xfc, 0x87, 0x2b, 0xd4, 0x43, 0xa0, 0x34,
    0xf, 0xe4, 0x3f, 0xfa, 0x8, 0x48, 0x1f, 0x17,
    0xd0, 0x0,

    /* U+FEE4 "ﻤ" */
    0xa, 0xfc, 0x87, 0xca, 0xf5, 0x10, 0xfa, 0x3,
    0x40, 0xff, 0x90, 0xff, 0xeb, 0x21, 0x21, 0x9f,
    0x17, 0xd1, 0xe0,

    /* U+FEE6 "ﻦ" */
    0xf, 0xfe, 0x25, 0x3, 0xfd, 0x40, 0x68, 0x7f,
    0xf3, 0xd0, 0xff, 0xa4, 0x3f, 0xe4, 0x3f, 0xf8,
    0xd8, 0x10, 0xfc, 0xe8, 0x7f, 0x5a, 0x83, 0xff,
    0x80, 0xe8, 0x58, 0x85, 0x57, 0xce, 0x1c, 0xfe,
    0x83, 0x0,

    /* U+FEE7 "ﻧ" */
    0xf, 0x38, 0x18, 0x24, 0xe, 0x1f, 0xfc, 0xc7,
    0x80,

    /* U+FEE8 "ﻨ" */
    0xf, 0xe7, 0xe, 0x60, 0xf2, 0x1c, 0xe1, 0xff,
    0xe1, 0x78, 0xf0,

    /* U+FEEA "ﻪ" */
    0x5, 0xf9, 0xb, 0x3e, 0x30, 0xd0, 0x48, 0x48,
    0x7f, 0xf1, 0xd0, 0xff, 0xa0, 0x90, 0xd9, 0xf0,
    0xf0,

    /* U+FEEB "ﻫ" */
    0x9, 0xbf, 0x41, 0xf7, 0x7a, 0x30, 0xe5, 0x80,
    0xce, 0x1f, 0xf4, 0x1e, 0xbc, 0x86, 0x42, 0x9e,
    0x88, 0x10, 0xce, 0x2b, 0xb, 0xc, 0x84, 0x81,
    0x1f, 0x17, 0x93, 0xc0,

    /* U+FEEC "ﻬ" */
    0xa, 0xfa, 0x43, 0xcd, 0xf4, 0x1c, 0x88, 0x15,
    0x7, 0xfb, 0x43, 0xff, 0xad, 0x84, 0xf1, 0xf9,
    0x3c, 0xf1, 0xfa, 0x3c, 0x1f, 0xfc, 0x89, 0xc,
    0x9f, 0x98, 0x3b, 0xfa, 0x8,

    /* U+FEEE "ﻮ" */
    0x5, 0xf9, 0xb, 0x3e, 0x30, 0xd0, 0x48, 0x48,
    0x7f, 0xf1, 0xd0, 0xff, 0xa0, 0x90, 0xd9, 0xf0,
    0xf0, 0x2f, 0x8b, 0x83, 0x91, 0xa, 0xfa, 0x81,
    0xaf, 0xc8, 0x40,

    /* U+FEF0 "ﻰ" */
    0x30, 0xff, 0xe8, 0x21, 0xfa, 0xfc, 0x87, 0xf5,
    0xe2, 0x50, 0x7f, 0xf0, 0x10, 0x3a, 0x1f, 0x41,
    0xaa, 0xff, 0x8c, 0x33, 0xff, 0xa0, 0x80,

    /* U+FEF2 "ﻲ" */
    0x30, 0xff, 0xe8, 0x21, 0xfa, 0xfc, 0x87, 0xf5,
    0xe2, 0x50, 0x7f, 0xf0, 0x10, 0x3a, 0x1f, 0x41,
    0xaa, 0xff, 0x8c, 0x33, 0xff, 0xa0, 0xff, 0xe5,
    0xf5, 0x7, 0xfd, 0xd4, 0x1e,

    /* U+FEF3 "ﻳ" */
    0x3, 0x87, 0xff, 0x69, 0xe0, 0x9f, 0x83, 0xf9,
    0xcc, 0xc, 0x40,

    /* U+FEF4 "ﻴ" */
    0x3, 0x87, 0xff, 0x85, 0xe3, 0xc3, 0xfc, 0x1f,
    0xce, 0x61, 0x31, 0x0,

    /* U+FEF5 "ﻵ" */
    0xf, 0xfe, 0x5, 0xe4, 0x18, 0x57, 0x90, 0xfb,
    0x43, 0xff, 0xf3, 0x81, 0x3, 0xe1, 0xf4, 0x0,

    /* U+FEF6 "ﻶ" */
    0xf, 0xfe, 0x15, 0xe4, 0x18, 0x75, 0xe4, 0x3f,
    0xb4, 0x3f, 0xff, 0xe1, 0xfb, 0x2, 0x19, 0xf0,
    0xfa, 0x3c, 0x0,

    /* U+FEF7 "ﻷ" */
    0xa, 0xc3, 0xe4, 0xc3, 0xe9, 0xd0, 0x61, 0x7c,
    0x87, 0xda, 0x1f, 0xff, 0x9c, 0x8, 0x1f, 0xf,
    0xa0, 0x0,

    /* U+FEF8 "ﻸ" */
    0xa, 0xc3, 0xf9, 0x30, 0xfe, 0x9d, 0x6, 0x1d,
    0xf2, 0x1f, 0xda, 0x1f, 0xff, 0xf0, 0xfd, 0x81,
    0xc, 0xf8, 0x7d, 0x1e, 0x0,

    /* U+FEF9 "ﻹ" */
    0xf, 0xd8, 0x7f, 0xf0, 0xb4, 0x3f, 0xff, 0x38,
    0x10, 0x3e, 0x1f, 0x40, 0x7f, 0xf0, 0x6b, 0xf,
    0x93, 0xf, 0xa7, 0x43, 0x0,

    /* U+FEFA "ﻺ" */
    0xf, 0xd8, 0x7f, 0xf1, 0xb4, 0x3f, 0xff, 0xe1,
    0xfb, 0x2, 0x19, 0xf0, 0xfa, 0x3c, 0x3f, 0xfe,
    0xd, 0x61, 0xfc, 0x98, 0x7f, 0x4e, 0x87, 0x80,

    /* U+FEFB "ﻻ" */
    0xf, 0xd8, 0x7f, 0xf0, 0xb4, 0x3f, 0xff, 0x38,
    0x10, 0x3e, 0x1f, 0x40,

    /* U+FEFC "ﻼ" */
    0xf, 0xd8, 0x7f, 0xf1, 0xb4, 0x3f, 0xff, 0xe1,
    0xfb, 0x2, 0x19, 0xf0, 0xfa, 0x3c, 0x0
};


/*---------------------
 *  GLYPH DESCRIPTION
 *--------------------*/

static const lv_font_fmt_txt_glyph_dsc_t glyph_dsc[] = {
    {.bitmap_index = 0, .adv_w = 0, .box_w = 0, .box_h = 0, .ofs_x = 0, .ofs_y = 0} /* id = 0 reserved */,
    {.bitmap_index = 0, .adv_w = 56, .box_w = 0, .box_h = 0, .ofs_x = 0, .ofs_y = 0},
    {.bitmap_index = 0, .adv_w = 64, .box_w = 2, .box_h = 11, .ofs_x = 1, .ofs_y = 0},
    {.bitmap_index = 6, .adv_w = 96, .box_w = 4, .box_h = 4, .ofs_x = 1, .ofs_y = 7},
    {.bitmap_index = 10, .adv_w = 143, .box_w = 9, .box_h = 11, .ofs_x = 0, .ofs_y = 0},
    {.bitmap_index = 31, .adv_w = 143, .box_w = 7, .box_h = 15, .ofs_x = 1, .ofs_y = -2},
    {.bitmap_index = 57, .adv_w = 143, .box_w = 9, .box_h = 13, .ofs_x = 0, .ofs_y = -1},
    {.bitmap_index = 86, .adv_w = 176, .box_w = 11, .box_h = 11, .ofs_x = 0, .ofs_y = 0},
    {.bitmap_index = 116, .adv_w = 54, .box_w = 2, .box_h = 4, .ofs_x = 1, .ofs_y = 7},
    {.bitmap_index = 118, .adv_w = 68, .box_w = 4, .box_h = 14, .ofs_x = 0, .ofs_y = -2},
    {.bitmap_index = 132, .adv_w = 68, .box_w = 4, .box_h = 14, .ofs_x = 0, .ofs_y = -2},
    {.bitmap_index = 145, .adv_w = 108, .box_w = 6, .box_h = 7, .ofs_x = 0, .ofs_y = 5},
    {.bitmap_index = 156, .adv_w = 143, .box_w = 9, .box_h = 8, .ofs_x = 0, .ofs_y = 0},
    {.bitmap_index = 167, .adv_w = 58, .box_w = 3, .box_h = 4, .ofs_x = 0, .ofs_y = -2},
    {.bitmap_index = 170, .adv_w = 112, .box_w = 5, .box_h = 2, .ofs_x = 1, .ofs_y = 3},
    {.bitmap_index = 172, .adv_w = 56, .box_w = 2, .box_h = 2, .ofs_x = 1, .ofs_y = 0},
    {.bitmap_index = 174, .adv_w = 106, .box_w = 7, .box_h = 13, .ofs_x = 0, .ofs_y = -1},
    {.bitmap_index = 194, .adv_w = 143, .box_w = 9, .box_h = 11, .ofs_x = 0, .ofs_y = 0},
    {.bitmap_index = 216, .adv_w = 143, .box_w = 6, .box_h = 11, .ofs_x = 1, .ofs_y = 0},
    {.bitmap_index = 225, .adv_w = 143, .box_w = 7, .box_h = 11, .ofs_x = 1, .ofs_y = 0},
    {.bitmap_index = 243, .adv_w = 143, .box_w = 8, .box_h = 11, .ofs_x = 0, .ofs_y = 0},
    {.bitmap_index = 265, .adv_w = 143, .box_w = 9, .box_h = 11, .ofs_x = 0, .ofs_y = 0},
    {.bitmap_index = 287, .adv_w = 143, .box_w = 8, .box_h = 11, .ofs_x = 1, .ofs_y = 0},
    {.bitmap_index = 308, .adv_w = 143, .box_w = 9, .box_h = 11, .ofs_x = 0, .ofs_y = 0},
    {.bitmap_index = 331, .adv_w = 143, .box_w = 7, .box_h = 11, .ofs_x = 1, .ofs_y = -1},
    {.bitmap_index = 348, .adv_w = 143, .box_w = 9, .box_h = 11, .ofs_x = 0, .ofs_y = 0},
    {.bitmap_index = 372, .adv_w = 143, .box_w = 9, .box_h = 11, .ofs_x = 0, .ofs_y = 0},
    {.bitmap_index = 396, .adv_w = 56, .box_w = 2, .box_h = 7, .ofs_x = 1, .ofs_y = 0},
    {.bitmap_index = 400, .adv_w = 64, .box_w = 3, .box_h = 9, .ofs_x = 0, .ofs_y = -2},
    {.bitmap_index = 407, .adv_w = 143, .box_w = 8, .box_h = 8, .ofs_x = 0, .ofs_y = 0},
    {.bitmap_index = 422, .adv_w = 143, .box_w = 7, .box_h = 5, .ofs_x = 1, .ofs_y = 1},
    {.bitmap_index = 429, .adv_w = 143, .box_w = 7, .box_h = 8, .ofs_x = 1, .ofs_y = 0},
    {.bitmap_index = 443, .adv_w = 114, .box_w = 7, .box_h = 11, .ofs_x = 0, .ofs_y = 0},
    {.bitmap_index = 461, .adv_w = 250, .box_w = 15, .box_h = 14, .ofs_x = 0, .ofs_y = -3},
    {.bitmap_index = 507, .adv_w = 153, .box_w = 10, .box_h = 11, .ofs_x = 0, .ofs_y = 0},
    {.bitmap_index = 533, .adv_w = 157, .box_w = 9, .box_h = 11, .ofs_x = 1, .ofs_y = 0},
    {.bitmap_index = 555, .adv_w = 139, .box_w = 9, .box_h = 11, .ofs_x = 0, .ofs_y = 0},
    {.bitmap_index = 572, .adv_w = 165, .box_w = 9, .box_h = 11, .ofs_x = 1, .ofs_y = 0},
    {.bitmap_index = 589, .adv_w = 142, .box_w = 8, .box_h = 11, .ofs_x = 1, .ofs_y = 0},
    {.bitmap_index = 602, .adv_w = 135, .box_w = 7, .box_h = 11, .ofs_x = 1, .ofs_y = 0},
    {.bitmap_index = 613, .adv_w = 158, .box_w = 9, .box_h = 11, .ofs_x = 0, .ofs_y = 0},
    {.bitmap_index = 636, .adv_w = 173, .box_w = 9, .box_h = 11, .ofs_x = 1, .ofs_y = 0},
    {.bitmap_index = 647, .adv_w = 63, .box_w = 2, .box_h = 11, .ofs_x = 1, .ofs_y = 0},
    {.bitmap_index = 651, .adv_w = 74, .box_w = 4, .box_h = 13, .ofs_x = 0, .ofs_y = -2},
    {.bitmap_index = 657, .adv_w = 146, .box_w = 8, .box_h = 11, .ofs_x = 1, .ofs_y = 0},
    {.bitmap_index = 677, .adv_w = 122, .box_w = 7, .box_h = 11, .ofs_x = 1, .ofs_y = 0},
    {.bitmap_index = 682, .adv_w = 215, .box_w = 12, .box_h = 11, .ofs_x = 1, .ofs_y = 0},
    {.bitmap_index = 711, .adv_w = 173, .box_w = 9, .box_h = 11, .ofs_x = 1, .ofs_y = 0},
    {.bitmap_index = 732, .adv_w = 169, .box_w = 10, .box_h = 11, .ofs_x = 0, .ofs_y = 0},
    {.bitmap_index = 758, .adv_w = 152, .box_w = 8, .box_h = 11, .ofs_x = 1, .ofs_y = 0},
    {.bitmap_index = 775, .adv_w = 169, .box_w = 10, .box_h = 14, .ofs_x = 0, .ofs_y = -3},
    {.bitmap_index = 807, .adv_w = 158, .box_w = 9, .box_h = 11, .ofs_x = 1, .ofs_y = 0},
    {.bitmap_index = 827, .adv_w = 139, .box_w = 8, .box_h = 11, .ofs_x = 0, .ofs_y = 0},
    {.bitmap_index = 848, .adv_w = 135, .box_w = 9, .box_h = 11, .ofs_x = 0, .ofs_y = 0},
    {.bitmap_index = 856, .adv_w = 165, .box_w = 9, .box_h = 11, .ofs_x = 1, .ofs_y = 0},
    {.bitmap_index = 867, .adv_w = 149, .box_w = 9, .box_h = 11, .ofs_x = 0, .ofs_y = 0},
    {.bitmap_index = 891, .adv_w = 227, .box_w = 14, .box_h = 11, .ofs_x = 0, .ofs_y = 0},
    {.bitmap_index = 928, .adv_w = 143, .box_w = 9, .box_h = 11, .ofs_x = 0, .ofs_y = 0},
    {.bitmap_index = 953, .adv_w = 138, .box_w = 9, .box_h = 11, .ofs_x = 0, .ofs_y = 0},
    {.bitmap_index = 971, .adv_w = 137, .box_w = 8, .box_h = 11, .ofs_x = 0, .ofs_y = 0},
    {.bitmap_index = 991, .adv_w = 84, .box_w = 4, .box_h = 15, .ofs_x = 1, .ofs_y = -3},
    {.bitmap_index = 998, .adv_w = 112, .box_w = 7, .box_h = 13, .ofs_x = 0, .ofs_y = -1},
    {.bitmap_index = 1018, .adv_w = 84, .box_w = 5, .box_h = 15, .ofs_x = 0, .ofs_y = -3},
    {.bitmap_index = 1027, .adv_w = 143, .box_w = 9, .box_h = 6, .ofs_x = 0, .ofs_y = 5},
    {.bitmap_index = 1040, .adv_w = 162, .box_w = 8, .box_h = 2, .ofs_x = 1, .ofs_y = -3},
    {.bitmap_index = 1044, .adv_w = 61, .box_w = 5, .box_h = 3, .ofs_x = -1, .ofs_y = 9},
    {.bitmap_index = 1048, .adv_w = 129, .box_w = 8, .box_h = 8, .ofs_x = 0, .ofs_y = 0},
    {.bitmap_index = 1064, .adv_w = 135, .box_w = 7, .box_h = 11, .ofs_x = 1, .ofs_y = 0},
    {.bitmap_index = 1081, .adv_w = 112, .box_w = 7, .box_h = 8, .ofs_x = 0, .ofs_y = 0},
    {.bitmap_index = 1091, .adv_w = 136, .box_w = 8, .box_h = 11, .ofs_x = 0, .ofs_y = 0},
    {.bitmap_index = 1108, .adv_w = 129, .box_w = 8, .box_h = 8, .ofs_x = 0, .ofs_y = 0},
    {.bitmap_index = 1124, .adv_w = 85, .box_w = 6, .box_h = 11, .ofs_x = 0, .ofs_y = 0},
    {.bitmap_index = 1135, .adv_w = 132, .box_w = 8, .box_h = 11, .ofs_x = 0, .ofs_y = -3},
    {.bitmap_index = 1157, .adv_w = 138, .box_w = 7, .box_h = 11, .ofs_x = 1, .ofs_y = 0},
    {.bitmap_index = 1170, .adv_w = 57, .box_w = 2, .box_h = 11, .ofs_x = 1, .ofs_y = 0},
    {.bitmap_index = 1175, .adv_w = 57, .box_w = 4, .box_h = 15, .ofs_x = -1, .ofs_y = -4},
    {.bitmap_index = 1185, .adv_w = 123, .box_w = 7, .box_h = 11, .ofs_x = 1, .ofs_y = 0},
    {.bitmap_index = 1201, .adv_w = 60, .box_w = 2, .box_h = 11, .ofs_x = 1, .ofs_y = 0},
    {.bitmap_index = 1205, .adv_w = 214, .box_w = 12, .box_h = 8, .ofs_x = 1, .ofs_y = 0},
    {.bitmap_index = 1220, .adv_w = 138, .box_w = 7, .box_h = 8, .ofs_x = 1, .ofs_y = 0},
    {.bitmap_index = 1229, .adv_w = 135, .box_w = 8, .box_h = 8, .ofs_x = 0, .ofs_y = 0},
    {.bitmap_index = 1245, .adv_w = 135, .box_w = 7, .box_h = 11, .ofs_x = 1, .ofs_y = -3},
    {.bitmap_index = 1264, .adv_w = 135, .box_w = 8, .box_h = 11, .ofs_x = 0, .ofs_y = -3},
    {.bitmap_index = 1281, .adv_w = 89, .box_w = 5, .box_h = 9, .ofs_x = 1, .ofs_y = 0},
    {.bitmap_index = 1289, .adv_w = 119, .box_w = 7, .box_h = 8, .ofs_x = 0, .ofs_y = 0},
    {.bitmap_index = 1303, .adv_w = 90, .box_w = 6, .box_h = 11, .ofs_x = 0, .ofs_y = 0},
    {.bitmap_index = 1315, .adv_w = 136, .box_w = 7, .box_h = 8, .ofs_x = 1, .ofs_y = 0},
    {.bitmap_index = 1324, .adv_w = 123, .box_w = 8, .box_h = 8, .ofs_x = 0, .ofs_y = 0},
    {.bitmap_index = 1340, .adv_w = 195, .box_w = 12, .box_h = 8, .ofs_x = 0, .ofs_y = 0},
    {.bitmap_index = 1365, .adv_w = 116, .box_w = 7, .box_h = 8, .ofs_x = 0, .ofs_y = 0},
    {.bitmap_index = 1380, .adv_w = 124, .box_w = 8, .box_h = 11, .ofs_x = 0, .ofs_y = -3},
    {.bitmap_index = 1402, .adv_w = 116, .box_w = 7, .box_h = 8, .ofs_x = 0, .ofs_y = 0},
    {.bitmap_index = 1416, .adv_w = 90, .box_w = 6, .box_h = 15, .ofs_x = 0, .ofs_y = -3},
    {.bitmap_index = 1436, .adv_w = 59, .box_w = 2, .box_h = 14, .ofs_x = 1, .ofs_y = -3},
    {.bitmap_index = 1440, .adv_w = 90, .box_w = 6, .box_h = 15, .ofs_x = 0, .ofs_y = -3},
    {.bitmap_index = 1459, .adv_w = 143, .box_w = 7, .box_h = 3, .ofs_x = 1, .ofs_y = 2},
    {.bitmap_index = 1465, .adv_w = 57, .box_w = 3, .box_h = 4, .ofs_x = 0, .ofs_y = 0},
    {.bitmap_index = 1469, .adv_w = 58, .box_w = 3, .box_h = 4, .ofs_x = 0, .ofs_y = -2},
    {.bitmap_index = 1472, .adv_w = 0, .box_w = 5, .box_h = 4, .ofs_x = 0, .ofs_y = 7},
    {.bitmap_index = 1477, .adv_w = 64, .box_w = 3, .box_h = 9, .ofs_x = 1, .ofs_y = 0},
    {.bitmap_index = 1484, .adv_w = 114, .box_w = 7, .box_h = 11, .ofs_x = 0, .ofs_y = 0},
    {.bitmap_index = 1501, .adv_w = 139, .box_w = 9, .box_h = 7, .ofs_x = 0, .ofs_y = 0},
    {.bitmap_index = 1516, .adv_w = 69, .box_w = 5, .box_h = 14, .ofs_x = 0, .ofs_y = 0},
    {.bitmap_index = 1523, .adv_w = 69, .box_w = 4, .box_h = 15, .ofs_x = 0, .ofs_y = 0},
    {.bitmap_index = 1531, .adv_w = 140, .box_w = 8, .box_h = 16, .ofs_x = 0, .ofs_y = -4},
    {.bitmap_index = 1561, .adv_w = 69, .box_w = 4, .box_h = 15, .ofs_x = 0, .ofs_y = -4},
    {.bitmap_index = 1569, .adv_w = 229, .box_w = 14, .box_h = 13, .ofs_x = 0, .ofs_y = -5},
    {.bitmap_index = 1610, .adv_w = 69, .box_w = 2, .box_h = 11, .ofs_x = 1, .ofs_y = 0},
    {.bitmap_index = 1614, .adv_w = 202, .box_w = 12, .box_h = 12, .ofs_x = 0, .ofs_y = -4},
    {.bitmap_index = 1640, .adv_w = 150, .box_w = 9, .box_h = 12, .ofs_x = 0, .ofs_y = 0},
    {.bitmap_index = 1662, .adv_w = 202, .box_w = 12, .box_h = 10, .ofs_x = 0, .ofs_y = 0},
    {.bitmap_index = 1684, .adv_w = 202, .box_w = 12, .box_h = 11, .ofs_x = 0, .ofs_y = 0},
    {.bitmap_index = 1709, .adv_w = 148, .box_w = 9, .box_h = 14, .ofs_x = 0, .ofs_y = -6},
    {.bitmap_index = 1734, .adv_w = 148, .box_w = 9, .box_h = 14, .ofs_x = 0, .ofs_y = -6},
    {.bitmap_index = 1758, .adv_w = 148, .box_w = 9, .box_h = 17, .ofs_x = 0, .ofs_y = -6},
    {.bitmap_index = 1788, .adv_w = 124, .box_w = 7, .box_h = 8, .ofs_x = 0, .ofs_y = 0},
    {.bitmap_index = 1800, .adv_w = 124, .box_w = 7, .box_h = 12, .ofs_x = 0, .ofs_y = 0},
    {.bitmap_index = 1817, .adv_w = 67, .box_w = 5, .box_h = 13, .ofs_x = -1, .ofs_y = -4},
    {.bitmap_index = 1827, .adv_w = 67, .box_w = 5, .box_h = 16, .ofs_x = -1, .ofs_y = -4},
    {.bitmap_index = 1839, .adv_w = 310, .box_w = 19, .box_h = 13, .ofs_x = 0, .ofs_y = -5},
    {.bitmap_index = 1884, .adv_w = 310, .box_w = 19, .box_h = 19, .ofs_x = 0, .ofs_y = -5},
    {.bitmap_index = 1946, .adv_w = 305, .box_w = 18, .box_h = 13, .ofs_x = 0, .ofs_y = -5},
    {.bitmap_index = 1992, .adv_w = 305, .box_w = 18, .box_h = 17, .ofs_x = 0, .ofs_y = -5},
    {.bitmap_index = 2048, .adv_w = 196, .box_w = 12, .box_h = 11, .ofs_x = 0, .ofs_y = 0},
    {.bitmap_index = 2073, .adv_w = 196, .box_w = 12, .box_h = 12, .ofs_x = 0, .ofs_y = 0},
    {.bitmap_index = 2104, .adv_w = 141, .box_w = 8, .box_h = 14, .ofs_x = 0, .ofs_y = -6},
    {.bitmap_index = 2128, .adv_w = 141, .box_w = 8, .box_h = 18, .ofs_x = 0, .ofs_y = -6},
    {.bitmap_index = 2159, .adv_w = 64, .box_w = 6, .box_h = 2, .ofs_x = -1, .ofs_y = 0},
    {.bitmap_index = 2162, .adv_w = 264, .box_w = 16, .box_h = 12, .ofs_x = 0, .ofs_y = 0},
    {.bitmap_index = 2194, .adv_w = 221, .box_w = 13, .box_h = 17, .ofs_x = 0, .ofs_y = -5},
    {.bitmap_index = 2237, .adv_w = 201, .box_w = 12, .box_h = 11, .ofs_x = 0, .ofs_y = 0},
    {.bitmap_index = 2260, .adv_w = 170, .box_w = 10, .box_h = 16, .ofs_x = 0, .ofs_y = -5},
    {.bitmap_index = 2282, .adv_w = 160, .box_w = 9, .box_h = 14, .ofs_x = 0, .ofs_y = -6},
    {.bitmap_index = 2305, .adv_w = 170, .box_w = 10, .box_h = 15, .ofs_x = 0, .ofs_y = -5},
    {.bitmap_index = 2333, .adv_w = 150, .box_w = 9, .box_h = 8, .ofs_x = 0, .ofs_y = 0},
    {.bitmap_index = 2347, .adv_w = 140, .box_w = 8, .box_h = 12, .ofs_x = 0, .ofs_y = -4},
    {.bitmap_index = 2370, .adv_w = 229, .box_w = 14, .box_h = 13, .ofs_x = 0, .ofs_y = -5},
    {.bitmap_index = 2410, .adv_w = 229, .box_w = 14, .box_h = 16, .ofs_x = 0, .ofs_y = -8},
    {.bitmap_index = 2456, .adv_w = 0, .box_w = 4, .box_h = 2, .ofs_x = 0, .ofs_y = 8},
    {.bitmap_index = 2458, .adv_w = 0, .box_w = 5, .box_h = 3, .ofs_x = 0, .ofs_y = 8},
    {.bitmap_index = 2463, .adv_w = 0, .box_w = 4, .box_h = 2, .ofs_x = 0, .ofs_y = -1},
    {.bitmap_index = 2465, .adv_w = 0, .box_w = 4, .box_h = 1, .ofs_x = 0, .ofs_y = 8},
    {.bitmap_index = 2467, .adv_w = 0, .box_w = 4, .box_h = 3, .ofs_x = 0, .ofs_y = 8},
    {.bitmap_index = 2471, .adv_w = 0, .box_w = 4, .box_h = 1, .ofs_x = 0, .ofs_y = 0},
    {.bitmap_index = 2473, .adv_w = 0, .box_w = 5, .box_h = 3, .ofs_x = -1, .ofs_y = 7},
    {.bitmap_index = 2478, .adv_w = 0, .box_w = 3, .box_h = 3, .ofs_x = 0, .ofs_y = 7},
    {.bitmap_index = 2481, .adv_w = 0, .box_w = 5, .box_h = 3, .ofs_x = 0, .ofs_y = 8},
    {.bitmap_index = 2485, .adv_w = 0, .box_w = 4, .box_h = 3, .ofs_x = 0, .ofs_y = 8},
    {.bitmap_index = 2488, .adv_w = 0, .box_w = 4, .box_h = 3, .ofs_x = 0, .ofs_y = -2},
    {.bitmap_index = 2491, .adv_w = 0, .box_w = 1, .box_h = 3, .ofs_x = 0, .ofs_y = 8},
    {.bitmap_index = 2492, .adv_w = 0, .box_w = 4, .box_h = 3, .ofs_x = 0, .ofs_y = 6},
    {.bitmap_index = 2496, .adv_w = 64, .box_w = 2, .box_h = 2, .ofs_x = 1, .ofs_y = 4},
    {.bitmap_index = 2498, .adv_w = 79, .box_w = 3, .box_h = 11, .ofs_x = 1, .ofs_y = 0},
    {.bitmap_index = 2502, .adv_w = 135, .box_w = 7, .box_h = 11, .ofs_x = 1, .ofs_y = 0},
    {.bitmap_index = 2509, .adv_w = 173, .box_w = 9, .box_h = 11, .ofs_x = 1, .ofs_y = 0},
    {.bitmap_index = 2524, .adv_w = 120, .box_w = 7, .box_h = 11, .ofs_x = 0, .ofs_y = 0},
    {.bitmap_index = 2543, .adv_w = 174, .box_w = 9, .box_h = 11, .ofs_x = 1, .ofs_y = 0},
    {.bitmap_index = 2566, .adv_w = 123, .box_w = 6, .box_h = 11, .ofs_x = 0, .ofs_y = 0},
    {.bitmap_index = 2573, .adv_w = 160, .box_w = 10, .box_h = 11, .ofs_x = 0, .ofs_y = 0},
    {.bitmap_index = 2599, .adv_w = 160, .box_w = 10, .box_h = 11, .ofs_x = 0, .ofs_y = 0},
    {.bitmap_index = 2625, .adv_w = 133, .box_w = 7, .box_h = 11, .ofs_x = 0, .ofs_y = 0},
    {.bitmap_index = 2642, .adv_w = 143, .box_w = 7, .box_h = 12, .ofs_x = 1, .ofs_y = 0},
    {.bitmap_index = 2663, .adv_w = 58, .box_w = 3, .box_h = 4, .ofs_x = 0, .ofs_y = -2},
    {.bitmap_index = 2666, .adv_w = 49, .box_w = 3, .box_h = 3, .ofs_x = 0, .ofs_y = -2},
    {.bitmap_index = 2669, .adv_w = 108, .box_w = 6, .box_h = 7, .ofs_x = 0, .ofs_y = 5},
    {.bitmap_index = 2680, .adv_w = 202, .box_w = 12, .box_h = 8, .ofs_x = 0, .ofs_y = 0},
    {.bitmap_index = 2697, .adv_w = 221, .box_w = 13, .box_h = 13, .ofs_x = 0, .ofs_y = -5},
    {.bitmap_index = 2731, .adv_w = 0, .box_w = 1, .box_h = 3, .ofs_x = 0, .ofs_y = 8},
    {.bitmap_index = 2732, .adv_w = 69, .box_w = 5, .box_h = 15, .ofs_x = 0, .ofs_y = 0},
    {.bitmap_index = 2741, .adv_w = 202, .box_w = 12, .box_h = 11, .ofs_x = 0, .ofs_y = 0},
    {.bitmap_index = 2766, .adv_w = 202, .box_w = 12, .box_h = 14, .ofs_x = 0, .ofs_y = -6},
    {.bitmap_index = 2797, .adv_w = 148, .box_w = 9, .box_h = 14, .ofs_x = 0, .ofs_y = -6},
    {.bitmap_index = 2823, .adv_w = 124, .box_w = 7, .box_h = 13, .ofs_x = 0, .ofs_y = 0},
    {.bitmap_index = 2843, .adv_w = 67, .box_w = 6, .box_h = 17, .ofs_x = -1, .ofs_y = -5},
    {.bitmap_index = 2860, .adv_w = 67, .box_w = 6, .box_h = 18, .ofs_x = -1, .ofs_y = -4},
    {.bitmap_index = 2878, .adv_w = 264, .box_w = 16, .box_h = 8, .ofs_x = 0, .ofs_y = 0},
    {.bitmap_index = 2902, .adv_w = 264, .box_w = 16, .box_h = 14, .ofs_x = 0, .ofs_y = 0},
    {.bitmap_index = 2942, .adv_w = 201, .box_w = 12, .box_h = 12, .ofs_x = 0, .ofs_y = 0},
    {.bitmap_index = 2970, .adv_w = 201, .box_w = 12, .box_h = 13, .ofs_x = 0, .ofs_y = 0},
    {.bitmap_index = 3001, .adv_w = 170, .box_w = 10, .box_h = 13, .ofs_x = 0, .ofs_y = -5},
    {.bitmap_index = 3024, .adv_w = 201, .box_w = 12, .box_h = 9, .ofs_x = 0, .ofs_y = 0},
    {.bitmap_index = 3050, .adv_w = 150, .box_w = 9, .box_h = 8, .ofs_x = 0, .ofs_y = 0},
    {.bitmap_index = 3064, .adv_w = 150, .box_w = 9, .box_h = 12, .ofs_x = 0, .ofs_y = 0},
    {.bitmap_index = 3085, .adv_w = 150, .box_w = 9, .box_h = 12, .ofs_x = 0, .ofs_y = 0},
    {.bitmap_index = 3107, .adv_w = 229, .box_w = 14, .box_h = 13, .ofs_x = 0, .ofs_y = -5},
    {.bitmap_index = 3147, .adv_w = 186, .box_w = 11, .box_h = 10, .ofs_x = 0, .ofs_y = -4},
    {.bitmap_index = 3168, .adv_w = 186, .box_w = 11, .box_h = 10, .ofs_x = 0, .ofs_y = -4},
    {.bitmap_index = 3192, .adv_w = 94, .box_w = 4, .box_h = 2, .ofs_x = 1, .ofs_y = 0},
    {.bitmap_index = 3194, .adv_w = 64, .box_w = 2, .box_h = 2, .ofs_x = 1, .ofs_y = 4},
    {.bitmap_index = 3196, .adv_w = 79, .box_w = 3, .box_h = 11, .ofs_x = 1, .ofs_y = 0},
    {.bitmap_index = 3200, .adv_w = 135, .box_w = 7, .box_h = 11, .ofs_x = 1, .ofs_y = 0},
    {.bitmap_index = 3207, .adv_w = 173, .box_w = 9, .box_h = 11, .ofs_x = 1, .ofs_y = 0},
    {.bitmap_index = 3222, .adv_w = 170, .box_w = 9, .box_h = 11, .ofs_x = 1, .ofs_y = 0},
    {.bitmap_index = 3240, .adv_w = 140, .box_w = 7, .box_h = 11, .ofs_x = 1, .ofs_y = 0},
    {.bitmap_index = 3260, .adv_w = 122, .box_w = 6, .box_h = 11, .ofs_x = 1, .ofs_y = 0},
    {.bitmap_index = 3276, .adv_w = 160, .box_w = 10, .box_h = 11, .ofs_x = 0, .ofs_y = 0},
    {.bitmap_index = 3302, .adv_w = 160, .box_w = 10, .box_h = 11, .ofs_x = 0, .ofs_y = 0},
    {.bitmap_index = 3328, .adv_w = 133, .box_w = 7, .box_h = 11, .ofs_x = 0, .ofs_y = 0},
    {.bitmap_index = 3345, .adv_w = 76, .box_w = 6, .box_h = 15, .ofs_x = 0, .ofs_y = 0},
    {.bitmap_index = 3356, .adv_w = 209, .box_w = 14, .box_h = 14, .ofs_x = 0, .ofs_y = -6},
    {.bitmap_index = 3391, .adv_w = 68, .box_w = 6, .box_h = 14, .ofs_x = -1, .ofs_y = -6},
    {.bitmap_index = 3405, .adv_w = 75, .box_w = 7, .box_h = 13, .ofs_x = -1, .ofs_y = -5},
    {.bitmap_index = 3419, .adv_w = 209, .box_w = 14, .box_h = 11, .ofs_x = 0, .ofs_y = 0},
    {.bitmap_index = 3449, .adv_w = 68, .box_w = 6, .box_h = 13, .ofs_x = -1, .ofs_y = 0},
    {.bitmap_index = 3463, .adv_w = 75, .box_w = 7, .box_h = 13, .ofs_x = -1, .ofs_y = 0},
    {.bitmap_index = 3478, .adv_w = 270, .box_w = 18, .box_h = 14, .ofs_x = 0, .ofs_y = 0},
    {.bitmap_index = 3520, .adv_w = 155, .box_w = 10, .box_h = 14, .ofs_x = -1, .ofs_y = 0},
    {.bitmap_index = 3546, .adv_w = 164, .box_w = 12, .box_h = 14, .ofs_x = -1, .ofs_y = 0},
    {.bitmap_index = 3575, .adv_w = 161, .box_w = 11, .box_h = 14, .ofs_x = 0, .ofs_y = -6},
    {.bitmap_index = 3604, .adv_w = 142, .box_w = 9, .box_h = 14, .ofs_x = -1, .ofs_y = -6},
    {.bitmap_index = 3628, .adv_w = 154, .box_w = 11, .box_h = 14, .ofs_x = -1, .ofs_y = -6},
    {.bitmap_index = 3654, .adv_w = 137, .box_w = 9, .box_h = 13, .ofs_x = 0, .ofs_y = 0},
    {.bitmap_index = 3677, .adv_w = 77, .box_w = 7, .box_h = 18, .ofs_x = -1, .ofs_y = -4},
    {.bitmap_index = 3698, .adv_w = 77, .box_w = 7, .box_h = 17, .ofs_x = -1, .ofs_y = -4},
    {.bitmap_index = 3719, .adv_w = 209, .box_w = 14, .box_h = 12, .ofs_x = 0, .ofs_y = 0},
    {.bitmap_index = 3752, .adv_w = 160, .box_w = 10, .box_h = 12, .ofs_x = -1, .ofs_y = 0},
    {.bitmap_index = 3776, .adv_w = 168, .box_w = 12, .box_h = 12, .ofs_x = -1, .ofs_y = 0},
    {.bitmap_index = 3803, .adv_w = 209, .box_w = 14, .box_h = 13, .ofs_x = 0, .ofs_y = 0},
    {.bitmap_index = 3839, .adv_w = 173, .box_w = 11, .box_h = 13, .ofs_x = -1, .ofs_y = 0},
    {.bitmap_index = 3865, .adv_w = 181, .box_w = 13, .box_h = 13, .ofs_x = -1, .ofs_y = 0},
    {.bitmap_index = 3896, .adv_w = 179, .box_w = 12, .box_h = 13, .ofs_x = 0, .ofs_y = -5},
    {.bitmap_index = 3925, .adv_w = 148, .box_w = 10, .box_h = 8, .ofs_x = 0, .ofs_y = 0},
    {.bitmap_index = 3936, .adv_w = 68, .box_w = 4, .box_h = 13, .ofs_x = -1, .ofs_y = -5},
    {.bitmap_index = 3946, .adv_w = 148, .box_w = 11, .box_h = 8, .ofs_x = -1, .ofs_y = -6},
    {.bitmap_index = 3965, .adv_w = 210, .box_w = 14, .box_h = 9, .ofs_x = 0, .ofs_y = 0},
    {.bitmap_index = 3995, .adv_w = 204, .box_w = 13, .box_h = 9, .ofs_x = -1, .ofs_y = 0},
    {.bitmap_index = 4023, .adv_w = 210, .box_w = 15, .box_h = 9, .ofs_x = -1, .ofs_y = 0},
    {.bitmap_index = 4054, .adv_w = 181, .box_w = 12, .box_h = 6, .ofs_x = 0, .ofs_y = -4},
    {.bitmap_index = 4069, .adv_w = 181, .box_w = 12, .box_h = 10, .ofs_x = 0, .ofs_y = -4},
    {.bitmap_index = 4092, .adv_w = 0, .box_w = 2, .box_h = 3, .ofs_x = 0, .ofs_y = 9},
    {.bitmap_index = 4094, .adv_w = 0, .box_w = 2, .box_h = 3, .ofs_x = 0, .ofs_y = -2},
    {.bitmap_index = 4096, .adv_w = 0, .box_w = 4, .box_h = 3, .ofs_x = 0, .ofs_y = 9},
    {.bitmap_index = 4099, .adv_w = 0, .box_w = 4, .box_h = 3, .ofs_x = 0, .ofs_y = -2},
    {.bitmap_index = 4102, .adv_w = 0, .box_w = 4, .box_h = 5, .ofs_x = 0, .ofs_y = 9},
    {.bitmap_index = 4107, .adv_w = 0, .box_w = 4, .box_h = 5, .ofs_x = 0, .ofs_y = -4},
    {.bitmap_index = 4112, .adv_w = 0, .box_w = 4, .box_h = 5, .ofs_x = 0, .ofs_y = 6},
    {.bitmap_index = 4117, .adv_w = 0, .box_w = 4, .box_h = 5, .ofs_x = 0, .ofs_y = -5},
    {.bitmap_index = 4122, .adv_w = 0, .box_w = 2, .box_h = 5, .ofs_x = 0, .ofs_y = 9},
    {.bitmap_index = 4125, .adv_w = 0, .box_w = 2, .box_h = 5, .ofs_x = 0, .ofs_y = -4},
    {.bitmap_index = 4128, .adv_w = 68, .box_w = 4, .box_h = 8, .ofs_x = -1, .ofs_y = 0},
    {.bitmap_index = 4133, .adv_w = 75, .box_w = 7, .box_h = 8, .ofs_x = -1, .ofs_y = 0},
    {.bitmap_index = 4139, .adv_w = 226, .box_w = 15, .box_h = 8, .ofs_x = 0, .ofs_y = -5},
    {.bitmap_index = 4162, .adv_w = 68, .box_w = 6, .box_h = 12, .ofs_x = -1, .ofs_y = -4},
    {.bitmap_index = 4173, .adv_w = 75, .box_w = 7, .box_h = 12, .ofs_x = -1, .ofs_y = -4},
    {.bitmap_index = 4185, .adv_w = 261, .box_w = 16, .box_h = 16, .ofs_x = 0, .ofs_y = -5},
    {.bitmap_index = 4218, .adv_w = 261, .box_w = 16, .box_h = 19, .ofs_x = 0, .ofs_y = -8},
    {.bitmap_index = 4258, .adv_w = 152, .box_w = 11, .box_h = 16, .ofs_x = -1, .ofs_y = -4},
    {.bitmap_index = 4291, .adv_w = 152, .box_w = 11, .box_h = 16, .ofs_x = -1, .ofs_y = -4},
    {.bitmap_index = 4325, .adv_w = 254, .box_w = 17, .box_h = 17, .ofs_x = 0, .ofs_y = -5},
    {.bitmap_index = 4378, .adv_w = 284, .box_w = 19, .box_h = 17, .ofs_x = 0, .ofs_y = -5},
    {.bitmap_index = 4441, .adv_w = 284, .box_w = 19, .box_h = 20, .ofs_x = 0, .ofs_y = -8},
    {.bitmap_index = 4511, .adv_w = 152, .box_w = 11, .box_h = 12, .ofs_x = -1, .ofs_y = -4},
    {.bitmap_index = 4536, .adv_w = 152, .box_w = 11, .box_h = 16, .ofs_x = -1, .ofs_y = -4},
    {.bitmap_index = 4568, .adv_w = 254, .box_w = 17, .box_h = 15, .ofs_x = 0, .ofs_y = -5},
    {.bitmap_index = 4614, .adv_w = 284, .box_w = 19, .box_h = 13, .ofs_x = 0, .ofs_y = -5},
    {.bitmap_index = 4664, .adv_w = 284, .box_w = 19, .box_h = 16, .ofs_x = 0, .ofs_y = -8},
    {.bitmap_index = 4722, .adv_w = 152, .box_w = 11, .box_h = 16, .ofs_x = -1, .ofs_y = -4},
    {.bitmap_index = 4754, .adv_w = 152, .box_w = 11, .box_h = 16, .ofs_x = -1, .ofs_y = -4},
    {.bitmap_index = 4788, .adv_w = 254, .box_w = 17, .box_h = 17, .ofs_x = 0, .ofs_y = -5},
    {.bitmap_index = 4838, .adv_w = 284, .box_w = 19, .box_h = 17, .ofs_x = 0, .ofs_y = -5},
    {.bitmap_index = 4898, .adv_w = 284, .box_w = 19, .box_h = 20, .ofs_x = 0, .ofs_y = -8},
    {.bitmap_index = 4965, .adv_w = 152, .box_w = 11, .box_h = 18, .ofs_x = -1, .ofs_y = -4},
    {.bitmap_index = 5001, .adv_w = 152, .box_w = 11, .box_h = 18, .ofs_x = -1, .ofs_y = -4},
    {.bitmap_index = 5038, .adv_w = 254, .box_w = 17, .box_h = 19, .ofs_x = 0, .ofs_y = -5},
    {.bitmap_index = 5094, .adv_w = 284, .box_w = 19, .box_h = 19, .ofs_x = 0, .ofs_y = -5},
    {.bitmap_index = 5160, .adv_w = 284, .box_w = 19, .box_h = 22, .ofs_x = 0, .ofs_y = -8},
    {.bitmap_index = 5233, .adv_w = 269, .box_w = 18, .box_h = 16, .ofs_x = 0, .ofs_y = -5},
    {.bitmap_index = 5268, .adv_w = 269, .box_w = 18, .box_h = 19, .ofs_x = 0, .ofs_y = -8},
    {.bitmap_index = 5311, .adv_w = 152, .box_w = 11, .box_h = 16, .ofs_x = -1, .ofs_y = -4},
    {.bitmap_index = 5342, .adv_w = 152, .box_w = 11, .box_h = 16, .ofs_x = -1, .ofs_y = -4},
    {.bitmap_index = 5374, .adv_w = 254, .box_w = 17, .box_h = 17, .ofs_x = 0, .ofs_y = -5},
    {.bitmap_index = 5423, .adv_w = 284, .box_w = 19, .box_h = 16, .ofs_x = 0, .ofs_y = -5},
    {.bitmap_index = 5478, .adv_w = 284, .box_w = 19, .box_h = 19, .ofs_x = 0, .ofs_y = -8},
    {.bitmap_index = 5541, .adv_w = 152, .box_w = 11, .box_h = 12, .ofs_x = -1, .ofs_y = -4},
    {.bitmap_index = 5566, .adv_w = 152, .box_w = 11, .box_h = 16, .ofs_x = -1, .ofs_y = -4},
    {.bitmap_index = 5599, .adv_w = 254, .box_w = 17, .box_h = 15, .ofs_x = 0, .ofs_y = -5},
    {.bitmap_index = 5646, .adv_w = 284, .box_w = 19, .box_h = 13, .ofs_x = 0, .ofs_y = -5},
    {.bitmap_index = 5697, .adv_w = 413, .box_w = 25, .box_h = 13, .ofs_x = 0, .ofs_y = -5},
    {.bitmap_index = 5761, .adv_w = 413, .box_w = 25, .box_h = 15, .ofs_x = 0, .ofs_y = -7},
    {.bitmap_index = 5832, .adv_w = 413, .box_w = 25, .box_h = 19, .ofs_x = 0, .ofs_y = -5},
    {.bitmap_index = 5912, .adv_w = 413, .box_w = 25, .box_h = 21, .ofs_x = 0, .ofs_y = -7},
    {.bitmap_index = 6000, .adv_w = 407, .box_w = 25, .box_h = 13, .ofs_x = 0, .ofs_y = -5},
    {.bitmap_index = 6066, .adv_w = 407, .box_w = 25, .box_h = 15, .ofs_x = 0, .ofs_y = -7},
    {.bitmap_index = 6139, .adv_w = 407, .box_w = 25, .box_h = 16, .ofs_x = 0, .ofs_y = -5},
    {.bitmap_index = 6212, .adv_w = 407, .box_w = 25, .box_h = 18, .ofs_x = 0, .ofs_y = -7},
    {.bitmap_index = 6293, .adv_w = 284, .box_w = 18, .box_h = 18, .ofs_x = -1, .ofs_y = -4},
    {.bitmap_index = 6350, .adv_w = 284, .box_w = 18, .box_h = 12, .ofs_x = -1, .ofs_y = -4},
    {.bitmap_index = 6390, .adv_w = 278, .box_w = 18, .box_h = 12, .ofs_x = -1, .ofs_y = -4},
    {.bitmap_index = 6428, .adv_w = 278, .box_w = 18, .box_h = 15, .ofs_x = -1, .ofs_y = -4},
    {.bitmap_index = 6473, .adv_w = 422, .box_w = 27, .box_h = 13, .ofs_x = 0, .ofs_y = -5},
    {.bitmap_index = 6539, .adv_w = 422, .box_w = 27, .box_h = 15, .ofs_x = 0, .ofs_y = -7},
    {.bitmap_index = 6612, .adv_w = 422, .box_w = 27, .box_h = 19, .ofs_x = 0, .ofs_y = -5},
    {.bitmap_index = 6695, .adv_w = 422, .box_w = 27, .box_h = 21, .ofs_x = 0, .ofs_y = -7},
    {.bitmap_index = 6786, .adv_w = 415, .box_w = 27, .box_h = 13, .ofs_x = 0, .ofs_y = -5},
    {.bitmap_index = 6854, .adv_w = 415, .box_w = 27, .box_h = 15, .ofs_x = 0, .ofs_y = -7},
    {.bitmap_index = 6930, .adv_w = 415, .box_w = 27, .box_h = 16, .ofs_x = 0, .ofs_y = -5},
    {.bitmap_index = 7005, .adv_w = 415, .box_w = 27, .box_h = 18, .ofs_x = 0, .ofs_y = -7},
    {.bitmap_index = 7088, .adv_w = 293, .box_w = 20, .box_h = 18, .ofs_x = -1, .ofs_y = -4},
    {.bitmap_index = 7147, .adv_w = 293, .box_w = 20, .box_h = 12, .ofs_x = -1, .ofs_y = -4},
    {.bitmap_index = 7189, .adv_w = 286, .box_w = 20, .box_h = 12, .ofs_x = -1, .ofs_y = -4},
    {.bitmap_index = 7231, .adv_w = 286, .box_w = 20, .box_h = 15, .ofs_x = -1, .ofs_y = -4},
    {.bitmap_index = 7280, .adv_w = 63, .box_w = 4, .box_h = 14, .ofs_x = 0, .ofs_y = -2},
    {.bitmap_index = 7294, .adv_w = 63, .box_w = 4, .box_h = 14, .ofs_x = 0, .ofs_y = -2},
    {.bitmap_index = 7308, .adv_w = 339, .box_w = 20, .box_h = 11, .ofs_x = 0, .ofs_y = 0},
    {.bitmap_index = 7344, .adv_w = 76, .box_w = 6, .box_h = 14, .ofs_x = 0, .ofs_y = 0},
    {.bitmap_index = 7353, .adv_w = 76, .box_w = 6, .box_h = 15, .ofs_x = 0, .ofs_y = 0},
    {.bitmap_index = 7364, .adv_w = 148, .box_w = 10, .box_h = 16, .ofs_x = 0, .ofs_y = -4},
    {.bitmap_index = 7399, .adv_w = 76, .box_w = 6, .box_h = 15, .ofs_x = 0, .ofs_y = -4},
    {.bitmap_index = 7410, .adv_w = 226, .box_w = 15, .box_h = 12, .ofs_x = 0, .ofs_y = -5},
    {.bitmap_index = 7446, .adv_w = 68, .box_w = 5, .box_h = 12, .ofs_x = -1, .ofs_y = 0},
    {.bitmap_index = 7458, .adv_w = 75, .box_w = 7, .box_h = 12, .ofs_x = -1, .ofs_y = 0},
    {.bitmap_index = 7472, .adv_w = 76, .box_w = 5, .box_h = 11, .ofs_x = 1, .ofs_y = 0},
    {.bitmap_index = 7476, .adv_w = 209, .box_w = 14, .box_h = 12, .ofs_x = 0, .ofs_y = -4},
    {.bitmap_index = 7505, .adv_w = 68, .box_w = 4, .box_h = 12, .ofs_x = -1, .ofs_y = -4},
    {.bitmap_index = 7514, .adv_w = 75, .box_w = 7, .box_h = 12, .ofs_x = -1, .ofs_y = -4},
    {.bitmap_index = 7526, .adv_w = 148, .box_w = 10, .box_h = 12, .ofs_x = 0, .ofs_y = 0},
    {.bitmap_index = 7551, .adv_w = 209, .box_w = 14, .box_h = 10, .ofs_x = 0, .ofs_y = 0},
    {.bitmap_index = 7576, .adv_w = 68, .box_w = 6, .box_h = 12, .ofs_x = -1, .ofs_y = 0},
    {.bitmap_index = 7587, .adv_w = 75, .box_w = 7, .box_h = 12, .ofs_x = -1, .ofs_y = 0},
    {.bitmap_index = 7599, .adv_w = 209, .box_w = 14, .box_h = 11, .ofs_x = 0, .ofs_y = 0},
    {.bitmap_index = 7628, .adv_w = 68, .box_w = 6, .box_h = 14, .ofs_x = -1, .ofs_y = 0},
    {.bitmap_index = 7642, .adv_w = 75, .box_w = 7, .box_h = 14, .ofs_x = -1, .ofs_y = 0},
    {.bitmap_index = 7657, .adv_w = 161, .box_w = 11, .box_h = 14, .ofs_x = 0, .ofs_y = -6},
    {.bitmap_index = 7686, .adv_w = 142, .box_w = 9, .box_h = 12, .ofs_x = -1, .ofs_y = -4},
    {.bitmap_index = 7706, .adv_w = 154, .box_w = 11, .box_h = 12, .ofs_x = -1, .ofs_y = -4},
    {.bitmap_index = 7728, .adv_w = 161, .box_w = 11, .box_h = 14, .ofs_x = 0, .ofs_y = -6},
    {.bitmap_index = 7755, .adv_w = 142, .box_w = 9, .box_h = 8, .ofs_x = -1, .ofs_y = 0},
    {.bitmap_index = 7767, .adv_w = 154, .box_w = 11, .box_h = 8, .ofs_x = -1, .ofs_y = 0},
    {.bitmap_index = 7781, .adv_w = 161, .box_w = 11, .box_h = 17, .ofs_x = 0, .ofs_y = -6},
    {.bitmap_index = 7814, .adv_w = 142, .box_w = 9, .box_h = 11, .ofs_x = -1, .ofs_y = 0},
    {.bitmap_index = 7832, .adv_w = 154, .box_w = 11, .box_h = 11, .ofs_x = -1, .ofs_y = 0},
    {.bitmap_index = 7852, .adv_w = 137, .box_w = 9, .box_h = 8, .ofs_x = 0, .ofs_y = 0},
    {.bitmap_index = 7866, .adv_w = 137, .box_w = 9, .box_h = 12, .ofs_x = 0, .ofs_y = 0},
    {.bitmap_index = 7886, .adv_w = 77, .box_w = 7, .box_h = 12, .ofs_x = -1, .ofs_y = -4},
    {.bitmap_index = 7898, .adv_w = 77, .box_w = 7, .box_h = 16, .ofs_x = -1, .ofs_y = -4},
    {.bitmap_index = 7915, .adv_w = 319, .box_w = 21, .box_h = 13, .ofs_x = 0, .ofs_y = -5},
    {.bitmap_index = 7964, .adv_w = 212, .box_w = 14, .box_h = 8, .ofs_x = -1, .ofs_y = 0},
    {.bitmap_index = 7983, .adv_w = 220, .box_w = 16, .box_h = 8, .ofs_x = -1, .ofs_y = 0},
    {.bitmap_index = 8004, .adv_w = 319, .box_w = 21, .box_h = 19, .ofs_x = 0, .ofs_y = -5},
    {.bitmap_index = 8072, .adv_w = 212, .box_w = 14, .box_h = 14, .ofs_x = -1, .ofs_y = 0},
    {.bitmap_index = 8104, .adv_w = 220, .box_w = 16, .box_h = 14, .ofs_x = -1, .ofs_y = 0},
    {.bitmap_index = 8139, .adv_w = 313, .box_w = 20, .box_h = 13, .ofs_x = 0, .ofs_y = -5},
    {.bitmap_index = 8191, .adv_w = 210, .box_w = 13, .box_h = 8, .ofs_x = -1, .ofs_y = 0},
    {.bitmap_index = 8212, .adv_w = 218, .box_w = 15, .box_h = 8, .ofs_x = -1, .ofs_y = 0},
    {.bitmap_index = 8235, .adv_w = 313, .box_w = 20, .box_h = 17, .ofs_x = 0, .ofs_y = -5},
    {.bitmap_index = 8298, .adv_w = 210, .box_w = 13, .box_h = 12, .ofs_x = -1, .ofs_y = 0},
    {.bitmap_index = 8328, .adv_w = 218, .box_w = 15, .box_h = 12, .ofs_x = -1, .ofs_y = 0},
    {.bitmap_index = 8361, .adv_w = 204, .box_w = 14, .box_h = 11, .ofs_x = 0, .ofs_y = 0},
    {.bitmap_index = 8389, .adv_w = 190, .box_w = 12, .box_h = 11, .ofs_x = -1, .ofs_y = 0},
    {.bitmap_index = 8412, .adv_w = 192, .box_w = 14, .box_h = 11, .ofs_x = -1, .ofs_y = 0},
    {.bitmap_index = 8438, .adv_w = 204, .box_w = 14, .box_h = 12, .ofs_x = 0, .ofs_y = 0},
    {.bitmap_index = 8475, .adv_w = 190, .box_w = 12, .box_h = 12, .ofs_x = -1, .ofs_y = 0},
    {.bitmap_index = 8503, .adv_w = 192, .box_w = 14, .box_h = 12, .ofs_x = -1, .ofs_y = 0},
    {.bitmap_index = 8535, .adv_w = 162, .box_w = 11, .box_h = 14, .ofs_x = 0, .ofs_y = -6},
    {.bitmap_index = 8570, .adv_w = 152, .box_w = 10, .box_h = 8, .ofs_x = -1, .ofs_y = 0},
    {.bitmap_index = 8587, .adv_w = 163, .box_w = 12, .box_h = 8, .ofs_x = -1, .ofs_y = 0},
    {.bitmap_index = 8611, .adv_w = 162, .box_w = 11, .box_h = 18, .ofs_x = 0, .ofs_y = -6},
    {.bitmap_index = 8653, .adv_w = 152, .box_w = 10, .box_h = 12, .ofs_x = -1, .ofs_y = 0},
    {.bitmap_index = 8677, .adv_w = 163, .box_w = 12, .box_h = 12, .ofs_x = -1, .ofs_y = 0},
    {.bitmap_index = 8708, .adv_w = 270, .box_w = 18, .box_h = 12, .ofs_x = 0, .ofs_y = 0},
    {.bitmap_index = 8743, .adv_w = 155, .box_w = 10, .box_h = 12, .ofs_x = -1, .ofs_y = 0},
    {.bitmap_index = 8765, .adv_w = 164, .box_w = 12, .box_h = 12, .ofs_x = -1, .ofs_y = 0},
    {.bitmap_index = 8789, .adv_w = 229, .box_w = 15, .box_h = 17, .ofs_x = 0, .ofs_y = -5},
    {.bitmap_index = 8837, .adv_w = 155, .box_w = 10, .box_h = 12, .ofs_x = -1, .ofs_y = 0},
    {.bitmap_index = 8860, .adv_w = 164, .box_w = 12, .box_h = 12, .ofs_x = -1, .ofs_y = 0},
    {.bitmap_index = 8885, .adv_w = 209, .box_w = 14, .box_h = 11, .ofs_x = 0, .ofs_y = 0},
    {.bitmap_index = 8910, .adv_w = 160, .box_w = 10, .box_h = 12, .ofs_x = -1, .ofs_y = 0},
    {.bitmap_index = 8934, .adv_w = 168, .box_w = 12, .box_h = 12, .ofs_x = -1, .ofs_y = 0},
    {.bitmap_index = 8961, .adv_w = 179, .box_w = 12, .box_h = 16, .ofs_x = 0, .ofs_y = -5},
    {.bitmap_index = 8988, .adv_w = 70, .box_w = 5, .box_h = 11, .ofs_x = -1, .ofs_y = 0},
    {.bitmap_index = 8994, .adv_w = 79, .box_w = 7, .box_h = 11, .ofs_x = -1, .ofs_y = 0},
    {.bitmap_index = 9001, .adv_w = 169, .box_w = 11, .box_h = 14, .ofs_x = 0, .ofs_y = -6},
    {.bitmap_index = 9026, .adv_w = 164, .box_w = 11, .box_h = 8, .ofs_x = -1, .ofs_y = 0},
    {.bitmap_index = 9044, .adv_w = 173, .box_w = 13, .box_h = 8, .ofs_x = -1, .ofs_y = 0},
    {.bitmap_index = 9063, .adv_w = 179, .box_w = 12, .box_h = 15, .ofs_x = 0, .ofs_y = -5},
    {.bitmap_index = 9097, .adv_w = 68, .box_w = 4, .box_h = 12, .ofs_x = -1, .ofs_y = 0},
    {.bitmap_index = 9106, .adv_w = 75, .box_w = 7, .box_h = 12, .ofs_x = -1, .ofs_y = 0},
    {.bitmap_index = 9117, .adv_w = 148, .box_w = 10, .box_h = 8, .ofs_x = 0, .ofs_y = 0},
    {.bitmap_index = 9134, .adv_w = 204, .box_w = 13, .box_h = 9, .ofs_x = -1, .ofs_y = 0},
    {.bitmap_index = 9162, .adv_w = 169, .box_w = 12, .box_h = 13, .ofs_x = -1, .ofs_y = -5},
    {.bitmap_index = 9191, .adv_w = 148, .box_w = 10, .box_h = 12, .ofs_x = 0, .ofs_y = -4},
    {.bitmap_index = 9218, .adv_w = 226, .box_w = 15, .box_h = 8, .ofs_x = 0, .ofs_y = -5},
    {.bitmap_index = 9241, .adv_w = 226, .box_w = 15, .box_h = 11, .ofs_x = 0, .ofs_y = -8},
    {.bitmap_index = 9270, .adv_w = 68, .box_w = 6, .box_h = 12, .ofs_x = -1, .ofs_y = -4},
    {.bitmap_index = 9281, .adv_w = 75, .box_w = 7, .box_h = 12, .ofs_x = -1, .ofs_y = -4},
    {.bitmap_index = 9293, .adv_w = 165, .box_w = 10, .box_h = 12, .ofs_x = 0, .ofs_y = 0},
    {.bitmap_index = 9309, .adv_w = 172, .box_w = 12, .box_h = 12, .ofs_x = 0, .ofs_y = 0},
    {.bitmap_index = 9328, .adv_w = 165, .box_w = 10, .box_h = 13, .ofs_x = 0, .ofs_y = 0},
    {.bitmap_index = 9346, .adv_w = 172, .box_w = 12, .box_h = 13, .ofs_x = 0, .ofs_y = 0},
    {.bitmap_index = 9367, .adv_w = 165, .box_w = 10, .box_h = 15, .ofs_x = 0, .ofs_y = -4},
    {.bitmap_index = 9388, .adv_w = 172, .box_w = 12, .box_h = 15, .ofs_x = 0, .ofs_y = -4},
    {.bitmap_index = 9412, .adv_w = 165, .box_w = 10, .box_h = 11, .ofs_x = 0, .ofs_y = 0},
    {.bitmap_index = 9424, .adv_w = 172, .box_w = 12, .box_h = 11, .ofs_x = 0, .ofs_y = 0}
};

/*---------------------
 *  CHARACTER MAPPING
 *--------------------*/

static const uint16_t unicode_list_1[] = {
    0x0, 0x1, 0x9, 0xf, 0x13
};

static const uint16_t unicode_list_6[] = {
    0x0, 0x5, 0xd, 0xf, 0x18, 0x1f, 0x28, 0x2b,
    0x30, 0x36, 0x41, 0x45, 0x48, 0x49, 0x4a, 0x53,
    0x59, 0x5a, 0x5b, 0x77, 0x78, 0x79, 0x7a, 0x7b,
    0x7c, 0x7d, 0x7e, 0x7f, 0x80, 0xf4d8, 0xf4de, 0xf4df,
    0xf4e0, 0xf4ee, 0xf4ef, 0xf4f0, 0xf4f2, 0xf4f3, 0xf4f4, 0xf502,
    0xf503, 0xf504, 0xf510, 0xf512, 0xf514, 0xf516, 0xf517, 0xf518,
    0xf51a, 0xf51b, 0xf51c, 0xf526, 0xf52e, 0xf52f, 0xf530, 0xf532,
    0xf533, 0xf534, 0xf536, 0xf538, 0xf539, 0xf53a, 0xf53b, 0xf53c,
    0xf53d, 0xf53e, 0xf53f, 0xf540, 0xf544, 0xf545, 0xf56f, 0xf570,
    0xf584, 0xf585, 0xf586, 0xf5ca, 0xf5cb, 0xf5eb, 0xf5ec, 0xf5ee,
    0xf5ef, 0xf5f0, 0xf5f1, 0xf5f2, 0xf5f4, 0xf5f5, 0xf5f6, 0xf5f7,
    0xf5f8, 0xf5fa, 0xf5fb, 0xf5fc, 0xf5fd, 0xf5fe, 0xf600, 0xf601,
    0xf602, 0xf60d, 0xf60e, 0xf611, 0xf612, 0xf614, 0xf615, 0xf616,
    0xf618, 0xf619, 0xf61b, 0xf61d, 0xf682, 0xf683, 0xf684, 0xf685,
    0xf68c, 0xf68d, 0xf68e, 0xf68f, 0xf694, 0xf695, 0xf696, 0xf697,
    0xf69e, 0xf69f, 0xf6a0, 0xf6a1, 0xf6a8, 0xf6a9, 0xf6aa, 0xf6ab,
    0xf6b0, 0xf6b1, 0xf6b2, 0xf6b3, 0xf6c5, 0xf6c6, 0xf779
};

static const uint8_t glyph_id_ofs_list_7[] = {
    0, 0, 1, 0, 2, 0, 3, 0,
    4, 5, 6, 0, 7, 0, 8, 9,
    10, 0, 11, 0, 12, 13, 14, 0,
    15, 16, 17, 0, 18, 19, 20, 0,
    21, 22, 23, 0, 24, 25, 26, 0,
    27, 0, 28, 0, 29, 0, 30, 0,
    31, 32, 33, 0, 34, 35, 36, 0,
    37, 38, 39, 0, 40, 41, 42, 0,
    43, 44, 45, 0, 46, 47, 48, 0,
    49, 50, 51, 0, 52, 53, 54, 0,
    55, 56, 57, 0, 58, 59, 60, 0,
    61, 62, 63, 0, 64, 65, 66, 0,
    67, 68, 69, 0, 70, 71, 72, 0,
    73, 74, 75, 0, 76, 0, 77, 0,
    78, 79, 80, 81, 82, 83, 84, 85,
    86, 87, 88
};

/*Collect the unicode lists and glyph_id offsets*/
static const lv_font_fmt_txt_cmap_t cmaps[] =
{
    {
        .range_start = 32, .range_length = 95, .glyph_id_start = 1,
        .unicode_list = NULL, .glyph_id_ofs_list = NULL, .list_length = 0, .type = LV_FONT_FMT_TXT_CMAP_FORMAT0_TINY
    },
    {
        .range_start = 1548, .range_length = 20, .glyph_id_start = 96,
        .unicode_list = unicode_list_1, .glyph_id_ofs_list = NULL, .list_length = 5, .type = LV_FONT_FMT_TXT_CMAP_SPARSE_TINY
    },
    {
        .range_start = 1569, .range_length = 26, .glyph_id_start = 101,
        .unicode_list = NULL, .glyph_id_ofs_list = NULL, .list_length = 0, .type = LV_FONT_FMT_TXT_CMAP_FORMAT0_TINY
    },
    {
        .range_start = 1600, .range_length = 23, .glyph_id_start = 127,
        .unicode_list = NULL, .glyph_id_ofs_list = NULL, .list_length = 0, .type = LV_FONT_FMT_TXT_CMAP_FORMAT0_TINY
    },
    {
        .range_start = 1624, .range_length = 1, .glyph_id_start = 150,
        .unicode_list = NULL, .glyph_id_ofs_list = NULL, .list_length = 0, .type = LV_FONT_FMT_TXT_CMAP_FORMAT0_TINY
    },
    {
        .range_start = 1632, .range_length = 18, .glyph_id_start = 151,
        .unicode_list = NULL, .glyph_id_ofs_list = NULL, .list_length = 0, .type = LV_FONT_FMT_TXT_CMAP_FORMAT0_TINY
    },
    {
        .range_start = 1657, .range_length = 63354, .glyph_id_start = 169,
        .unicode_list = unicode_list_6, .glyph_id_ofs_list = NULL, .list_length = 135, .type = LV_FONT_FMT_TXT_CMAP_SPARSE_TINY
    },
    {
        .range_start = 65154, .range_length = 123, .glyph_id_start = 304,
        .unicode_list = NULL, .glyph_id_ofs_list = glyph_id_ofs_list_7, .list_length = 123, .type = LV_FONT_FMT_TXT_CMAP_FORMAT0_FULL
    }
};



/*--------------------
 *  ALL CUSTOM DATA
 *--------------------*/

#if LVGL_VERSION_MAJOR == 8
/*Store all the custom data of the font*/
static  lv_font_fmt_txt_glyph_cache_t cache;
#endif

#if LVGL_VERSION_MAJOR >= 8
static const lv_font_fmt_txt_dsc_t font_dsc = {
#else
static lv_font_fmt_txt_dsc_t font_dsc = {
#endif
    .glyph_bitmap = glyph_bitmap,
    .glyph_dsc = glyph_dsc,
    .cmaps = cmaps,
    .kern_dsc = NULL,
    .kern_scale = 0,
    .cmap_num = 8,
    .bpp = 2,
    .kern_classes = 0,
    .bitmap_format = 1,
#if LVGL_VERSION_MAJOR == 8
    .cache = &cache
#endif
};



/*-----------------
 *  PUBLIC FONT
 *----------------*/

/*Initialize a public general font descriptor*/
#if LVGL_VERSION_MAJOR >= 8
const lv_font_t translator_cairo_16 = {
#else
lv_font_t translator_cairo_16 = {
#endif
    .get_glyph_dsc = lv_font_get_glyph_dsc_fmt_txt,    /*Function pointer to get glyph's data*/
    .get_glyph_bitmap = lv_font_get_bitmap_fmt_txt,    /*Function pointer to get glyph's bitmap*/
    .line_height = 23,          /*The maximum line height required by the font*/
    .base_line = 8,             /*Baseline measured from the bottom of the line*/
#if !(LVGL_VERSION_MAJOR == 6 && LVGL_VERSION_MINOR == 0)
    .subpx = LV_FONT_SUBPX_NONE,
#endif
#if LV_VERSION_CHECK(7, 4, 0) || LVGL_VERSION_MAJOR >= 8
    .underline_position = -2,
    .underline_thickness = 1,
#endif
    .dsc = &font_dsc,          /*The custom font data. Will be accessed by `get_glyph_bitmap/dsc` */
#if LV_VERSION_CHECK(8, 2, 0) || LVGL_VERSION_MAJOR >= 9
    .fallback = NULL,
#endif
    .user_data = NULL,
};



#endif /*#if TRANSLATOR_CAIRO_16*/
